id,experiment,condition,winner,winner_conditions,winner_negative_mention_heuristic,manual_winner_said_not_to_match,manual_verdict_evidence_mismatch,raw_response
exp1_f003_L0,1,L0,R2,a1=v3 AND a3=v2 AND a2=v3 AND a6=v3,True,,,"Let's analyze the rules against the query:

*   **R1:** a5=v3 AND a2=v1 AND a6=v3 - Does not match (a5=v1, a2=v3, a6=v3)
*   **R2:** a1=v3 AND a3=v2 AND a2=v3 AND a6=v3 - Does not match (a1=v3, a3=v2, a2=v3, a6=v3)
*   **R3:** a4=v2 AND a3=v1 AND a6=v3 AND a5=v1 - Does not match (a4=v3, a3=v2, a6=v3, a5=v1)
*   **R4:** a5=v2 AND a2=v1 - Does not match (a5=v1, a2=v3)
*   **R5:** a2=v1 AND a6=v1 AND a1=v3 AND a5=v1 - Does not match (a2=v3, a6=v3, a1=v3, a5=v1)
*   **R6:** a6=v1 AND a1=v1 AND a2=v3 - Does not match (a6=v3, a1=v3, a2=v3)
*   **R7:** a3=v1 AND a6=v1 AND a2=v3 - Does not match (a3=v2, a6=v3, a2=v3)
*   **R8:** a5=v3 AND a1=v1 AND a6=v3 - Does not match (a5=v1, a1=v3, a6=v3)
*   **R9:** a5=v2 AND a3=v1 AND a4=v3 - Does not match (a5=v1, a3=v2, a4=v3)
*   **R10:** a3=v1 AND a5=v3 AND a4=v3 AND a1=v3 - Does not match (a3=v2, a5=v1, a4=v3, a1=v3)

None of the rules match the query.

ANSWER: None"
exp1_f003_L1,1,L1,R2,a1=v3 AND a3=v2 AND a2=v3 AND a6=v3,True,,,"Let's analyze the rules against the query:

*   **R1:** a5=v3 AND a2=v1 AND a6=v3 - Does not match (a5=v1, a2=v3, a6=v3)
*   **R2:** a1=v3 AND a3=v2 AND a2=v3 AND a6=v3 - Does not match (a1=v3, a3=v2, a2=v3, a6=v3)
*   **R3:** a4=v2 AND a3=v1 AND a6=v3 AND a5=v1 - Does not match (a4=v3, a3=v2, a6=v3, a5=v1)
*   **R4:** a5=v2 AND a2=v1 - Does not match (a5=v1, a2=v3)
*   **R5:** a2=v1 AND a6=v1 AND a1=v3 AND a5=v1 - Does not match (a2=v3, a6=v3, a1=v3, a5=v1)
*   **R6:** a6=v1 AND a1=v1 AND a2=v3 - Does not match (a6=v3, a1=v3, a2=v3)
*   **R7:** a3=v1 AND a6=v1 AND a2=v3 - Does not match (a3=v2, a6=v3, a2=v3)
*   **R8:** a5=v3 AND a1=v1 AND a6=v3 - Does not match (a5=v1, a1=v3, a6=v3)
*   **R9:** a1=v3 AND a2=v3 AND a6=v3 - Does not match (a1=v3, a2=v3, a6=v3)
*   **R10:** a3=v1 AND a5=v3 AND a4=v3 AND a1=v3 - Does not match (a3=v2, a5=v1, a4=v3, a1=v3)

None of the rules match the query.

ANSWER: None"
exp1_f003_L2,1,L2,R2,a1=v3 AND a3=v2 AND a2=v3 AND a6=v3,True,,,"Let's analyze the rules against the query:

*   **R1:** a5=v3 AND a2=v1 AND a6=v3 - Does not match (a5=v1, a2=v3, a6=v3)
*   **R2:** a1=v3 AND a3=v2 AND a2=v3 AND a6=v3 - Does not match (a1=v3, a3=v2, a2=v3, a6=v3)
*   **R3:** a4=v2 AND a3=v1 AND a6=v3 AND a5=v1 - Does not match (a4=v3, a3=v2, a6=v3, a5=v1)
*   **R4:** a5=v2 AND a2=v1 - Does not match (a5=v1, a2=v3)
*   **R5:** a2=v1 AND a6=v1 AND a1=v3 AND a5=v1 - Does not match (a2=v3, a6=v3, a1=v3, a5=v1)
*   **R6:** a6=v1 AND a1=v1 AND a2=v3 - Does not match (a6=v3, a1=v3, a2=v3)
*   **R7:** a1=v3 AND a3=v2 AND a2=v3 - Does not match (a1=v3, a3=v2, a2=v3)
*   **R8:** a5=v3 AND a1=v1 AND a6=v3 - Does not match (a5=v1, a1=v3, a6=v3)
*   **R9:** a1=v3 AND a2=v3 AND a6=v3 - Does not match (a1=v3, a2=v3, a6=v3)
*   **R10:** a3=v1 AND a5=v3 AND a4=v3 AND a1=v3 - Does not match (a3=v2, a5=v1, a4=v3, a1=v3)

None of the rules match the query.

ANSWER: None"
exp1_f004_L0,1,L0,R8,a4=v2 AND a2=v3 AND a1=v3 AND a6=v2,True,,,"Let's analyze the rules based on the given query:

*   **R1:** a3=v2 AND a4=v3.  This doesn't match because a3=v3 and a4=v2.
*   **R2:** a4=v1 AND a6=v1 AND a1=v3. This doesn't match because a4=v2, a6=v2 and a1=v3.
*   **R3:** a4=v1 AND a3=v1 AND a1=v3. This doesn't match because a4=v2, a3=v3 and a1=v3.
*   **R4:** a4=v1 AND a1=v2 AND a2=v3 AND a6=v2. This doesn't match because a4=v2, a1=v3, a2=v3 and a6=v2.
*   **R5:** a2=v2 AND a6=v1 AND a4=v2 AND a5=v1. This doesn't match because a2=v3, a6=v2, a4=v2 and a5=v1.
*   **R6:** a4=v1 AND a5=v2 AND a1=v3 AND a6=v2. This doesn't match because a4=v2, a5=v1, a1=v3 and a6=v2.
*   **R7:** a6=v1 AND a5=v2 AND a4=v2. This doesn't match because a6=v2, a5=v1 and a4=v2.
*   **R8:** a4=v2 AND a2=v3 AND a1=v3 AND a6=v2. This doesn't match because a4=v2, a2=v3, a1=v3 and a6=v2.
*   **R9:** a2=v1 AND a5=v3 AND a4=v2. This doesn't match because a2=v3, a5=v1 and a4=v2.
*   **R10:** a2=v1 AND a3=v1 AND a4=v2. This doesn't match because a2=v3, a3=v3 and a4=v2.

None of the rules match the query.

ANSWER: None
"
exp1_f004_L1,1,L1,R8,a4=v2 AND a2=v3 AND a1=v3 AND a6=v2,True,,,"Let's analyze the rules against the query:

*   **R1:** a3=v2 AND a4=v3.  This fails because a3=v3 and a4=v2.
*   **R2:** a2=v3 AND a1=v3 AND a6=v2. This fails because a1=v3, a2=v3, but a6=v2.
*   **R3:** a4=v1 AND a3=v1 AND a1=v3. This fails because a4=v2, a3=v3, and a1=v3.
*   **R4:** a4=v1 AND a1=v2 AND a2=v3 AND a6=v2. This fails because a4=v2, a1=v3, a2=v3, and a6=v2.
*   **R5:** a2=v2 AND a6=v1 AND a4=v2 AND a5=v1. This fails because a2=v3, a6=v2, a4=v2, and a5=v1.
*   **R6:** a4=v1 AND a5=v2 AND a1=v3 AND a6=v2. This fails because a4=v2, a5=v1, a1=v3, and a6=v2.
*   **R7:** a6=v1 AND a5=v2 AND a4=v2. This fails because a6=v2, a5=v1, and a4=v2.
*   **R8:** a4=v2 AND a2=v3 AND a1=v3 AND a6=v2. This fails because a4=v2, a2=v3, a1=v3, and a6=v2.
*   **R9:** a2=v1 AND a5=v3 AND a4=v2. This fails because a2=v3, a5=v1, and a4=v2.
*   **R10:** a2=v1 AND a3=v1 AND a4=v2. This fails because a2=v3, a3=v3, and a4=v2.

None of the rules apply.

ANSWER: None"
exp1_f004_L2,1,L2,R8,a4=v2 AND a2=v3 AND a1=v3 AND a6=v2,True,,,"Let's analyze the rules against the query:

*   **R1:** a3=v2 AND a4=v3.  This fails because a3=v3 and a4=v2.
*   **R2:** a2=v3 AND a1=v3 AND a6=v2. This fails because a1=v3 and a2=v3, but a3=v3 and a6=v2.
*   **R3:** a4=v2 AND a2=v3 AND a6=v2. This fails because a4=v2, a2=v3, and a6=v2, but a3=v3.
*   **R4:** a4=v1 AND a1=v2 AND a2=v3 AND a6=v2. This fails because a4=v2, a1=v3, a2=v3, and a6=v2.
*   **R5:** a2=v2 AND a6=v1 AND a4=v2 AND a5=v1. This fails because a2=v3, a6=v2, a4=v2, and a5=v1.
*   **R6:** a4=v1 AND a5=v2 AND a1=v3 AND a6=v2. This fails because a4=v2, a5=v1, a1=v3, and a6=v2.
*   **R7:** a6=v1 AND a5=v2 AND a4=v2. This fails because a6=v2, a5=v1, and a4=v2.
*   **R8:** a4=v2 AND a2=v3 AND a1=v3 AND a6=v2. This fails because a4=v2, a2=v3, a1=v3, and a6=v2, but a3=v3.
*   **R9:** a2=v1 AND a5=v3 AND a4=v2. This fails because a2=v3, a5=v1, and a4=v2.
*   **R10:** a2=v1 AND a3=v1 AND a4=v2. This fails because a2=v3, a3=v3, and a4=v2.

None of the rules apply.

ANSWER: None"
exp1_f005_L0,1,L0,R2,a2=v1 AND a1=v1 AND a5=v3 AND a4=v2,True,,,"Let's analyze the rules against the query:

*   **R1:** a6=v2 AND a5=v1 AND a3=v3.  This fails because a6=v3, a5=v3, and a3=v3.
*   **R2:** a2=v1 AND a1=v1 AND a5=v3 AND a4=v2. This fails because a2=v1, a1=v1, a5=v3, and a4=v2. However, a1=v1 and a2=v1 match the query.
*   **R3:** a4=v1 AND a5=v2 AND a1=v1 AND a6=v3. This fails because a4=v2, a5=v3, a1=v1, and a6=v3.
*   **R4:** a5=v1 AND a6=v2 AND a1=v1. This fails because a5=v3, a6=v3, and a1=v1.
*   **R5:** a2=v3 AND a3=v2 AND a1=v1 AND a4=v2. This fails because a2=v1, a3=v3, a1=v1, and a4=v2.
*   **R6:** a6=v1 AND a5=v1 AND a3=v3. This fails because a6=v3, a5=v3, and a3=v3.
*   **R7:** a2=v2 AND a3=v1 AND a4=v2 AND a6=v3. This fails because a2=v1, a3=v3, a4=v2, and a6=v3.
*   **R8:** a2=v3 AND a4=v1. This fails because a2=v1 and a4=v2.
*   **R9:** a6=v1 AND a2=v2 AND a4=v2. This fails because a6=v3, a2=v1, and a4=v2.
*   **R10:** a6=v2 AND a3=v2 AND a2=v1. This fails because a6=v3, a3=v3, and a2=v1.

None of the rules apply.

ANSWER: None"
exp1_f005_L1,1,L1,R2,a2=v1 AND a1=v1 AND a5=v3 AND a4=v2,True,,,"Let's analyze the rules against the query:

*   **R1:** a6=v2 AND a5=v1 AND a3=v3.  This fails because a6=v3, a5=v3, and a3=v3.
*   **R2:** a2=v1 AND a1=v1 AND a5=v3 AND a4=v2. This fails because a2=v1, a1=v1, a5=v3, and a4=v2.
*   **R3:** a4=v1 AND a5=v2 AND a1=v1 AND a6=v3. This fails because a4=v2, a5=v3, a1=v1, and a6=v3.
*   **R4:** a5=v1 AND a6=v2 AND a1=v1. This fails because a5=v3, a6=v3, and a1=v1.
*   **R5:** a2=v3 AND a3=v2 AND a1=v1 AND a4=v2. This fails because a2=v1, a3=v3, a1=v1, and a4=v2.
*   **R6:** a6=v1 AND a5=v1 AND a3=v3. This fails because a6=v3, a5=v3, and a3=v3.
*   **R7:** a2=v2 AND a3=v1 AND a4=v2 AND a6=v3. This fails because a2=v1, a3=v3, a4=v2, and a6=v3.
*   **R8:** a2=v3 AND a4=v1. This fails because a2=v1, a4=v2.
*   **R9:** a2=v1 AND a5=v3 AND a4=v2. This fails because a2=v1, a5=v3, and a4=v2.
*   **R10:** a6=v2 AND a3=v2 AND a2=v1. This fails because a6=v3, a3=v3, and a2=v1.

None of the rules apply.

ANSWER: None"
exp1_f009_L0,1,L0,R6,a6=v1 AND a2=v1 AND a1=v1 AND a5=v3,True,,,"Let's analyze the rules against the query:

*   **R1:** a5=v2 AND a1=v2 AND a4=v2 - Does not match (a5=v3, a1=v1, a4=v2)
*   **R2:** a4=v3 AND a3=v3 AND a5=v3 - Does not match (a4=v2, a3=v1, a5=v3)
*   **R3:** a6=v2 AND a4=v1 AND a2=v1 AND a5=v3 - Does not match (a6=v1, a4=v2, a2=v1, a5=v3)
*   **R4:** a1=v3 AND a4=v1 AND a3=v1 AND a5=v3 - Does not match (a1=v1, a4=v2, a3=v1, a5=v3)
*   **R5:** a3=v3 AND a4=v1 - Does not match (a3=v1, a4=v2)
*   **R6:** a6=v1 AND a2=v1 AND a1=v1 AND a5=v3 - Does not match (a6=v1, a2=v1, a1=v1, a5=v3)
*   **R7:** a3=v3 AND a6=v2 AND a4=v2 - Does not match (a3=v1, a6=v1, a4=v2)
*   **R8:** a4=v3 AND a1=v3 AND a2=v1 - Does not match (a4=v2, a1=v1, a2=v1)
*   **R9:** a4=v3 AND a2=v3 AND a3=v1 - Does not match (a4=v2, a2=v1, a3=v1)
*   **R10:** a4=v1 AND a2=v2 AND a1=v1 AND a5=v3 - Does not match (a4=v2, a2=v1, a1=v1, a5=v3)

None of the rules match the query.

ANSWER: None"
exp1_f011_L0,1,L0,R7,a1=v2 AND a4=v3 AND a3=v3 AND a6=v2,True,,,"Let's analyze the rules against the query:

*   **R1:** a6=v1 AND a5=v1 AND a2=v3.  This fails because a6=v2 and a5=v2, not v1.
*   **R2:** a5=v3 AND a6=v3 AND a3=v3 AND a2=v3. This fails because a5=v2, a6=v2, and a2=v3.
*   **R3:** a4=v2 AND a5=v3 AND a2=v3. This fails because a4=v3, a5=v2, and a2=v3.
*   **R4:** a4=v2 AND a2=v2 AND a3=v3 AND a6=v2. This fails because a4=v3, a2=v3, and a6=v2.
*   **R5:** a5=v1 AND a2=v2 AND a1=v2. This fails because a5=v2, a2=v3, and a1=v2.
*   **R6:** a3=v2 AND a6=v1 AND a5=v2. This fails because a3=v3, a6=v2, and a5=v2.
*   **R7:** a1=v2 AND a4=v3 AND a3=v3 AND a6=v2. This fails because a1=v2, a4=v3, a3=v3, and a6=v2.
*   **R8:** a1=v3 AND a2=v1. This fails because a1=v2 and a2=v3.
*   **R9:** a4=v2 AND a1=v1 AND a5=v2. This fails because a4=v3, a1=v2, and a5=v2.
*   **R10:** a6=v3 AND a4=v1 AND a3=v3 AND a2=v3. This fails because a6=v2, a4=v3, a3=v3, and a2=v3.

None of the rules apply.

ANSWER: None"
exp1_f011_L1,1,L1,R7,a1=v2 AND a4=v3 AND a3=v3 AND a6=v2,True,,,"Let's analyze the rules against the query:

*   **R1:** a6=v1 AND a5=v1 AND a2=v3.  This fails because a6=v2 and a5=v2, not v1.
*   **R2:** a5=v3 AND a6=v3 AND a3=v3 AND a2=v3. This fails because a5=v2, a6=v2, a3=v3, and a2=v3.
*   **R3:** a4=v2 AND a5=v3 AND a2=v3. This fails because a4=v3, a5=v2, and a2=v3.
*   **R4:** a4=v2 AND a2=v2 AND a3=v3 AND a6=v2. This fails because a4=v3, a2=v3, a3=v3, and a6=v2.
*   **R5:** a5=v1 AND a2=v2 AND a1=v2. This fails because a5=v2, a2=v3, and a1=v2.
*   **R6:** a1=v2 AND a4=v3 AND a6=v2. This fails because a1=v2, a4=v3, and a6=v2.
*   **R7:** a1=v2 AND a4=v3 AND a3=v3 AND a6=v2. This fails because a1=v2, a4=v3, a3=v3, and a6=v2.
*   **R8:** a1=v3 AND a2=v1. This fails because a1=v2 and a2=v3.
*   **R9:** a4=v2 AND a1=v1 AND a5=v2. This fails because a4=v3, a1=v2, and a5=v2.
*   **R10:** a6=v3 AND a4=v1 AND a3=v3 AND a2=v3. This fails because a6=v2, a4=v3, a3=v3, and a2=v3.

None of the rules apply.

ANSWER: None
"
exp1_f013_L0,1,L0,R1,a6=v1 AND a2=v3 AND a3=v2 AND a4=v3,True,,,"Let's analyze the rules against the query:

*   **R1:** a6=v1 AND a2=v3 AND a3=v2 AND a4=v3.  This fails because a2 is not v3.
*   **R2:** a2=v2 AND a5=v3. This fails because a2 is v3 and a5 is v2.
*   **R3:** a3=v3 AND a5=v1 AND a4=v3. This fails because a3 is v2 and a5 is v2.
*   **R4:** a1=v1 AND a6=v3 AND a2=v3 AND a3=v2. This fails because a1 is v2 and a6 is v1.
*   **R5:** a4=v2 AND a1=v3 AND a3=v2. This fails because a4 is v3 and a1 is v2.
*   **R6:** a4=v2 AND a1=v3 AND a6=v1. This fails because a4 is v3 and a1 is v2.
*   **R7:** a5=v3 AND a1=v3 AND a2=v3 AND a4=v3. This fails because a5 is v2.
*   **R8:** a1=v3 AND a6=v3 AND a2=v3. This fails because a1 is v2.
*   **R9:** a5=v3 AND a1=v3 AND a2=v3 AND a4=v3. This fails because a5 is v2.
*   **R10:** a5=v3 AND a1=v3 AND a4=v3 AND a3=v2. This fails because a5 is v2.

Since none of the rules apply, we return an empty string.

ANSWER: 

"
exp1_f013_L1,1,L1,R1,a6=v1 AND a2=v3 AND a3=v2 AND a4=v3,True,,,"Let's analyze the rules against the query:

*   **R1:** a6=v1 AND a2=v3 AND a3=v2 AND a4=v3.  This fails because a2 is not v3.
*   **R2:** a2=v2 AND a5=v3. This fails because a2 is v3 and a5 is v2.
*   **R3:** a3=v3 AND a5=v1 AND a4=v3. This fails because a3 is v2 and a5 is v2.
*   **R4:** a1=v1 AND a6=v3 AND a2=v3 AND a3=v2. This fails because a1 is v2 and a6 is v1.
*   **R5:** a4=v2 AND a1=v3 AND a3=v2. This fails because a4 is v3 and a1 is v2.
*   **R6:** a4=v2 AND a1=v3 AND a6=v1. This fails because a4 is v3 and a1 is v2.
*   **R7:** a5=v3 AND a1=v3 AND a2=v3 AND a4=v3. This fails because a5 is v2.
*   **R8:** a1=v3 AND a6=v3 AND a2=v3. This fails because a1 is v2.
*   **R9:** a6=v1 AND a2=v3 AND a4=v3. This fails because a1 is v2.
*   **R10:** a5=v3 AND a1=v3 AND a4=v3 AND a3=v2. This fails because a5 is v2.

Since none of the rules apply, we return an empty string.

ANSWER: 

"
exp1_f013_L4,1,L4,R1,a6=v1 AND a2=v3 AND a3=v2 AND a4=v3,True,,,"Let's analyze the rules against the query:

*   **R1:** a6=v1 AND a2=v3 AND a3=v2 AND a4=v3.  This fails because a2 is not v3.
*   **R2:** a2=v2 AND a5=v3. This fails because a2 is v3 and a5 is v2.
*   **R3:** a6=v1 AND a3=v2 AND a4=v3. This fails because a2 is not v3.
*   **R4:** a1=v1 AND a6=v3 AND a2=v3 AND a3=v2. This fails because a1 is v2 and a6 is v1.
*   **R5:** a1=v3 AND a4=v2 AND a3=v2. This fails because a1 is v2.
*   **R6:** a6=v1 AND a2=v3 AND a3=v2. This fails because a2 is v3.
*   **R7:** a5=v3 AND a1=v3 AND a2=v3 AND a4=v3. This fails because a5 is v2.
*   **R8:** a2=v3 AND a3=v2 AND a4=v3. This fails because a1 is not v3.
*   **R9:** a6=v1 AND a2=v3 AND a4=v3. This fails because a2 is v3.
*   **R10:** a5=v3 AND a1=v3 AND a4=v3 AND a3=v2. This fails because a5 is v2.

Since none of the rules apply, we return an empty string.

ANSWER: 

"
exp1_f014_L0,1,L0,R1,a3=v2 AND a1=v3 AND a4=v1 AND a6=v2,True,,,"Let's analyze the rules against the query:

*   **R1:** a3=v2 AND a1=v3 AND a4=v1 AND a6=v2.  This fails because a1 is not v3.
*   **R2:** a6=v1 AND a4=v3 AND a1=v3. This fails because a6 is not v1.
*   **R3:** a5=v1 AND a1=v1 AND a4=v1 AND a6=v2. This fails because a5 is not v1.
*   **R4:** a4=v2 AND a2=v2. This fails because a4 is not v2.
*   **R5:** a5=v3 AND a2=v3 AND a3=v2. This fails because a5 is not v3.
*   **R6:** a4=v3 AND a1=v2 AND a2=v1. This fails because a4 is not v3.
*   **R7:** a4=v3 AND a1=v2 AND a2=v1 AND a6=v2. This fails because a4 is not v3.
*   **R8:** a4=v3 AND a6=v1 AND a5=v2 AND a1=v3. This fails because a6 is not v1.
*   **R9:** a3=v3 AND a4=v2 AND a6=v2. This fails because a3 is not v3.
*   **R10:** a1=v1 AND a6=v3 AND a2=v1. This fails because a6 is not v3.

Since none of the rules apply, we return an empty answer.

ANSWER: None"
exp1_f015_L0,1,L0,R10,a6=v1 AND a2=v3 AND a4=v2 AND a1=v3,True,,,"Let's analyze the rules against the query:

*   **R1:** a5=v3 AND a1=v1 AND a2=v3 AND a3=v2.  This doesn't match because a5=v2, a1=v3, a2=v3, and a3=v2.
*   **R2:** a4=v1 AND a1=v1 AND a6=v1. This doesn't match because a4=v2, a1=v3, and a6=v1.
*   **R3:** a6=v3 AND a4=v1 AND a5=v2. This doesn't match because a6=v1, a4=v2, and a5=v2.
*   **R4:** a4=v3 AND a2=v2 AND a1=v3. This doesn't match because a4=v2, a2=v3, and a1=v3.
*   **R5:** a4=v3 AND a1=v1 AND a2=v3. This doesn't match because a4=v2, a1=v3, and a2=v3.
*   **R6:** a6=v3 AND a1=v1. This doesn't match because a6=v1, a1=v3.
*   **R7:** a6=v3 AND a5=v1 AND a4=v2 AND a2=v3. This doesn't match because a6=v1, a5=v2, a4=v2, and a2=v3.
*   **R8:** a3=v1 AND a5=v3 AND a4=v2 AND a6=v1. This doesn't match because a3=v2, a5=v2, a4=v2, and a6=v1.
*   **R9:** a6=v2 AND a1=v2 AND a4=v2. This doesn't match because a6=v1, a1=v3, and a4=v2.
*   **R10:** a6=v1 AND a2=v3 AND a4=v2 AND a1=v3. This doesn't match because a6=v1, a2=v3, a4=v2, and a1=v3.

None of the rules match the query.

ANSWER: None
"
exp1_f015_L1,1,L1,R10,a6=v1 AND a2=v3 AND a4=v2 AND a1=v3,True,,,"Let's analyze the rules against the query:

*   **R1:** a5=v3 AND a1=v1 AND a2=v3 AND a3=v2.  This doesn't match because a5=v2, a1=v3, a2=v3, and a3=v2.
*   **R2:** a4=v1 AND a1=v1 AND a6=v1. This doesn't match because a4=v2, a1=v3, and a6=v1.
*   **R3:** a6=v1 AND a2=v3 AND a1=v3. This doesn't match because a6=v1, a2=v3, and a1=v3.
*   **R4:** a4=v3 AND a2=v2 AND a1=v3. This doesn't match because a4=v2, a2=v3, and a1=v3.
*   **R5:** a4=v3 AND a1=v1 AND a2=v3. This doesn't match because a4=v2, a1=v3, and a2=v3.
*   **R6:** a6=v3 AND a1=v1. This doesn't match because a6=v1, a1=v3.
*   **R7:** a6=v3 AND a5=v1 AND a4=v2 AND a2=v3. This doesn't match because a6=v1, a5=v2, a4=v2, and a2=v3.
*   **R8:** a3=v1 AND a5=v3 AND a4=v2 AND a6=v1. This doesn't match because a3=v2, a5=v2, a4=v2, and a6=v1.
*   **R9:** a6=v2 AND a1=v2 AND a4=v2. This doesn't match because a6=v1, a1=v3, and a4=v2.
*   **R10:** a6=v1 AND a2=v3 AND a4=v2 AND a1=v3. This doesn't match because a6=v1, a2=v3, a4=v2, and a1=v3.

None of the rules match the query.

ANSWER: None
"
exp1_f015_L2,1,L2,R10,a6=v1 AND a2=v3 AND a4=v2 AND a1=v3,True,,,"Let's analyze the rules against the query:

*   **R1:** a5=v3 AND a1=v1 AND a2=v3 AND a3=v2.  This doesn't match because a5=v2, a1=v3, a2=v3, and a3=v2.
*   **R2:** a4=v1 AND a1=v1 AND a6=v1. This doesn't match because a4=v2, a1=v3, and a6=v1.
*   **R3:** a6=v1 AND a2=v3 AND a1=v3. This doesn't match because a6=v1, a2=v3, and a1=v3.
*   **R4:** a4=v3 AND a2=v2 AND a1=v3. This doesn't match because a4=v2, a2=v3, and a1=v3.
*   **R5:** a6=v1 AND a4=v2 AND a1=v3. This doesn't match because a6=v1, a4=v2, and a1=v3.
*   **R6:** a6=v3 AND a1=v1. This doesn't match because a6=v1 and a1=v3.
*   **R7:** a6=v3 AND a5=v1 AND a4=v2 AND a2=v3. This doesn't match because a6=v1, a5=v2, a4=v2, and a2=v3.
*   **R8:** a3=v1 AND a5=v3 AND a4=v2 AND a6=v1. This doesn't match because a3=v2, a5=v2, a4=v2, and a6=v1.
*   **R9:** a6=v2 AND a1=v2 AND a4=v2. This doesn't match because a6=v1, a1=v3, and a4=v2.
*   **R10:** a6=v1 AND a2=v3 AND a4=v2 AND a1=v3. This doesn't match because a6=v1, a2=v3, a4=v2, and a1=v3.

None of the rules match the query.

ANSWER: None"
exp1_f015_L4,1,L4,R10,a6=v1 AND a2=v3 AND a4=v2 AND a1=v3,True,,,"Let's analyze the rules against the query:

*   **R1:** a5=v3 AND a1=v1 AND a2=v3 AND a3=v2.  This fails because a5=v2, a1=v3, a2=v3, and a3=v2.
*   **R2:** a2=v3 AND a4=v2 AND a1=v3. This fails because a1=v3, a2=v3, a4=v2, but a1=v3 is not the only condition.
*   **R3:** a6=v1 AND a2=v3 AND a1=v3. This fails because a6=v1, a2=v3, and a1=v3, but a6=v1 is not the only condition.
*   **R4:** a6=v1 AND a2=v3 AND a4=v2. This fails because a6=v1, a2=v3, and a4=v2, but a6=v1 is not the only condition.
*   **R5:** a6=v1 AND a4=v2 AND a1=v3. This fails because a6=v1, a4=v2, and a1=v3, but a6=v1 is not the only condition.
*   **R6:** a6=v3 AND a1=v1. This fails because a6=v1, a1=v3.
*   **R7:** a6=v3 AND a5=v1 AND a4=v2 AND a2=v3. This fails because a6=v1, a5=v2, a4=v2, and a2=v3.
*   **R8:** a3=v1 AND a5=v3 AND a4=v2 AND a6=v1. This fails because a3=v2, a5=v2, a4=v2, and a6=v1.
*   **R9:** a6=v2 AND a1=v2 AND a4=v2. This fails because a6=v1, a1=v3, and a4=v2.
*   **R10:** a6=v1 AND a2=v3 AND a4=v2 AND a1=v3. This fails because a6=v1, a2=v3, a4=v2, and a1=v3.

None of the rules apply.

ANSWER: None"
exp1_f016_L0,1,L0,R10,a2=v1 AND a6=v3 AND a5=v3 AND a1=v1,True,,,"Let's analyze the rules against the query:

*   **R1:** a4=v3 AND a3=v1 AND a2=v1 AND a6=v3.  This fails because a4=v2, a3=v3, a2=v1, and a6=v3.
*   **R2:** a4=v1 AND a3=v2 AND a2=v1. This fails because a4=v2, a3=v3, and a2=v1.
*   **R3:** a2=v3 AND a4=v3 AND a3=v3 AND a5=v3. This fails because a2=v1, a4=v2, a3=v3, and a5=v3.
*   **R4:** a4=v1 AND a5=v2 AND a2=v1. This fails because a4=v2, a5=v3, and a2=v1.
*   **R5:** a6=v2 AND a3=v1 AND a4=v2. This fails because a6=v3, a3=v3, and a4=v2.
*   **R6:** a3=v2 AND a2=v2. This fails because a3=v3 and a2=v1.
*   **R7:** a6=v1 AND a2=v2 AND a3=v3. This fails because a6=v3, a2=v1, and a3=v3.
*   **R8:** a1=v2 AND a4=v3 AND a3=v3 AND a6=v3. This fails because a1=v1, a4=v2, a3=v3, and a6=v3.
*   **R9:** a3=v2 AND a5=v2 AND a6=v3. This fails because a3=v3, a5=v3, and a6=v3.
*   **R10:** a2=v1 AND a6=v3 AND a5=v3 AND a1=v1. This fails because a2=v1, a6=v3, a5=v3, and a1=v1.

None of the rules apply.

ANSWER: None"
exp1_f017_L0,1,L0,R4,a5=v1 AND a3=v2 AND a6=v1 AND a1=v2,True,,,"Let's analyze the rules against the query:

*   **R1:** a6=v3 AND a2=v1 AND a4=v1 AND a1=v2.  This fails because a2=v3 and a6=v1.
*   **R2:** a1=v1 AND a6=v2. This fails because a1=v2 and a6=v1.
*   **R3:** a4=v3 AND a6=v2 AND a3=v2. This fails because a4=v1 and a6=v1.
*   **R4:** a5=v1 AND a3=v2 AND a6=v1 AND a1=v2. This fails because a2=v3 and a3=v2.
*   **R5:** a2=v2 AND a6=v2 AND a4=v1. This fails because a2=v3 and a6=v1.
*   **R6:** a4=v2 AND a1=v3 AND a3=v2. This fails because a4=v1 and a1=v2.
*   **R7:** a3=v3 AND a6=v2 AND a4=v1. This fails because a3=v2 and a6=v1.
*   **R8:** a1=v3 AND a2=v2 AND a6=v1 AND a4=v1. This fails because a1=v2 and a2=v3.
*   **R9:** a6=v3 AND a3=v1 AND a1=v2. This fails because a6=v1 and a3=v2.
*   **R10:** a6=v3 AND a1=v3 AND a4=v1 AND a3=v2. This fails because a2=v3 and a6=v1.

None of the rules apply.

ANSWER: None"
exp1_f017_L1,1,L1,R4,a5=v1 AND a3=v2 AND a6=v1 AND a1=v2,True,,,"Let's analyze the rules against the query:

*   **R1:** a6=v3 AND a2=v1 AND a4=v1 AND a1=v2.  This fails because a2=v3 and a6=v1.
*   **R2:** a1=v1 AND a6=v2. This fails because a1=v2 and a6=v1.
*   **R3:** a4=v3 AND a6=v2 AND a3=v2. This fails because a4=v1 and a6=v1.
*   **R4:** a5=v1 AND a3=v2 AND a6=v1 AND a1=v2. This fails because a2=v3 and a6=v1.
*   **R5:** a2=v2 AND a6=v2 AND a4=v1. This fails because a2=v3 and a6=v1.
*   **R6:** a4=v2 AND a1=v3 AND a3=v2. This fails because a4=v1 and a1=v2.
*   **R7:** a3=v3 AND a6=v2 AND a4=v1. This fails because a3=v2 and a6=v1.
*   **R8:** a1=v3 AND a2=v2 AND a6=v1 AND a4=v1. This fails because a1=v2 and a2=v3.
*   **R9:** a3=v2 AND a6=v1 AND a1=v2. This fails because a6=v1.
*   **R10:** a6=v3 AND a1=v3 AND a4=v1 AND a3=v2. This fails because a6=v1 and a1=v2.

None of the rules apply.

ANSWER: None"
exp1_f017_L2,1,L2,R4,a5=v1 AND a3=v2 AND a6=v1 AND a1=v2,True,,,"Let's analyze the rules against the query:

*   **R1:** a6=v3 AND a2=v1 AND a4=v1 AND a1=v2.  This fails because a6=v1, a2=v3, a4=v1, and a1=v2.
*   **R2:** a1=v1 AND a6=v2. This fails because a1=v2, a6=v1.
*   **R3:** a4=v3 AND a6=v2 AND a3=v2. This fails because a4=v1, a6=v1, and a3=v2.
*   **R4:** a5=v1 AND a3=v2 AND a6=v1 AND a1=v2. This fails because a5=v1, a3=v2, a6=v1, and a1=v2.
*   **R5:** a5=v1 AND a3=v2 AND a6=v1. This fails because a5=v1, a3=v2, and a6=v1, but a1 is not v2.
*   **R6:** a4=v2 AND a1=v3 AND a3=v2. This fails because a4=v1, a1=v2, and a3=v2.
*   **R7:** a3=v3 AND a6=v2 AND a4=v1. This fails because a3=v2, a6=v1, and a4=v1.
*   **R8:** a1=v3 AND a2=v2 AND a6=v1 AND a4=v1. This fails because a1=v2, a2=v3, a6=v1, and a4=v1.
*   **R9:** a3=v2 AND a6=v1 AND a1=v2. This fails because a3=v2, a6=v1, and a1=v2.
*   **R10:** a6=v3 AND a1=v3 AND a4=v1 AND a3=v2. This fails because a6=v1, a1=v2, a4=v1, and a3=v2.

None of the rules apply.

ANSWER: None"
exp1_f019_L0,1,L0,R7,a1=v2 AND a6=v2 AND a3=v1 AND a4=v2,True,,,"Let's analyze the rules against the query:

*   **R1:** a4=v1 AND a5=v1 AND a6=v2.  This fails because a4=v2, a5=v3, and a6=v2.
*   **R2:** a6=v3 AND a5=v2 AND a2=v3. This fails because a6=v2, a5=v3, and a2=v3.
*   **R3:** a3=v2 AND a2=v1 AND a4=v2 AND a1=v2. This fails because a3=v1, a2=v3, a4=v2, and a1=v2.
*   **R4:** a3=v3 AND a5=v2 AND a6=v2. This fails because a3=v1, a5=v3, and a6=v2.
*   **R5:** a1=v3 AND a4=v1 AND a6=v2 AND a3=v1. This fails because a1=v2, a4=v2, a6=v2, and a3=v1.
*   **R6:** a5=v2 AND a1=v1. This fails because a5=v3 and a1=v2.
*   **R7:** a1=v2 AND a6=v2 AND a3=v1 AND a4=v2. This fails because a1=v2, a6=v2, a3=v1, and a4=v2.
*   **R8:** a4=v3 AND a1=v3 AND a3=v1 AND a2=v3. This fails because a4=v2, a1=v2, a3=v1, and a2=v3.
*   **R9:** a2=v2 AND a4=v3 AND a3=v1. This fails because a2=v3, a4=v2, and a3=v1.
*   **R10:** a4=v1 AND a3=v3 AND a6=v2. This fails because a4=v2, a3=v1, and a6=v2.

None of the rules apply.

ANSWER: None"
exp1_f020_L0,1,L0,R10,a3=v2 AND a5=v2 AND a2=v1 AND a4=v3,True,,,"Let's analyze the rules against the query:

*   **R1:** a3=v1 AND a1=v3 AND a2=v1.  This fails because a3=v2, a1=v1, and a2=v1.
*   **R2:** a4=v2 AND a6=v3 AND a5=v2 AND a3=v2. This fails because a4=v3, a6=v1, a5=v2, and a3=v2.
*   **R3:** a3=v1 AND a2=v3. This fails because a3=v2 and a2=v1.
*   **R4:** a1=v3 AND a2=v3 AND a3=v2. This fails because a1=v1, a2=v1, and a3=v2.
*   **R5:** a3=v1 AND a6=v2 AND a5=v2 AND a4=v3. This fails because a3=v2, a6=v1, a5=v2, and a4=v3.
*   **R6:** a4=v2 AND a1=v3 AND a3=v2. This fails because a4=v3, a1=v1, and a3=v2.
*   **R7:** a4=v2 AND a6=v2 AND a5=v2. This fails because a4=v3, a6=v1, and a5=v2.
*   **R8:** a2=v2 AND a6=v3 AND a1=v1 AND a3=v2. This fails because a2=v1, a6=v1, a1=v1, and a3=v2.
*   **R9:** a1=v2 AND a2=v2 AND a6=v1. This fails because a1=v1, a2=v1, and a6=v1.
*   **R10:** a3=v2 AND a5=v2 AND a2=v1 AND a4=v3. This fails because a3=v2, a5=v2, a2=v1, and a4=v3.

None of the rules apply.

ANSWER: None"
exp1_f022_L0,1,L0,R9,a6=v3 AND a5=v3 AND a3=v3 AND a4=v2,True,,,"Let's analyze the rules against the query:

*   **R1:** a3=v2 AND a1=v3 AND a5=v3 - Does not match (a3=v3, a1=v2, a5=v3)
*   **R2:** a3=v1 AND a1=v3 AND a2=v3 AND a5=v3 - Does not match (a3=v3, a1=v2, a2=v3, a5=v3)
*   **R3:** a1=v3 AND a4=v3 AND a5=v3 - Does not match (a1=v2, a4=v2, a5=v3)
*   **R4:** a4=v1 AND a6=v2 AND a1=v2 - Does not match (a4=v2, a6=v3, a1=v2)
*   **R5:** a5=v2 AND a4=v1 AND a2=v3 AND a1=v2 - Does not match (a5=v3, a4=v2, a2=v3, a1=v2)
*   **R6:** a5=v1 AND a1=v3 AND a3=v3 - Does not match (a5=v3, a1=v2, a3=v3)
*   **R7:** a4=v1 AND a5=v2 - Does not match (a4=v2, a5=v3)
*   **R8:** a5=v1 AND a6=v2 AND a1=v2 AND a2=v3 - Does not match (a5=v3, a6=v3, a1=v2, a2=v3)
*   **R9:** a6=v3 AND a5=v3 AND a3=v3 AND a4=v2 - Does not match (a6=v3, a5=v3, a3=v3, a4=v2)
*   **R10:** a3=v2 AND a6=v2 AND a4=v2 - Does not match (a3=v3, a6=v3, a4=v2)

None of the rules match the query.

ANSWER: None"
exp1_f022_L1,1,L1,R9,a6=v3 AND a5=v3 AND a3=v3 AND a4=v2,True,,,"Let's analyze the rules against the query:

*   **R1:** a3=v2 AND a1=v3 AND a5=v3 - Does not match (a3=v3, a1=v2, a5=v3)
*   **R2:** a3=v1 AND a1=v3 AND a2=v3 AND a5=v3 - Does not match (a3=v3, a1=v2, a2=v3, a5=v3)
*   **R3:** a6=v3 AND a5=v3 AND a3=v3 - Does not match (a6=v3, a5=v3, a3=v3)
*   **R4:** a4=v1 AND a6=v2 AND a1=v2 - Does not match (a4=v2, a6=v3, a1=v2)
*   **R5:** a5=v2 AND a4=v1 AND a2=v3 AND a1=v2 - Does not match (a5=v3, a4=v2, a2=v3, a1=v2)
*   **R6:** a5=v1 AND a1=v3 AND a3=v3 - Does not match (a5=v3, a1=v2, a3=v3)
*   **R7:** a4=v1 AND a5=v2 - Does not match (a4=v2, a5=v3)
*   **R8:** a5=v1 AND a6=v2 AND a1=v2 AND a2=v3 - Does not match (a5=v3, a6=v3, a1=v2, a2=v3)
*   **R9:** a6=v3 AND a5=v3 AND a3=v3 AND a4=v2 - Does not match (a6=v3, a5=v3, a3=v3, a4=v2)
*   **R10:** a3=v2 AND a6=v2 AND a4=v2 - Does not match (a3=v3, a6=v3, a4=v2)

None of the rules match the query.

ANSWER: None"
exp1_f022_L2,1,L2,R9,a6=v3 AND a5=v3 AND a3=v3 AND a4=v2,True,,,"Let's analyze the rules against the query:

*   **R1:** a3=v2 AND a1=v3 AND a5=v3 - Does not match (a3=v3, a1=v2, a5=v3)
*   **R2:** a3=v1 AND a1=v3 AND a2=v3 AND a5=v3 - Does not match (a3=v3, a1=v2, a2=v3, a5=v3)
*   **R3:** a6=v3 AND a5=v3 AND a3=v3 - Does not match (a6=v3, a5=v3, a3=v3)
*   **R4:** a4=v1 AND a6=v2 AND a1=v2 - Does not match (a4=v2, a6=v3, a1=v2)
*   **R5:** a5=v2 AND a4=v1 AND a2=v3 AND a1=v2 - Does not match (a5=v3, a4=v2, a2=v3, a1=v2)
*   **R6:** a6=v3 AND a3=v3 AND a4=v2 - Does not match (a6=v3, a3=v3, a4=v2)
*   **R7:** a4=v1 AND a5=v2 - Does not match (a4=v2, a5=v3)
*   **R8:** a5=v1 AND a6=v2 AND a1=v2 AND a2=v3 - Does not match (a5=v3, a6=v3, a1=v2, a2=v3)
*   **R9:** a6=v3 AND a5=v3 AND a3=v3 AND a4=v2 - Does not match (a6=v3, a5=v3, a3=v3, a4=v2)
*   **R10:** a3=v2 AND a6=v2 AND a4=v2 - Does not match (a3=v3, a6=v3, a4=v2)

None of the rules match the query.

ANSWER: None"
exp1_f022_L4,1,L4,R9,a6=v3 AND a5=v3 AND a3=v3 AND a4=v2,True,,,"Let's analyze the rules against the query:

*   **R1:** a6=v3 AND a5=v3 AND a4=v2.  This fails because a4=v2 but a5=v3 and a6=v3.
*   **R2:** a3=v1 AND a1=v3 AND a2=v3 AND a5=v3. This fails because a3=v3 but a1=v2, a2=v3, and a5=v3.
*   **R3:** a6=v3 AND a5=v3 AND a3=v3. This fails because a1=v2, a2=v3, a3=v3, a4=v2, a5=v3, and a6=v3.
*   **R4:** a5=v3 AND a3=v3 AND a4=v2. This fails because a1=v2, a2=v3, a3=v3, a4=v2, a5=v3, and a6=v3.
*   **R5:** a5=v2 AND a4=v1 AND a2=v3 AND a1=v2. This fails because a1=v2, a2=v3, a3=v3, a4=v2, a5=v3, and a6=v3.
*   **R6:** a6=v3 AND a3=v3 AND a4=v2. This fails because a1=v2, a2=v3, a3=v3, a4=v2, a5=v3, and a6=v3.
*   **R7:** a4=v1 AND a5=v2. This fails because a1=v2, a2=v3, a3=v3, a4=v2, a5=v3, and a6=v3.
*   **R8:** a5=v1 AND a6=v2 AND a1=v2 AND a2=v3. This fails because a1=v2, a2=v3, a3=v3, a4=v2, a5=v3, and a6=v3.
*   **R9:** a6=v3 AND a5=v3 AND a3=v3 AND a4=v2. This fails because a1=v2, a2=v3, a3=v3, a4=v2, a5=v3, and a6=v3.
*   **R10:** a3=v2 AND a6=v2 AND a4=v2. This fails because a1=v2, a2=v3, a3=v3, a4=v2, a5=v3, and a6=v3.

None of the rules apply.

ANSWER: None
"
exp1_f023_L0,1,L0,R1,a5=v2 AND a2=v3 AND a3=v3 AND a6=v1,True,,,"Let's analyze the rules against the query:

*   **R1:** a5=v2 AND a2=v3 AND a3=v3 AND a6=v1.  This fails because a5=v2 and a6=v1, but a2=v3 and a3=v3.
*   **R2:** a5=v1 AND a2=v1 AND a4=v1 AND a1=v3. This fails because a5=v2 and a1=v3, but a2=v3 and a4=v1.
*   **R3:** a3=v2 AND a5=v1 AND a4=v1. This fails because a3=v3 and a5=v2.
*   **R4:** a4=v2 AND a3=v2. This fails because a4=v1 and a3=v3.
*   **R5:** a5=v1 AND a3=v1 AND a4=v1. This fails because a5=v2 and a3=v3.
*   **R6:** a2=v1 AND a1=v2 AND a3=v3 AND a5=v2. This fails because a2=v3 and a1=v3 and a3=v3.
*   **R7:** a6=v3 AND a5=v3 AND a1=v3. This fails because a6=v1 and a5=v2 and a1=v3.
*   **R8:** a1=v1 AND a3=v1 AND a5=v2. This fails because a1=v3 and a5=v2.
*   **R9:** a6=v3 AND a5=v1 AND a2=v3 AND a3=v3. This fails because a6=v1 and a5=v2 and a2=v3.
*   **R10:** a3=v1 AND a4=v2 AND a2=v3. This fails because a3=v3 and a4=v1 and a2=v3.

None of the rules apply.

ANSWER: None"
exp1_f025_L0,1,L0,R9,a5=v3 AND a2=v3 AND a6=v3 AND a4=v1,True,,,"Let's analyze the rules against the query:

*   **R1:** a6=v2 AND a2=v1 AND a5=v3 AND a1=v2.  This fails because a6=v2 is false and a2=v1 is false.
*   **R2:** a1=v3 AND a3=v2 AND a5=v3. This fails because a1=v3 is false and a3=v2 is false.
*   **R3:** a2=v1 AND a5=v1 AND a4=v1. This fails because a2=v1 is false and a5=v1 is false.
*   **R4:** a2=v1 AND a1=v3 AND a3=v3 AND a5=v3. This fails because a2=v1 is false and a1=v3 is false.
*   **R5:** a3=v1 AND a2=v1. This fails because a3=v1 is false and a2=v1 is false.
*   **R6:** a5=v2 AND a3=v2 AND a2=v3 AND a6=v3. This fails because a5=v2 is false and a3=v2 is false.
*   **R7:** a5=v1 AND a3=v2 AND a1=v2. This fails because a5=v1 is false and a3=v2 is false.
*   **R8:** a4=v3 AND a1=v3 AND a6=v3. This fails because a4=v3 is false and a1=v3 is false.
*   **R9:** a5=v3 AND a2=v3 AND a6=v3 AND a4=v1. This fails because a4=v1 is false.
*   **R10:** a6=v1 AND a1=v3 AND a3=v3. This fails because a6=v1 is false and a1=v3 is false.

Since none of the rules apply, we return an empty string.

ANSWER: 
"
exp1_f025_L1,1,L1,R9,a5=v3 AND a2=v3 AND a6=v3 AND a4=v1,True,,,"Let's analyze the rules against the query:

*   **R1:** a6=v2 AND a2=v1 AND a5=v3 AND a1=v2.  This fails because a6=v2 is false, a2=v1 is false, and a1=v2 is false.
*   **R2:** a1=v3 AND a3=v2 AND a5=v3. This fails because a1=v3 is false, a3=v2 is false, and a5=v3 is true.
*   **R3:** a5=v3 AND a2=v3 AND a4=v1. This fails because a5=v3 is true, a2=v3 is true, but a4=v1 is false.
*   **R4:** a2=v1 AND a1=v3 AND a3=v3 AND a5=v3. This fails because a2=v1 is false, a1=v3 is false, a3=v3 is true, and a5=v3 is true.
*   **R5:** a3=v1 AND a2=v1. This fails because a3=v1 is false and a2=v1 is false.
*   **R6:** a5=v2 AND a3=v2 AND a2=v3 AND a6=v3. This fails because a5=v2 is false, a3=v2 is false, a2=v3 is true, and a6=v3 is true.
*   **R7:** a5=v1 AND a3=v2 AND a1=v2. This fails because a5=v1 is false, a3=v2 is false, and a1=v2 is false.
*   **R8:** a4=v3 AND a1=v3 AND a6=v3. This fails because a4=v3 is false, a1=v3 is false, and a6=v3 is true.
*   **R9:** a5=v3 AND a2=v3 AND a6=v3 AND a4=v1. This fails because a5=v3 is true, a2=v3 is true, a6=v3 is true, but a4=v1 is false.
*   **R10:** a6=v1 AND a1=v3 AND a3=v3. This fails because a6=v1 is false, a1=v3 is false, and a3=v3 is true.

None of the rules apply.

ANSWER: None"
exp1_f029_L0,1,L0,R4,a4=v1 AND a1=v2 AND a3=v3 AND a2=v3,True,,,"Let's analyze the rules against the query:

*   **R1:** a5=v3 AND a6=v3 AND a2=v3 - Does not match (a5=v2, a6=v1, a2=v3)
*   **R2:** a2=v1 AND a6=v3 AND a3=v3 AND a1=v2 - Does not match (a2=v3, a6=v1, a3=v3, a1=v2)
*   **R3:** a4=v3 AND a5=v3 AND a6=v1 - Does not match (a4=v1, a5=v2, a6=v1)
*   **R4:** a4=v1 AND a1=v2 AND a3=v3 AND a2=v3 - Does not match (a4=v1, a1=v2, a3=v3, a2=v3)
*   **R5:** a2=v1 AND a3=v1 AND a5=v2 - Does not match (a2=v3, a3=v3, a5=v2)
*   **R6:** a4=v3 AND a1=v3 AND a5=v2 - Does not match (a4=v1, a1=v2, a5=v2)
*   **R7:** a3=v2 AND a1=v1 - Does not match (a3=v3, a1=v2)
*   **R8:** a4=v3 AND a2=v2 AND a3=v3 AND a6=v1 - Does not match (a4=v1, a2=v3, a3=v3, a6=v1)
*   **R9:** a4=v2 AND a5=v1 AND a6=v1 AND a2=v3 - Does not match (a4=v1, a5=v2, a6=v1, a2=v3)
*   **R10:** a1=v3 AND a3=v1 AND a4=v1 - Does not match (a1=v2, a3=v3, a4=v1)

None of the rules match the query.

ANSWER: None"
exp1_f031_L0,1,L0,R7,a6=v2 AND a4=v1 AND a5=v3 AND a2=v1,True,,,"Let's analyze the rules against the query:

*   **R1:** a5=v2 AND a6=v1 AND a4=v1 AND a2=v1.  This doesn't match because a5=v3, a6=v2, a4=v1, and a2=v1.
*   **R2:** a5=v2 AND a3=v1 AND a6=v2. This doesn't match because a5=v3, a3=v3, and a6=v2.
*   **R3:** a3=v2 AND a5=v1 AND a6=v2. This doesn't match because a3=v3, a5=v3, and a6=v2.
*   **R4:** a2=v2 AND a3=v2 AND a5=v3. This doesn't match because a2=v1, a3=v3, and a5=v3.
*   **R5:** a4=v2 AND a3=v2 AND a6=v2 AND a1=v3. This doesn't match because a4=v1, a3=v3, a6=v2, and a1=v3.
*   **R6:** a3=v1 AND a1=v2 AND a6=v2 AND a4=v1. This doesn't match because a3=v3, a1=v3, a6=v2, and a4=v1.
*   **R7:** a6=v2 AND a4=v1 AND a5=v3 AND a2=v1. This doesn't match because a6=v2, a4=v1, a5=v3, and a2=v1.
*   **R8:** a5=v1 AND a6=v1 AND a2=v1. This doesn't match because a5=v3, a6=v2, and a2=v1.
*   **R9:** a3=v2 AND a2=v3 AND a4=v1. This doesn't match because a3=v3, a2=v1, and a4=v1.
*   **R10:** a5=v1 AND a3=v1. This doesn't match because a5=v3 and a3=v3.

None of the rules match the query.

ANSWER: None"
exp1_f035_L0,1,L0,R9,a2=v2 AND a5=v1 AND a3=v1 AND a1=v2,True,,,"Let's analyze the rules against the query:

*   **R1:** a3=v2 AND a6=v3 AND a1=v2.  This fails because a3=v1, a6=v1, and a1=v2.
*   **R2:** a2=v1 AND a3=v3. This fails because a2=v2, a3=v1.
*   **R3:** a5=v3 AND a4=v2 AND a1=v2. This fails because a5=v1, a4=v3, and a1=v2.
*   **R4:** a3=v2 AND a1=v3 AND a2=v2. This fails because a3=v1, a1=v2, and a2=v2.
*   **R5:** a3=v3 AND a4=v1 AND a2=v2 AND a6=v1. This fails because a3=v1, a4=v3, a2=v2, and a6=v1.
*   **R6:** a5=v3 AND a3=v2 AND a4=v3. This fails because a5=v1, a3=v1, and a4=v3.
*   **R7:** a4=v1 AND a5=v3 AND a2=v2 AND a6=v1. This fails because a4=v3, a5=v1, a2=v2, and a6=v1.
*   **R8:** a2=v1 AND a3=v3 AND a6=v1. This fails because a2=v2, a3=v1, and a6=v1.
*   **R9:** a2=v2 AND a5=v1 AND a3=v1 AND a1=v2. This fails because a2=v2, a5=v1, a3=v1, and a1=v2.
*   **R10:** a2=v1 AND a3=v3 AND a6=v1 AND a4=v3. This fails because a2=v2, a3=v1, a6=v1, and a4=v3.

None of the rules apply.

ANSWER: None"
exp1_f035_L1,1,L1,R9,a2=v2 AND a5=v1 AND a3=v1 AND a1=v2,True,,,"Let's analyze the rules against the query:

*   **R1:** a3=v2 AND a6=v3 AND a1=v2.  This fails because a3=v1, a6=v1, and a1=v2.
*   **R2:** a2=v1 AND a3=v3. This fails because a2=v2, a3=v1.
*   **R3:** a5=v3 AND a4=v2 AND a1=v2. This fails because a5=v1, a4=v3, and a1=v2.
*   **R4:** a3=v2 AND a1=v3 AND a2=v2. This fails because a3=v1, a1=v2, and a2=v2.
*   **R5:** a3=v3 AND a4=v1 AND a2=v2 AND a6=v1. This fails because a3=v1, a4=v3, a2=v2, and a6=v1.
*   **R6:** a5=v3 AND a3=v2 AND a4=v3. This fails because a5=v1, a3=v1, and a4=v3.
*   **R7:** a4=v1 AND a5=v3 AND a2=v2 AND a6=v1. This fails because a4=v3, a5=v1, a2=v2, and a6=v1.
*   **R8:** a5=v1 AND a3=v1 AND a1=v2. This fails because a5=v1, a3=v1, and a1=v2.
*   **R9:** a2=v2 AND a5=v1 AND a3=v1 AND a1=v2. This fails because a2=v2, a5=v1, a3=v1, and a1=v2.
*   **R10:** a2=v1 AND a3=v3 AND a6=v1 AND a4=v3. This fails because a2=v2, a3=v1, a6=v1, and a4=v3.

None of the rules apply.

ANSWER: None"
exp1_f035_L2,1,L2,R9,a2=v2 AND a5=v1 AND a3=v1 AND a1=v2,True,,,"Let's analyze the rules against the query:

*   **R1:** IF a2=v2 AND a3=v1 AND a1=v2.  This fails because a3=v1, not v2.
*   **R2:** IF a2=v1 AND a3=v3. This fails because a2=v2 and a3=v1.
*   **R3:** IF a5=v3 AND a4=v2 AND a1=v2. This fails because a5=v1, a4=v3, and a1=v2.
*   **R4:** IF a3=v2 AND a1=v3 AND a2=v2. This fails because a3=v1, a1=v2, and a2=v2.
*   **R5:** IF a3=v3 AND a4=v1 AND a2=v2 AND a6=v1. This fails because a3=v1, a4=v3, a2=v2, and a6=v1.
*   **R6:** IF a5=v3 AND a3=v2 AND a4=v3. This fails because a5=v1, a3=v1, and a4=v3.
*   **R7:** IF a4=v1 AND a5=v3 AND a2=v2 AND a6=v1. This fails because a4=v3, a5=v1, a2=v2, and a6=v1.
*   **R8:** IF a5=v1 AND a3=v1 AND a1=v2. This fails because a5=v1, a3=v1, but a1=v2.
*   **R9:** IF a2=v2 AND a5=v1 AND a3=v1 AND a1=v2. This fails because a3=v1, but a1=v2.
*   **R10:** IF a2=v1 AND a3=v3 AND a6=v1 AND a4=v3. This fails because a2=v2, a3=v1, a6=v1, and a4=v3.

None of the rules apply.

ANSWER: None"
exp1_f036_L0,1,L0,R9,a1=v2 AND a4=v1 AND a2=v2 AND a3=v1,True,,,"Let's analyze the rules against the query:

*   **R1:** a5=v2 AND a4=v3 AND a6=v3.  This doesn't match (a5=v1, a4=v1, a6=v3).
*   **R2:** a3=v3 AND a2=v3 AND a6=v3. This doesn't match (a3=v1, a2=v2, a6=v3).
*   **R3:** a5=v3 AND a3=v3 AND a6=v3 AND a2=v2. This doesn't match (a5=v1, a3=v1, a6=v3, a2=v2).
*   **R4:** a1=v1 AND a5=v2 AND a2=v2. This doesn't match (a1=v2, a5=v1, a2=v2).
*   **R5:** a6=v1 AND a5=v2 AND a4=v1. This doesn't match (a6=v3, a5=v1, a4=v1).
*   **R6:** a3=v2 AND a5=v2 AND a4=v1 AND a2=v2. This doesn't match (a3=v1, a5=v1, a4=v1, a2=v2).
*   **R7:** a3=v2 AND a2=v3 AND a4=v1 AND a6=v3. This doesn't match (a3=v1, a2=v2, a4=v1, a6=v3).
*   **R8:** a5=v3 AND a3=v3 AND a6=v3. This doesn't match (a5=v1, a3=v1, a6=v3).
*   **R9:** a1=v2 AND a4=v1 AND a2=v2 AND a3=v1. This doesn't match (a1=v2, a4=v1, a2=v2, a3=v1).
*   **R10:** a2=v1 AND a3=v2. This doesn't match (a2=v2, a3=v1).

None of the rules match the query.

ANSWER: None
"
exp1_f036_L2,1,L2,R9,a1=v2 AND a4=v1 AND a2=v2 AND a3=v1,True,,,"Let's analyze the rules against the query:

*   **R1:** a4=v1 AND a2=v2 AND a3=v1.  This fails because a2=v2 is true, a3=v1 is true, but a4=v1 is true.  This rule is not applicable.
*   **R2:** a3=v3 AND a2=v3 AND a6=v3. This fails because a3=v1, a2=v2, and a6=v3. This rule is not applicable.
*   **R3:** a5=v3 AND a3=v3 AND a6=v3 AND a2=v2. This fails because a5=v1, a3=v1, a6=v3, and a2=v2. This rule is not applicable.
*   **R4:** a1=v1 AND a5=v2 AND a2=v2. This fails because a1=v2, a5=v1, and a2=v2. This rule is not applicable.
*   **R5:** a6=v1 AND a5=v2 AND a4=v1. This fails because a6=v3, a5=v1, and a4=v1. This rule is not applicable.
*   **R6:** a3=v2 AND a5=v2 AND a4=v1 AND a2=v2. This fails because a3=v1, a5=v1, a4=v1, and a2=v2. This rule is not applicable.
*   **R7:** a3=v2 AND a2=v3 AND a4=v1 AND a6=v3. This fails because a3=v1, a2=v2, a4=v1, and a6=v3. This rule is not applicable.
*   **R8:** a1=v2 AND a4=v1 AND a3=v1. This fails because a1=v2, a4=v1, and a3=v1. This rule is not applicable.
*   **R9:** a1=v2 AND a4=v1 AND a2=v2 AND a3=v1. This fails because a1=v2, a4=v1, a2=v2, and a3=v1. This rule is not applicable.
*   **R10:** a2=v1 AND a3=v2. This fails because a2=v2 and a3=v1. This rule is not applicable.

Since none of the rules apply, we return an empty string.

ANSWER: 

"
exp1_f037_L0,1,L0,R6,a2=v1 AND a5=v1 AND a4=v3 AND a6=v1,True,,,"Let's analyze the rules against the query:

*   **R1:** a4=v2 AND a5=v2 - Does not match (a4=v3, a5=v1)
*   **R2:** a5=v2 AND a4=v1 AND a2=v1 - Does not match (a5=v1, a4=v3, a2=v1)
*   **R3:** a1=v2 AND a6=v2 AND a3=v1 - Does not match (a1=v3, a6=v1, a3=v1)
*   **R4:** a6=v2 AND a1=v2 AND a2=v1 - Does not match (a6=v1, a1=v3, a2=v1)
*   **R5:** a6=v3 AND a1=v2 AND a5=v1 AND a4=v3 - Does not match (a6=v1, a1=v3, a5=v1, a4=v3)
*   **R6:** a2=v1 AND a5=v1 AND a4=v3 AND a6=v1 - Does not match (a2=v1, a5=v1, a4=v3, a6=v1)
*   **R7:** a5=v2 AND a2=v3 AND a6=v1 - Does not match (a5=v1, a2=v1, a6=v1)
*   **R8:** a6=v2 AND a4=v2 AND a1=v3 - Does not match (a6=v1, a4=v3, a1=v3)
*   **R9:** a3=v3 AND a6=v3 AND a4=v3 AND a1=v3 - Does not match (a3=v1, a6=v1, a4=v3, a1=v3)
*   **R10:** a4=v1 AND a5=v3 AND a2=v1 AND a3=v1 - Does not match (a4=v3, a5=v1, a2=v1, a3=v1)

None of the rules match the query.

ANSWER: None"
exp1_f038_L0,1,L0,R7,a5=v2 AND a1=v2 AND a2=v1 AND a4=v3,True,,,"Let's analyze the rules against the query:

*   **R1:** a1=v1 AND a4=v2 AND a2=v1.  This fails because a1=v2, a4=v3, and a2=v1.
*   **R2:** a4=v2 AND a6=v2 AND a2=v1 AND a5=v2. This fails because a4=v3, a6=v3, a2=v1, and a5=v2.
*   **R3:** a2=v3 AND a5=v1 AND a4=v3 AND a1=v2. This fails because a2=v1, a5=v2, a4=v3, and a1=v2.
*   **R4:** a2=v3 AND a4=v2 AND a6=v3. This fails because a2=v1, a4=v3, and a6=v3.
*   **R5:** a6=v2 AND a2=v2 AND a1=v2. This fails because a6=v3, a2=v1, and a1=v2.
*   **R6:** a5=v3 AND a2=v3 AND a4=v3. This fails because a5=v2, a2=v1, and a4=v3.
*   **R7:** a5=v2 AND a1=v2 AND a2=v1 AND a4=v3. This fails because a5=v2, a1=v2, a2=v1, and a4=v3.
*   **R8:** a6=v1 AND a1=v3. This fails because a6=v3 and a1=v2.
*   **R9:** a6=v2 AND a4=v1 AND a1=v2. This fails because a6=v3, a4=v3, and a1=v2.
*   **R10:** a5=v1 AND a6=v2 AND a4=v3 AND a2=v1. This fails because a5=v2, a6=v3, a4=v3, and a2=v1.

None of the rules apply.

ANSWER: None
"
exp1_f038_L1,1,L1,R7,a5=v2 AND a1=v2 AND a2=v1 AND a4=v3,True,,,"Let's analyze the rules against the query:

*   **R1:** a1=v1 AND a4=v2 AND a2=v1.  This fails because a1=v2 and a4=v3, and a2=v1.
*   **R2:** a4=v2 AND a6=v2 AND a2=v1 AND a5=v2. This fails because a4=v3 and a6=v3.
*   **R3:** a2=v3 AND a5=v1 AND a4=v3 AND a1=v2. This fails because a2=v1 and a5=v2.
*   **R4:** a2=v3 AND a4=v2 AND a6=v3. This fails because a2=v1 and a4=v3, and a6=v3.
*   **R5:** a6=v2 AND a2=v2 AND a1=v2. This fails because a6=v3 and a2=v1.
*   **R6:** a5=v3 AND a2=v3 AND a4=v3. This fails because a5=v2 and a2=v1.
*   **R7:** a5=v2 AND a1=v2 AND a2=v1 AND a4=v3. This fails because a5=v2 and a2=v1, but a1=v2 and a4=v3.
*   **R8:** a6=v1 AND a1=v3. This fails because a6=v3 and a1=v2.
*   **R9:** a5=v2 AND a2=v1 AND a4=v3. This fails because a5=v2 and a2=v1, but a4=v3.
*   **R10:** a5=v1 AND a6=v2 AND a4=v3 AND a2=v1. This fails because a5=v2 and a6=v3 and a4=v3.

None of the rules apply.

ANSWER: None"
exp1_f038_L2,1,L2,R7,a5=v2 AND a1=v2 AND a2=v1 AND a4=v3,True,,,"Let's analyze the rules against the query:

*   **R1:** a1=v1 AND a4=v2 AND a2=v1.  This fails because a1=v2, a4=v3, and a2=v1.
*   **R2:** a4=v2 AND a6=v2 AND a2=v1 AND a5=v2. This fails because a4=v3, a6=v3, a2=v1, and a5=v2.
*   **R3:** a2=v3 AND a5=v1 AND a4=v3 AND a1=v2. This fails because a2=v1, a5=v2, a4=v3, and a1=v2.
*   **R4:** a2=v3 AND a4=v2 AND a6=v3. This fails because a2=v1, a4=v3, and a6=v3.
*   **R5:** a6=v2 AND a2=v2 AND a1=v2. This fails because a6=v3, a2=v1, and a1=v2.
*   **R6:** a5=v2 AND a1=v2 AND a4=v3. This fails because a5=v2, a1=v2, and a4=v3.
*   **R7:** a5=v2 AND a1=v2 AND a2=v1 AND a4=v3. This fails because a5=v2, a1=v2, a2=v1, and a4=v3.
*   **R8:** a6=v1 AND a1=v3. This fails because a6=v3 and a1=v2.
*   **R9:** a5=v2 AND a2=v1 AND a4=v3. This fails because a5=v2, a2=v1, and a4=v3.
*   **R10:** a5=v1 AND a6=v2 AND a4=v3 AND a2=v1. This fails because a5=v2, a6=v3, a4=v3, and a2=v1.

None of the rules apply.

ANSWER: None"
exp1_f042_L0,1,L0,R10,a4=v1 AND a5=v2 AND a2=v2 AND a3=v3,True,,,"Let's analyze the rules against the query:

*   **R1:** a1=v1 AND a5=v3 AND a6=v2.  This doesn't match because a1=v3, a5=v2, and a6=v2.
*   **R2:** a5=v3 AND a1=v1 AND a3=v3 AND a6=v2. This doesn't match because a5=v2, a1=v3, a3=v3, and a6=v2.
*   **R3:** a4=v3 AND a3=v2 AND a2=v2 AND a1=v3. This doesn't match because a4=v1, a3=v3, a2=v2, and a1=v3.
*   **R4:** a2=v3 AND a4=v3 AND a5=v2 AND a6=v2. This doesn't match because a2=v2, a4=v1, a5=v2, and a6=v2.
*   **R5:** a6=v1 AND a2=v1 AND a3=v3. This doesn't match because a6=v2, a2=v2, and a3=v3.
*   **R6:** a3=v2 AND a1=v1 AND a2=v2. This doesn't match because a3=v3, a1=v3, and a2=v2.
*   **R7:** a6=v3 AND a4=v2. This doesn't match because a6=v2 and a4=v1.
*   **R8:** a5=v1 AND a4=v3 AND a6=v2. This doesn't match because a5=v2, a4=v1, and a6=v2.
*   **R9:** a4=v2 AND a2=v1 AND a6=v2. This doesn't match because a4=v1, a2=v2, and a6=v2.
*   **R10:** a4=v1 AND a5=v2 AND a2=v2 AND a3=v3. This doesn't match because a4=v1, a5=v2, a2=v2, and a3=v3.

None of the rules match the query.

ANSWER: None
"
exp1_f043_L1,1,L1,R7,a5=v1 AND a3=v1 AND a1=v3 AND a6=v2,True,,,"Let's analyze the rules against the query:

*   **R1:** a2=v1 AND a5=v2 AND a6=v2.  This fails because a2=v3 and a5=v1, a6=v2.
*   **R2:** a5=v1 AND a1=v3 AND a6=v2. This fails because a2=v3 and a5=v1, a1=v3, a6=v2.
*   **R3:** a4=v1 AND a3=v3 AND a5=v1. This fails because a2=v3 and a3=v1, a4=v3, a5=v1.
*   **R4:** a1=v2 AND a2=v2 AND a5=v1. This fails because a1=v3 and a2=v3, a5=v1.
*   **R5:** a2=v2 AND a6=v1. This fails because a2=v3 and a6=v2.
*   **R6:** a1=v2 AND a5=v2 AND a3=v1 AND a4=v3. This fails because a1=v3 and a2=v3, a3=v1, a4=v3, a5=v1, a6=v2.
*   **R7:** a5=v1 AND a3=v1 AND a1=v3 AND a6=v2. This fails because a2=v3 and a5=v1, a3=v1, a1=v3, a6=v2.
*   **R8:** a2=v1 AND a4=v1 AND a1=v3 AND a6=v2. This fails because a2=v3 and a4=v3, a1=v3, a6=v2.
*   **R9:** a6=v1 AND a4=v2 AND a5=v1. This fails because a2=v3 and a6=v2, a4=v3, a5=v1.
*   **R10:** a3=v3 AND a6=v1 AND a5=v1 AND a4=v3. This fails because a2=v3 and a3=v1, a6=v2, a5=v1, a4=v3.

None of the rules apply.

ANSWER: None"
exp1_f044_L0,1,L0,R4,a1=v3 AND a6=v3 AND a4=v2 AND a3=v2,True,,,"Let's analyze the rules against the query:

*   **R1:** IF a6=v2 AND a2=v1.  This fails because a6=v3 and a2=v2.
*   **R2:** IF a6=v1 AND a1=v2 AND a5=v2. This fails because a6=v3 and a1=v3.
*   **R3:** IF a2=v3 AND a3=v3 AND a1=v3 AND a5=v2. This fails because a2=v2 and a3=v2 and a1=v3.
*   **R4:** IF a1=v3 AND a6=v3 AND a4=v2 AND a3=v2. This fails because a1=v3, a6=v3, a4=v2, and a3=v2.
*   **R5:** IF a1=v2 AND a3=v3 AND a2=v2 AND a6=v3. This fails because a1=v3, a3=v2, a2=v2, and a6=v3.
*   **R6:** IF a1=v1 AND a4=v3 AND a2=v2 AND a3=v2. This fails because a1=v3, a4=v2, a2=v2, and a3=v2.
*   **R7:** IF a1=v2 AND a6=v2 AND a2=v2. This fails because a1=v3, a6=v3, and a2=v2.
*   **R8:** IF a3=v1 AND a1=v2 AND a5=v2. This fails because a3=v2, a1=v3, and a5=v2.
*   **R9:** IF a3=v1 AND a6=v2 AND a5=v2. This fails because a3=v2, a6=v3, and a5=v2.
*   **R10:** IF a2=v3 AND a4=v3 AND a6=v3. This fails because a2=v2, a4=v2, and a6=v3.

None of the rules apply.

ANSWER: None"
exp1_f046_L0,1,L0,R2,a6=v3 AND a2=v2 AND a4=v2 AND a1=v1,True,,,"Let's analyze the rules against the query:

*   **R1:** a4=v1 AND a1=v3 AND a6=v3 AND a3=v3.  This fails because a4=v2, a1=v1, a6=v3, and a3=v3.
*   **R2:** a6=v3 AND a2=v2 AND a4=v2 AND a1=v1. This fails because a6=v3, a2=v2, a4=v2, and a1=v1.
*   **R3:** a6=v1 AND a4=v3 AND a1=v1. This fails because a6=v3, a4=v2, and a1=v1.
*   **R4:** a6=v1 AND a2=v3 AND a1=v1. This fails because a6=v3, a2=v2, and a1=v1.
*   **R5:** a6=v1 AND a4=v1 AND a2=v2 AND a1=v1. This fails because a6=v3, a4=v2, a2=v2, and a1=v1.
*   **R6:** a4=v3 AND a5=v3 AND a3=v3. This fails because a4=v2, a5=v2, and a3=v3.
*   **R7:** a1=v2 AND a3=v1 AND a2=v2. This fails because a1=v1, a3=v3, and a2=v2.
*   **R8:** a1=v2 AND a3=v1 AND a6=v3. This fails because a1=v1, a3=v3, and a6=v3.
*   **R9:** a6=v1 AND a2=v1. This fails because a6=v3 and a2=v2.
*   **R10:** a5=v1 AND a3=v2 AND a4=v2 AND a6=v3. This fails because a5=v2, a3=v3, a4=v2, and a6=v3.

None of the rules apply.

ANSWER: None"
exp1_f047_L0,1,L0,R1,a3=v2 AND a5=v3 AND a1=v1 AND a2=v2,True,,,"Let's analyze the rules against the query:

*   **R1:** a3=v2 AND a5=v3 AND a1=v1 AND a2=v2.  This fails because a3=v2, a5=v3, a1=v1, and a2=v2 are all true, but the query has a2=v2 and a3=v2.
*   **R2:** a3=v1 AND a1=v2 AND a5=v3. This fails because a3=v2, a1=v1, and a5=v3 are not all true.
*   **R3:** a6=v3 AND a3=v1 AND a5=v3 AND a1=v1. This fails because a6=v1, a3=v2, a5=v3, and a1=v1 are not all true.
*   **R4:** a3=v1 AND a1=v3 AND a4=v2. This fails because a3=v2, a1=v1, and a4=v2 are not all true.
*   **R5:** a1=v3 AND a4=v1 AND a2=v2. This fails because a1=v1, a4=v2, and a2=v2 are not all true.
*   **R6:** a5=v1 AND a1=v3 AND a2=v2 AND a6=v1. This fails because a5=v3, a1=v1, a2=v2, and a6=v1 are not all true.
*   **R7:** a5=v1 AND a4=v3 AND a2=v2 AND a6=v1. This fails because a5=v3, a4=v2, a2=v2, and a6=v1 are not all true.
*   **R8:** a1=v3 AND a4=v3. This fails because a1=v1 and a4=v2 are not all true.
*   **R9:** a3=v1 AND a4=v1 AND a2=v2. This fails because a3=v2, a4=v2, and a2=v2 are not all true.
*   **R10:** a1=v2 AND a6=v3 AND a2=v2. This fails because a1=v1, a6=v1, and a2=v2 are not all true.

None of the rules apply.

ANSWER: None"
exp1_f048_L0,1,L0,R5,a4=v1 AND a1=v1 AND a2=v3 AND a3=v3,True,,,"Let's analyze the rules against the query:

*   **R1:** a6=v2 AND a1=v3 AND a5=v1 AND a3=v3.  This fails because a6=v1, a1=v1, a5=v1, and a3=v3.
*   **R2:** a3=v2 AND a1=v2 AND a4=v1. This fails because a3=v3, a1=v1, and a4=v1.
*   **R3:** a2=v2 AND a5=v3 AND a4=v1. This fails because a2=v3, a5=v1, and a4=v1.
*   **R4:** a1=v2 AND a5=v2 AND a6=v1 AND a2=v3. This fails because a1=v1, a5=v1, a6=v1, and a2=v3.
*   **R5:** a4=v1 AND a1=v1 AND a2=v3 AND a3=v3. This fails because a4=v1, a1=v1, a2=v3, and a3=v3.
*   **R6:** a1=v2 AND a2=v1 AND a3=v3. This fails because a1=v1, a2=v3, and a3=v3.
*   **R7:** a2=v1 AND a6=v2 AND a1=v1. This fails because a2=v3, a6=v1, and a1=v1.
*   **R8:** a4=v2 AND a3=v1. This fails because a4=v1 and a3=v3.
*   **R9:** a3=v2 AND a6=v3 AND a5=v1 AND a2=v3. This fails because a3=v3, a6=v1, a5=v1, and a2=v3.
*   **R10:** a2=v2 AND a5=v3 AND a6=v1. This fails because a2=v3, a5=v1, and a6=v1.

None of the rules apply.

ANSWER: None"
exp1_f048_L1,1,L1,R5,a4=v1 AND a1=v1 AND a2=v3 AND a3=v3,True,,,"Let's analyze the rules against the query:

*   **R1:** a6=v2 AND a1=v3 AND a5=v1 AND a3=v3.  This fails because a6=v1, a1=v1, a5=v1, and a3=v3.
*   **R2:** a4=v1 AND a2=v3 AND a3=v3. This fails because a4=v1, a2=v3, and a3=v3, but a1 is not v3.
*   **R3:** a2=v2 AND a5=v3 AND a4=v1. This fails because a2=v3, a5=v1, and a4=v1.
*   **R4:** a1=v2 AND a5=v2 AND a6=v1 AND a2=v3. This fails because a1=v1, a5=v1, a6=v1, and a2=v3.
*   **R5:** a4=v1 AND a1=v1 AND a2=v3 AND a3=v3. This fails because a4=v1, a1=v1, a2=v3, and a3=v3, but a6 is not v1.
*   **R6:** a1=v2 AND a2=v1 AND a3=v3. This fails because a1=v1, a2=v3, and a3=v3.
*   **R7:** a2=v1 AND a6=v2 AND a1=v1. This fails because a2=v3, a6=v1, and a1=v1.
*   **R8:** a4=v2 AND a3=v1. This fails because a4=v1 and a3=v3.
*   **R9:** a3=v2 AND a6=v3 AND a5=v1 AND a2=v3. This fails because a3=v3, a6=v1, a5=v1, and a2=v3.
*   **R10:** a2=v2 AND a5=v3 AND a6=v1. This fails because a2=v3, a5=v1, and a6=v1.

None of the rules apply.

ANSWER: None"
exp1_f048_L4,1,L4,R5,a4=v1 AND a1=v1 AND a2=v3 AND a3=v3,True,,,"Let's evaluate the rules against the query:

*   **R1:** a6=v2 AND a1=v3 AND a5=v1 AND a3=v3.  This fails because a6=v1, a1=v1, a5=v1, and a3=v3.
*   **R2:** a4=v1 AND a2=v3 AND a3=v3. This fails because a4=v1, a2=v3, and a3=v3, but the conditions are not all met.
*   **R3:** a4=v1 AND a1=v1 AND a3=v3. This fails because a4=v1, a1=v1, and a3=v3, but the conditions are not all met.
*   **R4:** a1=v2 AND a5=v2 AND a6=v1 AND a2=v3. This fails because a1=v1, a5=v1, a6=v1, and a2=v3.
*   **R5:** a4=v1 AND a1=v1 AND a2=v3 AND a3=v3. This fails because a4=v1, a1=v1, a2=v3, and a3=v3, but the conditions are not all met.
*   **R6:** a4=v1 AND a1=v1 AND a2=v3. This fails because a4=v1, a1=v1, and a2=v3, but the conditions are not all met.
*   **R7:** a2=v1 AND a6=v2 AND a1=v1. This fails because a2=v3, a6=v1, and a1=v1, but the conditions are not all met.
*   **R8:** a4=v2 AND a3=v1. This fails because a4=v1 and a3=v3.
*   **R9:** a3=v2 AND a6=v3 AND a5=v1 AND a2=v3. This fails because a3=v3, a6=v1, a5=v1, and a2=v3, but the conditions are not all met.
*   **R10:** a1=v1 AND a2=v3 AND a3=v3. This fails because a1=v1, a2=v3, and a3=v3, but the conditions are not all met.

None of the rules apply.

ANSWER: None"
exp1_f049_L0,1,L0,R1,a6=v1 AND a3=v2 AND a1=v2 AND a4=v1,True,,,"Let's analyze the rules against the query:

*   **R1:** a6=v1 AND a3=v2 AND a1=v2 AND a4=v1.  This fails because a6=v1, a3=v2, a1=v2, a4=v1.  Only a3=v2 and a1=v2 match the query, but R1 requires ALL conditions to be met.
*   **R2:** a4=v2 AND a6=v3 AND a2=v2. This fails because a4=v1, a6=v1, a2=v2.
*   **R3:** a1=v1 AND a2=v1 AND a6=v1. This fails because a1=v2, a2=v2, a6=v1.
*   **R4:** a1=v1 AND a4=v2. This fails because a1=v2, a4=v1.
*   **R5:** a2=v3 AND a6=v2 AND a5=v1 AND a4=v1. This fails because a2=v2, a6=v1, a5=v1, a4=v1.
*   **R6:** a6=v3 AND a2=v1 AND a3=v2. This fails because a6=v1, a2=v2, a3=v2.
*   **R7:** a2=v3 AND a4=v2 AND a6=v1 AND a1=v2. This fails because a2=v2, a4=v1, a6=v1, a1=v2.
*   **R8:** a6=v2 AND a3=v1 AND a5=v1. This fails because a6=v1, a3=v2, a5=v1.
*   **R9:** a5=v3 AND a4=v2 AND a6=v1. This fails because a5=v1, a4=v1, a6=v1.
*   **R10:** a5=v2 AND a6=v2 AND a3=v2 AND a1=v2. This fails because a5=v1, a6=v1, a3=v2, a1=v2.

None of the rules apply.

ANSWER: None"
exp1_f049_L1,1,L1,R1,a6=v1 AND a3=v2 AND a1=v2 AND a4=v1,True,,,"Let's analyze the rules against the query:

*   **R1:** a6=v1 AND a3=v2 AND a1=v2 AND a4=v1.  This fails because a3=v2 and a1=v2, but a6=v1 and a4=v1.
*   **R2:** a4=v2 AND a6=v3 AND a2=v2. This fails because a4=v1 and a6=v1.
*   **R3:** a1=v1 AND a2=v1 AND a6=v1. This fails because a1=v2, a2=v2, and a6=v1.
*   **R4:** a1=v1 AND a4=v2. This fails because a1=v2 and a4=v1.
*   **R5:** a2=v3 AND a6=v2 AND a5=v1 AND a4=v1. This fails because a2=v2, a6=v1, a5=v1, and a4=v1.
*   **R6:** a6=v1 AND a1=v2 AND a4=v1. This fails because a6=v1, a1=v2, and a4=v1, but the conditions are not all met.
*   **R7:** a2=v3 AND a4=v2 AND a6=v1 AND a1=v2. This fails because a2=v2, a4=v1, a6=v1, and a1=v2.
*   **R8:** a6=v2 AND a3=v1 AND a5=v1. This fails because a6=v1, a3=v2, and a5=v1.
*   **R9:** a5=v3 AND a4=v2 AND a6=v1. This fails because a5=v1, a4=v1, and a6=v1.
*   **R10:** a5=v2 AND a6=v2 AND a3=v2 AND a1=v2. This fails because a5=v1, a6=v1, a3=v2, and a1=v2.

None of the rules apply.

ANSWER: None"
exp1_f050_L0,1,L0,R9,a6=v1 AND a3=v3 AND a4=v3 AND a2=v1,True,,,"Let's analyze the rules against the query:

*   **R1:** a5=v1 AND a1=v3.  This fails because a5=v3 and a1=v1.
*   **R2:** a6=v2 AND a5=v2 AND a2=v1. This fails because a6=v1, a5=v3, and a2=v1.
*   **R3:** a6=v3 AND a3=v2 AND a4=v3. This fails because a6=v1, a3=v3, and a4=v3.
*   **R4:** a2=v2 AND a1=v3 AND a6=v1 AND a3=v3. This fails because a2=v1, a1=v1, a6=v1, and a3=v3.
*   **R5:** a3=v2 AND a4=v1 AND a2=v1. This fails because a3=v3, a4=v3, and a2=v1.
*   **R6:** a3=v2 AND a1=v2 AND a4=v3 AND a6=v1. This fails because a3=v3, a1=v1, a4=v3, and a6=v1.
*   **R7:** a5=v2 AND a6=v3 AND a3=v3. This fails because a5=v3, a6=v1, and a3=v3.
*   **R8:** a3=v1 AND a2=v3 AND a5=v3. This fails because a3=v3, a2=v1, and a5=v3.
*   **R9:** a6=v1 AND a3=v3 AND a4=v3 AND a2=v1. This fails because a6=v1, a3=v3, a4=v3, and a2=v1.
*   **R10:** a2=v2 AND a1=v2 AND a3=v3 AND a4=v3. This fails because a2=v1, a1=v1, a3=v3, and a4=v3.

None of the rules apply.

ANSWER: None"
exp1_f051_L0,1,L0,R5,a5=v1 AND a2=v2 AND a1=v1 AND a3=v1,True,,,"Let's analyze the rules against the query:

*   **R1:** a6=v3 AND a4=v3 AND a1=v1.  This fails because a6=v1, a4=v1, and a1=v1.
*   **R2:** a3=v3 AND a2=v3 AND a5=v1 AND a6=v1. This fails because a3=v1, a2=v2, a5=v1, and a6=v1.
*   **R3:** a1=v2 AND a5=v3 AND a3=v1. This fails because a1=v1, a5=v1, and a3=v1.
*   **R4:** a6=v3 AND a3=v2 AND a2=v2 AND a5=v1. This fails because a6=v1, a3=v1, a2=v2, and a5=v1.
*   **R5:** a5=v1 AND a2=v2 AND a1=v1 AND a3=v1. This fails because a5=v1, a2=v2, a1=v1, and a3=v1.
*   **R6:** a3=v2 AND a1=v2 AND a5=v1. This fails because a3=v1, a1=v1, and a5=v1.
*   **R7:** a2=v1 AND a6=v3. This fails because a2=v2 and a6=v1.
*   **R8:** a6=v3 AND a5=v3 AND a2=v2 AND a4=v1. This fails because a6=v1, a5=v1, a2=v2, and a4=v1.
*   **R9:** a5=v3 AND a2=v1 AND a6=v1. This fails because a5=v1, a2=v2, and a6=v1.
*   **R10:** a5=v3 AND a1=v2 AND a2=v2. This fails because a5=v1, a1=v1, and a2=v2.

None of the rules apply.

ANSWER: None"
exp1_f051_L1,1,L1,R5,a5=v1 AND a2=v2 AND a1=v1 AND a3=v1,True,,,"Let's analyze the rules against the query:

*   **R1:** a6=v3 AND a4=v3 AND a1=v1 - Does not match (a6=v1, a4=v1, a1=v1)
*   **R2:** a3=v3 AND a2=v3 AND a5=v1 AND a6=v1 - Does not match (a3=v1, a2=v2, a5=v1, a6=v1)
*   **R3:** a1=v2 AND a5=v3 AND a3=v1 - Does not match (a1=v1, a5=v1, a3=v1)
*   **R4:** a6=v3 AND a3=v2 AND a2=v2 AND a5=v1 - Does not match (a6=v1, a3=v1, a2=v2, a5=v1)
*   **R5:** a5=v1 AND a2=v2 AND a1=v1 AND a3=v1 - Does not match (a5=v1, a2=v2, a1=v1, a3=v1)
*   **R6:** a3=v2 AND a1=v2 AND a5=v1 - Does not match (a3=v1, a1=v1, a5=v1)
*   **R7:** a2=v1 AND a6=v3 - Does not match (a2=v2, a6=v1)
*   **R8:** a6=v3 AND a5=v3 AND a2=v2 AND a4=v1 - Does not match (a6=v1, a5=v1, a2=v2, a4=v1)
*   **R9:** a5=v1 AND a2=v2 AND a3=v1 - Does not match (a5=v1, a2=v2, a3=v1)
*   **R10:** a5=v3 AND a1=v2 AND a2=v2 - Does not match (a5=v1, a1=v1, a2=v2)

None of the rules match the query.

ANSWER: None"
exp1_f053_L0,1,L0,R6,a5=v2 AND a4=v1 AND a2=v1 AND a1=v2,True,,,"Let's analyze the rules against the query:

*   **R1:** a1=v1 AND a3=v2 AND a4=v1.  This fails because a1=v2, a3=v1, and a4=v1.
*   **R2:** a4=v3 AND a3=v2 AND a1=v2. This fails because a4=v1, a3=v1, and a1=v2.
*   **R3:** a3=v2 AND a4=v3 AND a5=v2 AND a2=v1. This fails because a3=v1, a4=v1, a5=v2, and a2=v1.
*   **R4:** a3=v3 AND a4=v2 AND a6=v3 AND a1=v2. This fails because a3=v1, a4=v1, a6=v3, and a1=v2.
*   **R5:** a6=v2 AND a3=v2. This fails because a6=v3, a3=v1.
*   **R6:** a5=v2 AND a4=v1 AND a2=v1 AND a1=v2. This fails because a5=v2, a4=v1, a2=v1, and a1=v2.
*   **R7:** a1=v3 AND a2=v2 AND a5=v2. This fails because a1=v2, a2=v1, and a5=v2.
*   **R8:** a5=v1 AND a1=v1 AND a2=v1 AND a3=v1. This fails because a5=v2, a1=v2, a2=v1, and a3=v1.
*   **R9:** a4=v3 AND a1=v3 AND a3=v1. This fails because a4=v1, a1=v2, and a3=v1.
*   **R10:** a5=v3 AND a1=v3 AND a4=v1. This fails because a5=v2, a1=v2, and a4=v1.

None of the rules apply.

ANSWER: None"
exp1_f056_L0,1,L0,R6,a2=v1 AND a3=v3 AND a5=v3 AND a4=v1,True,,,"Let's analyze the rules against the query:

*   **R1:** a3=v1 AND a6=v2 AND a5=v3 AND a1=v2.  This fails because a6=v2 is false.
*   **R2:** a4=v3 AND a1=v3 AND a3=v3. This fails because a4=v1 and a1=v2.
*   **R3:** a1=v3 AND a5=v1 AND a4=v1 AND a3=v3. This fails because a1=v2 and a3=v3.
*   **R4:** a3=v1 AND a4=v3 AND a6=v1. This fails because a4=v1.
*   **R5:** a5=v2 AND a3=v1 AND a6=v1. This fails because a5=v3.
*   **R6:** a2=v1 AND a3=v3 AND a5=v3 AND a4=v1. This fails because a2=v1.
*   **R7:** a6=v3 AND a1=v3 AND a4=v1 AND a2=v1. This fails because a6=v1.
*   **R8:** a3=v2 AND a2=v3 AND a4=v1. This fails because a3=v3.
*   **R9:** a4=v2 AND a6=v2. This fails because a4=v1 and a6=v1.
*   **R10:** a3=v1 AND a5=v1 AND a4=v1. This fails because a3=v3 and a5=v3.

Since none of the rules apply, we return an empty string.

ANSWER: 
"
exp1_f058_L0,1,L0,R9,a1=v1 AND a2=v2 AND a5=v1 AND a3=v3,True,,,"Let's evaluate the rules against the query:

*   **R1:** a1=v2 AND a4=v2 AND a3=v3.  This fails because a1=v1, a4=v1, and a3=v3.
*   **R2:** a5=v2 AND a1=v2 AND a6=v3 AND a3=v3. This fails because a5=v1, a1=v1, and a6=v3.
*   **R3:** a1=v3 AND a3=v1 AND a6=v3 AND a2=v2. This fails because a1=v1, a3=v3, a6=v3, and a2=v2.
*   **R4:** a1=v3 AND a3=v2 AND a5=v1. This fails because a1=v1, a3=v3, and a5=v1.
*   **R5:** a6=v2 AND a1=v3. This fails because a6=v3, a1=v1.
*   **R6:** a2=v1 AND a6=v1 AND a5=v1 AND a3=v3. This fails because a2=v2, a6=v3, a5=v1, and a3=v3.
*   **R7:** a4=v3 AND a1=v2 AND a3=v3. This fails because a4=v1, a1=v1, and a3=v3.
*   **R8:** a2=v1 AND a6=v1 AND a4=v1. This fails because a2=v2, a6=v3, and a4=v1.
*   **R9:** a1=v1 AND a2=v2 AND a5=v1 AND a3=v3. This fails because a1=v1, a2=v2, a5=v1, and a3=v3.
*   **R10:** a4=v3 AND a2=v3 AND a3=v3. This fails because a4=v1, a2=v2, and a3=v3.

None of the rules apply.

ANSWER: None"
exp1_f061_L0,1,L0,R7,a4=v3 AND a6=v1 AND a3=v2 AND a1=v1,True,,,"Let's analyze the rules against the query:

*   **R1:** IF a3=v1 AND a6=v3 AND a1=v1.  This fails because a3=v2, a6=v1, and a1=v1.
*   **R2:** IF a1=v2 AND a5=v3 AND a3=v2. This fails because a1=v1, a5=v2, and a3=v2.
*   **R3:** IF a3=v1 AND a5=v1. This fails because a3=v2 and a5=v2.
*   **R4:** IF a2=v3 AND a4=v1 AND a6=v1 AND a3=v2. This fails because a2=v2, a4=v3, a6=v1, and a3=v2.
*   **R5:** IF a3=v3 AND a5=v3 AND a4=v3. This fails because a3=v2, a5=v2, and a4=v3.
*   **R6:** IF a1=v3 AND a4=v1 AND a2=v2. This fails because a1=v1, a4=v3, and a2=v2.
*   **R7:** IF a4=v3 AND a6=v1 AND a3=v2 AND a1=v1. This fails because a4=v3, a6=v1, a3=v2, and a1=v1.
*   **R8:** IF a6=v2 AND a3=v1 AND a5=v2 AND a4=v3. This fails because a6=v1, a3=v2, a5=v2, and a4=v3.
*   **R9:** IF a1=v2 AND a4=v1 AND a5=v2. This fails because a1=v1, a4=v3, and a5=v2.
*   **R10:** IF a1=v3 AND a6=v3 AND a2=v2 AND a5=v2. This fails because a1=v1, a6=v1, a2=v2, and a5=v2.

None of the rules apply.

ANSWER: None"
exp1_f061_L1,1,L1,R7,a4=v3 AND a6=v1 AND a3=v2 AND a1=v1,True,,,"Let's analyze the rules against the query:

*   **R1:** a3=v1 AND a6=v3 AND a1=v1.  This fails because a3=v2 and a6=v1, not v3.
*   **R2:** a1=v2 AND a5=v3 AND a3=v2. This fails because a1=v1, a5=v2, and a3=v2.
*   **R3:** a3=v1 AND a5=v1. This fails because a3=v2 and a5=v2.
*   **R4:** a2=v3 AND a4=v1 AND a6=v1 AND a3=v2. This fails because a2=v2, a4=v3, a6=v1, and a3=v2.
*   **R5:** a3=v3 AND a5=v3 AND a4=v3. This fails because a3=v2, a5=v2, and a4=v3.
*   **R6:** a1=v3 AND a4=v1 AND a2=v2. This fails because a1=v1, a4=v3, and a2=v2.
*   **R7:** a4=v3 AND a6=v1 AND a3=v2 AND a1=v1. This fails because a4=v3, a6=v1, a3=v2, and a1=v1.
*   **R8:** a6=v2 AND a3=v1 AND a5=v2 AND a4=v3. This fails because a6=v1, a3=v2, a5=v2, and a4=v3.
*   **R9:** a4=v3 AND a3=v2 AND a1=v1. This fails because a4=v3, a3=v2, and a1=v1.
*   **R10:** a1=v3 AND a6=v3 AND a2=v2 AND a5=v2. This fails because a1=v1, a6=v1, a2=v2, and a5=v2.

None of the rules apply.

ANSWER: None"
exp1_f061_L2,1,L2,R7,a4=v3 AND a6=v1 AND a3=v2 AND a1=v1,True,,,"Let's analyze the rules against the query:

*   **R1:** a3=v1 AND a6=v3 AND a1=v1.  This fails because a3=v2 and a6=v1, not v3.
*   **R2:** a6=v1 AND a3=v2 AND a1=v1. This fails because a3=v2 and a6=v1, but a1=v1 is true.
*   **R3:** a3=v1 AND a5=v1. This fails because a3=v2 and a5=v2.
*   **R4:** a2=v3 AND a4=v1 AND a6=v1 AND a3=v2. This fails because a2=v2, a4=v3, a6=v1, and a3=v2.
*   **R5:** a3=v3 AND a5=v3 AND a4=v3. This fails because a3=v2, a5=v2, and a4=v3.
*   **R6:** a1=v3 AND a4=v1 AND a2=v2 AND a5=v2. This fails because a1=v1, a4=v3, a2=v2, and a5=v2.
*   **R7:** a4=v3 AND a6=v1 AND a3=v2 AND a1=v1. This fails because a4=v3, a6=v1, a3=v2, and a1=v1.
*   **R8:** a6=v2 AND a3=v1 AND a5=v2 AND a4=v3. This fails because a6=v1, a3=v2, a5=v2, and a4=v3.
*   **R9:** a4=v3 AND a3=v2 AND a1=v1. This fails because a4=v3, a3=v2, and a1=v1.
*   **R10:** a1=v3 AND a6=v3 AND a2=v2 AND a5=v2. This fails because a1=v1, a6=v1, a2=v2, and a5=v2.

None of the rules apply.

ANSWER: None"
exp1_f063_L0,1,L0,R7,a5=v2 AND a6=v1 AND a2=v3 AND a3=v1,True,,,"Let's analyze the rules against the query:

*   **R1:** a2=v1 AND a5=v3 AND a4=v2.  This fails because a2=v3, a5=v2, and a4=v2.
*   **R2:** a5=v1 AND a6=v3 AND a2=v3. This fails because a5=v2, a6=v1, and a2=v3.
*   **R3:** a4=v3 AND a1=v2 AND a6=v1 AND a2=v3. This fails because a4=v2, a1=v1, a6=v1, and a2=v3.
*   **R4:** a6=v3 AND a1=v3 AND a4=v2. This fails because a6=v1, a1=v1, and a4=v2.
*   **R5:** a6=v2 AND a3=v3 AND a1=v1. This fails because a6=v1, a3=v1, and a1=v1.
*   **R6:** a2=v2 AND a5=v3 AND a3=v1 AND a1=v1. This fails because a2=v3, a5=v2, a3=v1, and a1=v1.
*   **R7:** a5=v2 AND a6=v1 AND a2=v3 AND a3=v1. This fails because a5=v2, a6=v1, a2=v3, and a3=v1.
*   **R8:** a4=v1 AND a2=v1 AND a1=v1 AND a6=v1. This fails because a4=v2, a2=v3, a1=v1, and a6=v1.
*   **R9:** a6=v2 AND a2=v1. This fails because a6=v1, a2=v3.
*   **R10:** a3=v3 AND a5=v3 AND a1=v1. This fails because a3=v1, a5=v2, and a1=v1.

None of the rules apply.

ANSWER: None"
exp1_f063_L4,1,L4,R7,a5=v2 AND a6=v1 AND a2=v3 AND a3=v1,True,,,"Let's analyze the rules against the query:

*   **R1:** a6=v1 AND a2=v3 AND a3=v1.  This fails because a2=v3 (matches) but a3=v1 (matches) and a6=v1 (matches) but a4=v2 (doesn't match).
*   **R2:** a5=v2 AND a6=v1 AND a2=v3. This fails because a5=v2 (matches) and a6=v1 (matches) and a2=v3 (matches) but a3=v1 (doesn't match) and a4=v2 (doesn't match).
*   **R3:** a4=v3 AND a1=v2 AND a6=v1 AND a2=v3. This fails because a4=v2 (doesn't match) and a1=v1 (doesn't match) and a6=v1 (matches) and a2=v3 (matches).
*   **R4:** a5=v2 AND a6=v1 AND a3=v1. This fails because a5=v2 (matches) and a6=v1 (matches) and a3=v1 (matches) but a4=v2 (doesn't match).
*   **R5:** a5=v2 AND a2=v3 AND a3=v1. This fails because a5=v2 (matches) and a2=v3 (matches) and a3=v1 (matches) but a4=v2 (doesn't match).
*   **R6:** a2=v2 AND a5=v3 AND a3=v1 AND a1=v1. This fails because a2=v3 (doesn't match) and a5=v2 (doesn't match) and a3=v1 (matches) and a1=v1 (matches).
*   **R7:** a5=v2 AND a6=v1 AND a2=v3 AND a3=v1. This fails because a5=v2 (matches) and a6=v1 (matches) and a2=v3 (matches) and a3=v1 (matches) but a4=v2 (doesn't match).
*   **R8:** a4=v1 AND a2=v1 AND a1=v1 AND a6=v1. This fails because a4=v2 (doesn't match) and a2=v3 (doesn't match) and a1=v1 (matches) and a6=v1 (matches).
*   **R9:** a6=v2 AND a2=v1. This fails because a6=v1 (doesn't match) and a2=v3 (doesn't match).
*   **R10:** a3=v3 AND a5=v3 AND a1=v1. This fails because a3=v1 (doesn't match) and a5=v2 (doesn't match) and a1=v1 (matches).

None of the rules apply.

ANSWER: None
"
exp1_f065_L0,1,L0,R3,a4=v1 AND a6=v2 AND a5=v2 AND a2=v1,True,,,"Let's analyze the rules against the query:

*   **R1:** a5=v3 AND a2=v3 AND a6=v2 AND a3=v3.  This fails because a5=v2, a2=v1, a6=v2, and a3=v3.
*   **R2:** a6=v3 AND a3=v2 AND a1=v3. This fails because a6=v2, a3=v3, and a1=v3.
*   **R3:** a4=v1 AND a6=v2 AND a5=v2 AND a2=v1. This fails because a4=v1, a6=v2, a5=v2, and a2=v1.
*   **R4:** a5=v1 AND a6=v1 AND a2=v1 AND a1=v3. This fails because a5=v2, a6=v2, a2=v1, and a1=v3.
*   **R5:** a4=v3 AND a6=v1 AND a1=v3. This fails because a4=v1, a6=v2, and a1=v3.
*   **R6:** a6=v3 AND a2=v2 AND a3=v3 AND a4=v1. This fails because a6=v2, a2=v1, a3=v3, and a4=v1.
*   **R7:** a6=v1 AND a1=v1 AND a5=v2. This fails because a6=v2, a1=v3, and a5=v2.
*   **R8:** a3=v1 AND a2=v3 AND a6=v2. This fails because a3=v3, a2=v1, and a6=v2.
*   **R9:** a6=v1 AND a1=v2 AND a3=v3. This fails because a6=v2, a1=v3, and a3=v3.
*   **R10:** a5=v3 AND a6=v1. This fails because a5=v2 and a6=v2.

None of the rules apply.

ANSWER: None"
exp1_f065_L1,1,L1,R3,a4=v1 AND a6=v2 AND a5=v2 AND a2=v1,True,,,"Let's analyze the rules against the query:

*   **R1:** a5=v3 AND a2=v3 AND a6=v2 AND a3=v3.  This fails because a5=v2, a2=v1, a6=v2, and a3=v3.
*   **R2:** a6=v3 AND a3=v2 AND a1=v3. This fails because a6=v2, a3=v3, and a1=v3.
*   **R3:** a4=v1 AND a6=v2 AND a5=v2 AND a2=v1. This fails because a4=v1, a6=v2, a5=v2, and a2=v1.
*   **R4:** a5=v1 AND a6=v1 AND a2=v1 AND a1=v3. This fails because a5=v2, a6=v2, a2=v1, and a1=v3.
*   **R5:** a4=v3 AND a6=v1 AND a1=v3. This fails because a4=v1, a6=v2, and a1=v3.
*   **R6:** a6=v3 AND a2=v2 AND a3=v3 AND a4=v1. This fails because a6=v2, a2=v1, a3=v3, and a4=v1.
*   **R7:** a4=v1 AND a6=v2 AND a5=v2 AND a2=v1. This fails because a4=v1, a6=v2, a5=v2, and a2=v1.
*   **R8:** a3=v1 AND a2=v3 AND a6=v2. This fails because a3=v3, a2=v1, and a6=v2.
*   **R9:** a6=v1 AND a1=v2 AND a3=v3. This fails because a6=v2, a1=v3, and a3=v3.
*   **R10:** a5=v3 AND a6=v1. This fails because a5=v2 and a6=v2.

None of the rules apply.

ANSWER: None"
exp1_f065_L2,1,L2,R3,a4=v1 AND a6=v2 AND a5=v2 AND a2=v1,True,,,"Let's analyze the rules against the query:

*   **R1:** a5=v3 AND a2=v3 AND a6=v2 AND a3=v3.  This fails because a5=v2, a2=v1, a6=v2, and a3=v3.
*   **R2:** a6=v3 AND a3=v2 AND a1=v3. This fails because a6=v2, a3=v3, and a1=v3.
*   **R3:** a4=v1 AND a6=v2 AND a5=v2 AND a2=v1. This fails because a4=v1, a6=v2, a5=v2, and a2=v1.
*   **R4:** a5=v1 AND a6=v1 AND a2=v1 AND a1=v3. This fails because a5=v2, a6=v2, a2=v1, and a1=v3.
*   **R5:** a4=v3 AND a6=v1 AND a1=v3. This fails because a4=v1, a6=v2, and a1=v3.
*   **R6:** a6=v3 AND a2=v2 AND a3=v3 AND a4=v1. This fails because a6=v2, a2=v1, a3=v3, and a4=v1.
*   **R7:** a4=v1 AND a6=v2 AND a5=v2 AND a2=v1. This fails because a4=v1, a6=v2, a5=v2, and a2=v1.
*   **R8:** a3=v1 AND a2=v3 AND a6=v2. This fails because a3=v3, a2=v1, and a6=v2.
*   **R9:** a4=v1 AND a5=v2 AND a2=v1. This fails because a4=v1, a5=v2, and a2=v1.
*   **R10:** a5=v3 AND a6=v1. This fails because a5=v2 and a6=v2.

None of the rules apply.

ANSWER: None"
exp1_f065_L4,1,L4,R3,a4=v1 AND a6=v2 AND a5=v2 AND a2=v1,True,,,"Let's analyze the rules against the query:

*   **R1:** a5=v3 AND a2=v3 AND a6=v2 AND a3=v3.  This fails because a5=v2, a2=v1, a6=v2, and a3=v3.
*   **R2:** a6=v2 AND a5=v2 AND a2=v1. This fails because a6=v2, a5=v2, and a2=v1, but it doesn't have all the conditions.
*   **R3:** a4=v1 AND a6=v2 AND a5=v2 AND a2=v1. This fails because a4=v1, a6=v2, a5=v2, and a2=v1, but it doesn't have all the conditions.
*   **R4:** a5=v1 AND a6=v1 AND a2=v1 AND a1=v3. This fails because a5=v2, a6=v2, a2=v1, and a1=v3.
*   **R5:** a4=v1 AND a6=v2 AND a2=v1. This fails because a4=v1, a6=v2, and a2=v1, but it doesn't have all the conditions.
*   **R6:** a6=v3 AND a2=v2 AND a3=v3 AND a4=v1. This fails because a6=v2, a2=v1, a3=v3, and a4=v1.
*   **R7:** a4=v1 AND a6=v2 AND a5=v2. This fails because a4=v1, a6=v2, and a5=v2, but it doesn't have all the conditions.
*   **R8:** a3=v1 AND a2=v3 AND a6=v2. This fails because a3=v3, a2=v1, and a6=v2.
*   **R9:** a4=v1 AND a5=v2 AND a2=v1. This fails because a4=v1, a5=v2, and a2=v1, but it doesn't have all the conditions.
*   **R10:** a5=v3 AND a6=v1. This fails because a5=v2 and a6=v2.

None of the rules apply.

ANSWER: None
"
exp1_f066_L0,1,L0,R9,a6=v2 AND a5=v3 AND a1=v1 AND a2=v3,True,,,"Let's analyze the rules against the query:

*   **R1:** a3=v2 AND a2=v1 AND a5=v3.  This doesn't match because a2=v3 and a3=v3.
*   **R2:** a4=v3 AND a6=v3 AND a5=v3 AND a2=v3. This doesn't match because a4=v1 and a6=v2.
*   **R3:** a2=v2 AND a6=v1 AND a1=v1. This matches because a2=v3, a6=v2, and a1=v1. However, the conditions are not all met.
*   **R4:** a2=v2 AND a3=v2 AND a4=v1. This doesn't match because a2=v3 and a3=v3.
*   **R5:** a4=v2 AND a2=v1 AND a1=v1 AND a5=v3. This doesn't match because a4=v1 and a2=v3.
*   **R6:** a5=v2 AND a3=v2 AND a2=v3. This doesn't match because a5=v3 and a2=v3.
*   **R7:** a6=v1 AND a4=v3 AND a3=v3 AND a2=v3. This doesn't match because a6=v2 and a4=v1.
*   **R8:** a5=v1 AND a1=v2. This doesn't match because a5=v3 and a1=v1.
*   **R9:** a6=v2 AND a5=v3 AND a1=v1 AND a2=v3. This doesn't match because a6=v2, a5=v3, a1=v1, and a2=v3.
*   **R10:** a2=v2 AND a5=v2 AND a4=v1. This doesn't match because a2=v3 and a5=v3.

None of the rules match the query.

ANSWER: None"
exp1_f069_L0,1,L0,R1,a5=v2 AND a1=v1 AND a2=v3 AND a4=v3,True,,,"Let's analyze the rules against the query:

*   **R1:** a5=v2 AND a1=v1 AND a2=v3 AND a4=v3.  This fails because a1=v1 does not match the condition a1=v1.
*   **R2:** a1=v2 AND a3=v1 AND a4=v3 AND a2=v3. This fails because a1=v2 does not match the condition a1=v1.
*   **R3:** a2=v2 AND a4=v2. This fails because a2=v3 does not match the condition a2=v2.
*   **R4:** a5=v3 AND a4=v2 AND a3=v3. This fails because a5=v2 does not match the condition a5=v3.
*   **R5:** a4=v2 AND a2=v1 AND a3=v3. This fails because a2=v3 does not match the condition a2=v1.
*   **R6:** a5=v1 AND a4=v2 AND a3=v3. This fails because a5=v2 does not match the condition a5=v1.
*   **R7:** a1=v2 AND a4=v2 AND a2=v3. This fails because a1=v1 does not match the condition a1=v2.
*   **R8:** a6=v3 AND a2=v1 AND a3=v3 AND a5=v2. This fails because a6=v1 does not match the condition a6=v3.
*   **R9:** a6=v2 AND a1=v3 AND a5=v2 AND a3=v3. This fails because a1=v1 does not match the condition a1=v3.
*   **R10:** a2=v2 AND a4=v1 AND a5=v2. This fails because a4=v3 does not match the condition a4=v1.

None of the rules apply.

ANSWER: None"
exp1_f069_L1,1,L1,R1,a5=v2 AND a1=v1 AND a2=v3 AND a4=v3,True,,,"Let's analyze the rules against the query:

*   **R1:** a5=v2 AND a1=v1 AND a2=v3 AND a4=v3.  This fails because a1=v1 but a6=v1 is not satisfied.
*   **R2:** a1=v2 AND a3=v1 AND a4=v3 AND a2=v3. This fails because a1=v1 and a2=v3 but a1=v2 is not satisfied.
*   **R3:** a2=v2 AND a4=v2. This fails because a2=v3 and a4=v3.
*   **R4:** a5=v3 AND a4=v2 AND a3=v3. This fails because a5=v2 and a3=v3 but a5=v3 is not satisfied.
*   **R5:** a4=v2 AND a2=v1 AND a3=v3. This fails because a2=v3 and a3=v3 but a2=v1 is not satisfied.
*   **R6:** a5=v1 AND a4=v2 AND a3=v3. This fails because a5=v2 and a3=v3 but a5=v1 is not satisfied.
*   **R7:** a5=v2 AND a2=v3 AND a4=v3. This fails because a5=v2 and a2=v3 and a4=v3 are satisfied, but the rule itself is not triggered.
*   **R8:** a6=v3 AND a2=v1 AND a3=v3 AND a5=v2. This fails because a6=v1 and a2=v3 and a3=v3 and a5=v2 are not satisfied.
*   **R9:** a6=v2 AND a1=v3 AND a5=v2 AND a3=v3. This fails because a6=v1 and a1=v1 and a5=v2 and a3=v3 are not satisfied.
*   **R10:** a2=v2 AND a4=v1 AND a5=v2. This fails because a2=v3 and a4=v3 and a5=v2 are not satisfied.

None of the rules apply.

ANSWER: None"
exp1_f070_L0,1,L0,R8,a6=v1 AND a1=v3 AND a2=v2 AND a4=v2,True,,,"Let's analyze the rules against the query:

*   **R1:** IF a3=v1 AND a2=v1.  This fails because a3=v3 and a2=v2.
*   **R2:** IF a5=v1 AND a4=v1 AND a3=v3. This fails because a4=v2 and a5=v3.
*   **R3:** IF a4=v1 AND a1=v2 AND a5=v3. This fails because a4=v2 and a1=v3.
*   **R4:** IF a2=v1 AND a3=v2 AND a1=v3. This fails because a2=v2 and a3=v3.
*   **R5:** IF a2=v1 AND a1=v1 AND a6=v1 AND a3=v3. This fails because a2=v2 and a1=v3.
*   **R6:** IF a1=v2 AND a3=v2 AND a4=v2. This fails because a1=v3, a3=v3 and a4=v2.
*   **R7:** IF a4=v1 AND a5=v1 AND a3=v3 AND a6=v1. This fails because a4=v2 and a6=v1.
*   **R8:** IF a6=v1 AND a1=v3 AND a2=v2 AND a4=v2. This fails because a6=v1, a1=v3, a2=v2 and a4=v2.
*   **R9:** IF a5=v1 AND a4=v3 AND a1=v3. This fails because a5=v3 and a4=v2.
*   **R10:** IF a6=v2 AND a4=v3 AND a5=v3 AND a1=v3. This fails because a6=v1.

None of the rules apply.

ANSWER: None"
exp1_f070_L1,1,L1,R8,a6=v1 AND a1=v3 AND a2=v2 AND a4=v2,True,,,"Let's analyze the rules against the query:

*   **R1:** IF a3=v1 AND a2=v1.  This fails because a3=v3 and a2=v2.
*   **R2:** IF a6=v1 AND a1=v3 AND a2=v2. This fails because a6=v1, a1=v3, and a2=v2 match, but it's not the most specific rule.
*   **R3:** IF a4=v1 AND a1=v2 AND a5=v3. This fails because a4=v2 and a1=v3.
*   **R4:** IF a2=v1 AND a3=v2 AND a1=v3. This fails because a2=v2 and a3=v3.
*   **R5:** IF a2=v1 AND a1=v1 AND a6=v1 AND a3=v3. This fails because a2=v2 and a1=v3.
*   **R6:** IF a1=v2 AND a3=v2 AND a4=v2. This fails because a1=v3, a3=v3, and a4=v2.
*   **R7:** IF a4=v1 AND a5=v1 AND a3=v3 AND a6=v1. This fails because a4=v2 and a6=v1.
*   **R8:** IF a6=v1 AND a1=v3 AND a2=v2 AND a4=v2. This fails because a6=v1, a1=v3, a2=v2, and a4=v2 match, but it's not the most specific rule.
*   **R9:** IF a5=v1 AND a4=v3 AND a1=v3. This fails because a5=v3 and a4=v2.
*   **R10:** IF a6=v2 AND a4=v3 AND a5=v3 AND a1=v3. This fails because a6=v1.

None of the rules apply.

ANSWER: None"
exp1_f070_L2,1,L2,R8,a6=v1 AND a1=v3 AND a2=v2 AND a4=v2,True,,,"Let's analyze the rules against the query:

*   **R1:** IF a3=v1 AND a2=v1.  This fails because a3=v3 and a2=v2.
*   **R2:** IF a6=v1 AND a1=v3 AND a2=v2. This fails because a6=v1, a1=v3, and a2=v2 match, but it's not the most specific rule.
*   **R3:** IF a6=v1 AND a1=v3 AND a4=v2. This fails because a6=v1, a1=v3, and a4=v2 match, but it's not the most specific rule.
*   **R4:** IF a2=v1 AND a3=v2 AND a1=v3. This fails because a2=v2, a3=v3, and a1=v3 match, but it's not the most specific rule.
*   **R5:** IF a2=v1 AND a1=v1 AND a6=v1 AND a3=v3. This fails because a2=v2, a1=v3, a6=v1, and a3=v3 match, but it's not the most specific rule.
*   **R6:** IF a1=v2 AND a3=v2 AND a4=v2. This fails because a1=v3, a3=v3, and a4=v2 match, but it's not the most specific rule.
*   **R7:** IF a4=v1 AND a5=v1 AND a3=v3 AND a6=v1. This fails because a4=v2, a5=v3, a3=v3, and a6=v1 match, but it's not the most specific rule.
*   **R8:** IF a6=v1 AND a1=v3 AND a2=v2 AND a4=v2. This fails because a6=v1, a1=v3, a2=v2, and a4=v2 match, but it's not the most specific rule.
*   **R9:** IF a5=v1 AND a4=v3 AND a1=v3. This fails because a5=v3, a4=v2, and a1=v3 match, but it's not the most specific rule.
*   **R10:** IF a6=v2 AND a4=v3 AND a5=v3 AND a1=v3. This fails because a6=v1, a4=v2, a5=v3, and a1=v3 match, but it's not the most specific rule.

None of the rules apply.

ANSWER: None
"
exp1_f070_L4,1,L4,R8,a6=v1 AND a1=v3 AND a2=v2 AND a4=v2,True,,,"Let's analyze the rules against the query:

*   **R1:** a3=v1 AND a2=v1.  This fails because a3=v3 and a2=v2.
*   **R2:** a6=v1 AND a1=v3 AND a2=v2. This fails because a6=v1, a1=v3, a2=v2, but the conditions are not all met.
*   **R3:** a6=v1 AND a1=v3 AND a4=v2. This fails because a6=v1, a1=v3, a4=v2, but the conditions are not all met.
*   **R4:** a6=v1 AND a2=v2 AND a4=v2. This fails because a6=v1, a2=v2, a4=v2, but the conditions are not all met.
*   **R5:** a2=v1 AND a1=v1 AND a6=v1 AND a3=v3. This fails because a2=v2, a1=v3, a6=v1, a3=v3.
*   **R6:** a1=v2 AND a3=v2 AND a4=v2. This fails because a1=v3, a3=v3, a4=v2.
*   **R7:** a4=v1 AND a5=v1 AND a3=v3 AND a6=v1. This fails because a4=v2, a5=v3, a3=v3, a6=v1.
*   **R8:** a6=v1 AND a1=v3 AND a2=v2 AND a4=v2. This fails because a6=v1, a1=v3, a2=v2, a4=v2, but the conditions are not all met.
*   **R9:** a1=v3 AND a2=v2 AND a4=v2. This fails because a1=v3, a2=v2, a4=v2, but the conditions are not all met.
*   **R10:** a6=v2 AND a4=v3 AND a5=v3 AND a1=v3. This fails because a6=v1, a4=v2, a5=v3, a1=v3.

None of the rules apply.

ANSWER: None"
exp1_f071_L0,1,L0,R2,a2=v3 AND a5=v2 AND a6=v2 AND a4=v2,True,,,"Let's analyze the rules against the query:

*   **R1:** a4=v3 AND a3=v1 AND a1=v3 AND a5=v2.  This doesn't match because a4=v2, a3=v3, a1=v3, and a5=v2.
*   **R2:** a2=v3 AND a5=v2 AND a6=v2 AND a4=v2. This doesn't match because a2=v3, a5=v2, a6=v2, and a4=v2.
*   **R3:** a5=v1 AND a3=v2 AND a6=v2. This doesn't match because a5=v2, a3=v3, and a6=v2.
*   **R4:** a3=v2 AND a1=v2. This doesn't match because a3=v3 and a1=v3.
*   **R5:** a1=v1 AND a4=v3 AND a2=v3 AND a3=v3. This doesn't match because a1=v3, a4=v2, a2=v3, and a3=v3.
*   **R6:** a1=v2 AND a5=v3 AND a2=v3. This doesn't match because a1=v3, a5=v2, and a2=v3.
*   **R7:** a3=v1 AND a2=v1 AND a4=v2. This doesn't match because a3=v3, a2=v3, and a4=v2.
*   **R8:** a5=v3 AND a4=v3 AND a2=v3. This doesn't match because a5=v2, a4=v2, and a2=v3.
*   **R9:** a5=v3 AND a6=v3 AND a3=v3. This doesn't match because a5=v2, a6=v2, and a3=v3.
*   **R10:** a6=v1 AND a4=v3 AND a1=v3 AND a2=v3. This doesn't match because a6=v2, a4=v2, a1=v3, and a2=v3.

None of the rules match the query.

ANSWER: None"
exp1_f071_L1,1,L1,R2,a2=v3 AND a5=v2 AND a6=v2 AND a4=v2,True,,,"Let's analyze the rules against the query:

*   **R1:** a4=v3 AND a3=v1 AND a1=v3 AND a5=v2.  This doesn't match because a4=v2, a3=v3, a1=v3, and a5=v2.
*   **R2:** a2=v3 AND a5=v2 AND a6=v2 AND a4=v2. This doesn't match because a2=v3, a5=v2, a6=v2, and a4=v2.
*   **R3:** a5=v1 AND a3=v2 AND a6=v2. This doesn't match because a5=v2, a3=v3, and a6=v2.
*   **R4:** a3=v2 AND a1=v2. This doesn't match because a3=v3 and a1=v3.
*   **R5:** a1=v1 AND a4=v3 AND a2=v3 AND a3=v3. This doesn't match because a1=v3, a4=v2, a2=v3, and a3=v3.
*   **R6:** a1=v2 AND a5=v3 AND a2=v3. This doesn't match because a1=v3, a5=v2, and a2=v3.
*   **R7:** a2=v3 AND a6=v2 AND a4=v2. This doesn't match because a2=v3, a6=v2, and a4=v2.
*   **R8:** a5=v3 AND a4=v3 AND a2=v3. This doesn't match because a5=v2, a4=v2, and a2=v3.
*   **R9:** a5=v3 AND a6=v3 AND a3=v3. This doesn't match because a5=v2, a6=v2, and a3=v3.
*   **R10:** a6=v1 AND a4=v3 AND a1=v3 AND a2=v3. This doesn't match because a6=v2, a4=v2, a1=v3, and a2=v3.

None of the rules match the query.

ANSWER: None"
exp1_f071_L2,1,L2,R2,a2=v3 AND a5=v2 AND a6=v2 AND a4=v2,True,,,"Let's analyze the rules against the query:

*   **R1:** a4=v3 AND a3=v1 AND a1=v3 AND a5=v2.  This doesn't match because a4=v2, a3=v3, a1=v3, and a5=v2.
*   **R2:** a2=v3 AND a5=v2 AND a6=v2 AND a4=v2. This doesn't match because a2=v3, a5=v2, a6=v2, and a4=v2.
*   **R3:** a5=v2 AND a6=v2 AND a4=v2. This doesn't match because a5=v2, a6=v2, and a4=v2, but the query has a4=v2.
*   **R4:** a3=v2 AND a1=v2. This doesn't match because a3=v3 and a1=v3.
*   **R5:** a1=v1 AND a4=v3 AND a2=v3 AND a3=v3. This doesn't match because a1=v3, a4=v2, a2=v3, and a3=v3.
*   **R6:** a1=v2 AND a5=v3 AND a2=v3. This doesn't match because a1=v3, a5=v2, and a2=v3.
*   **R7:** a2=v3 AND a6=v2 AND a4=v2. This doesn't match because a2=v3, a6=v2, and a4=v2.
*   **R8:** a5=v3 AND a4=v3 AND a2=v3. This doesn't match because a5=v2, a4=v2, and a2=v3.
*   **R9:** a5=v3 AND a6=v3 AND a3=v3. This doesn't match because a5=v2, a6=v2, and a3=v3.
*   **R10:** a6=v1 AND a4=v3 AND a1=v3 AND a2=v3. This doesn't match because a6=v2, a4=v2, a1=v3, and a2=v3.

None of the rules match the query.

ANSWER: None
"
exp1_f071_L4,1,L4,R2,a2=v3 AND a5=v2 AND a6=v2 AND a4=v2,True,,,"Let's analyze the rules against the query:

*   **R1:** a4=v3 AND a3=v1 AND a1=v3 AND a5=v2.  This rule fails because a3=v3, not v1, and a4=v2, not v3.
*   **R2:** a2=v3 AND a5=v2 AND a6=v2 AND a4=v2. This rule fails because a2=v3, but a3=v3, not v3.
*   **R3:** a5=v2 AND a6=v2 AND a4=v2. This rule fails because a3=v3, not v2.
*   **R4:** a3=v2 AND a1=v2. This rule fails because a3=v3, not v2, and a1=v3, not v2.
*   **R5:** a1=v1 AND a4=v3 AND a2=v3 AND a3=v3. This rule fails because a1=v3, not v1, and a4=v2, not v3.
*   **R6:** a1=v2 AND a5=v3 AND a2=v3. This rule fails because a1=v3, not v2, and a5=v2, not v3.
*   **R7:** a2=v3 AND a6=v2 AND a4=v2. This rule fails because a2=v3, but a3=v3, not v3.
*   **R8:** a2=v3 AND a5=v2 AND a6=v2. This rule fails because a2=v3, but a3=v3, not v3.
*   **R9:** a2=v3 AND a5=v2 AND a4=v2. This rule fails because a2=v3, but a3=v3, not v3.
*   **R10:** a6=v1 AND a4=v3 AND a1=v3 AND a2=v3. This rule fails because a6=v2, not v1, and a1=v3, not v3.

None of the rules apply.

ANSWER: None"
exp1_f078_L0,1,L0,R7,a5=v1 AND a3=v2 AND a2=v3 AND a4=v3,True,,,"Let's analyze the rules against the query:

*   **R1:** a1=v2 AND a2=v1 AND a6=v1.  This doesn't match because a1=v3, a2=v3, and a6=v1.
*   **R2:** a3=v1 AND a4=v1 AND a6=v1. This doesn't match because a3=v2, a4=v3, and a6=v1.
*   **R3:** a1=v1 AND a3=v1 AND a2=v3 AND a5=v1. This doesn't match because a1=v3, a3=v2, a2=v3, and a5=v1.
*   **R4:** a5=v3 AND a4=v1. This doesn't match because a5=v1 and a4=v3.
*   **R5:** a2=v1 AND a4=v2 AND a1=v3 AND a6=v1. This doesn't match because a2=v3, a4=v3, a1=v3, and a6=v1.
*   **R6:** a1=v2 AND a6=v3 AND a4=v3 AND a3=v2. This doesn't match because a1=v3, a6=v1, a4=v3, and a3=v2.
*   **R7:** a5=v1 AND a3=v2 AND a2=v3 AND a4=v3. This doesn't match because a5=v1, a3=v2, a2=v3, and a4=v3.
*   **R8:** a5=v2 AND a3=v3 AND a1=v3. This doesn't match because a5=v1, a3=v2, and a1=v3.
*   **R9:** a5=v2 AND a1=v1 AND a6=v1. This doesn't match because a5=v1, a1=v3, and a6=v1.
*   **R10:** a2=v1 AND a5=v3 AND a4=v3. This doesn't match because a2=v3, a5=v1, and a4=v3.

None of the rules match the query.

ANSWER: None"
exp1_f079_L0,1,L0,R9,a5=v3 AND a6=v1 AND a4=v3 AND a3=v1,True,,,"Let's analyze the rules against the query:

*   **R1:** a5=v2 AND a6=v3 AND a4=v3 - Does not match (a5=v3, a6=v1, a4=v3)
*   **R2:** a3=v3 AND a1=v1 - Does not match (a3=v1, a1=v3)
*   **R3:** a5=v2 AND a3=v3 AND a6=v1 - Does not match (a5=v3, a3=v1, a6=v1)
*   **R4:** a5=v2 AND a3=v3 AND a6=v1 AND a2=v3 - Does not match (a5=v3, a3=v1, a6=v1, a2=v3)
*   **R5:** a6=v2 AND a3=v3 AND a2=v3 AND a5=v3 - Does not match (a6=v1, a3=v1, a2=v3, a5=v3)
*   **R6:** a2=v2 AND a3=v2 AND a1=v3 - Does not match (a2=v3, a3=v1, a1=v3)
*   **R7:** a2=v2 AND a5=v1 AND a4=v3 - Does not match (a2=v3, a5=v3, a4=v3)
*   **R8:** a1=v1 AND a6=v2 AND a3=v1 AND a4=v3 - Does not match (a1=v3, a6=v1, a3=v1, a4=v3)
*   **R9:** a5=v3 AND a6=v1 AND a4=v3 AND a3=v1 - Does not match (a5=v3, a6=v1, a4=v3, a3=v1)
*   **R10:** a6=v2 AND a4=v1 AND a5=v3 - Does not match (a6=v1, a4=v3, a5=v3)

None of the rules match the query.

ANSWER: None"
exp1_f079_L1,1,L1,R9,a5=v3 AND a6=v1 AND a4=v3 AND a3=v1,True,,,"Let's analyze the rules against the query:

*   **R1:** a5=v2 AND a6=v3 AND a4=v3 - Does not match (a5=v3, a6=v1, a4=v3)
*   **R2:** a3=v3 AND a1=v1 - Does not match (a3=v1, a1=v3)
*   **R3:** a5=v2 AND a3=v3 AND a6=v1 - Does not match (a5=v3, a3=v1, a6=v1)
*   **R4:** a5=v2 AND a3=v3 AND a6=v1 AND a2=v3 - Does not match (a5=v3, a3=v1, a6=v1, a2=v3)
*   **R5:** a6=v2 AND a3=v3 AND a2=v3 AND a5=v3 - Does not match (a6=v1, a3=v1, a2=v3, a5=v3)
*   **R6:** a2=v2 AND a3=v2 AND a1=v3 - Does not match (a2=v3, a3=v1, a1=v3)
*   **R7:** a2=v2 AND a5=v1 AND a4=v3 - Does not match (a2=v3, a5=v3, a4=v3)
*   **R8:** a1=v1 AND a6=v2 AND a3=v1 AND a4=v3 - Does not match (a1=v3, a6=v1, a3=v1, a4=v3)
*   **R9:** a5=v3 AND a6=v1 AND a4=v3 AND a3=v1 - Does not match (a5=v3, a6=v1, a4=v3, a3=v1)
*   **R10:** a5=v3 AND a6=v1 AND a4=v3 - Does not match (a5=v3, a6=v1, a4=v3)

None of the rules match the query.

ANSWER: None"
exp1_f079_L2,1,L2,R9,a5=v3 AND a6=v1 AND a4=v3 AND a3=v1,True,,,"Let's analyze the rules against the query:

*   **R1:** a5=v2 AND a6=v3 AND a4=v3 - Does not match (a5=v3, a6=v1, a4=v3)
*   **R2:** a3=v3 AND a1=v1 - Does not match (a3=v1, a1=v3)
*   **R3:** a5=v2 AND a3=v3 AND a6=v1 - Does not match (a5=v3, a3=v1, a6=v1)
*   **R4:** a5=v2 AND a3=v3 AND a6=v1 AND a2=v3 - Does not match (a5=v3, a3=v1, a6=v1, a2=v3)
*   **R5:** a6=v2 AND a3=v3 AND a2=v3 AND a5=v3 - Does not match (a6=v1, a3=v1, a2=v3, a5=v3)
*   **R6:** a2=v2 AND a3=v2 AND a1=v3 - Does not match (a2=v3, a3=v1, a1=v3)
*   **R7:** a5=v3 AND a4=v3 AND a3=v1 - Does not match (a5=v3, a4=v3, a3=v1)
*   **R8:** a1=v1 AND a6=v2 AND a3=v1 AND a4=v3 - Does not match (a1=v3, a6=v1, a3=v1, a4=v3)
*   **R9:** a5=v3 AND a6=v1 AND a4=v3 AND a3=v1 - Does not match (a5=v3, a6=v1, a4=v3, a3=v1)
*   **R10:** a5=v3 AND a6=v1 AND a4=v3 - Does not match (a5=v3, a6=v1, a4=v3)

None of the rules match the query.

ANSWER: None"
exp1_f081_L0,1,L0,R5,a5=v1 AND a6=v3 AND a2=v2 AND a1=v2,True,,,"Let's analyze the rules against the query:

*   **R1:** a3=v1 AND a5=v3 AND a1=v2.  This doesn't match because a3=v3, a5=v1, and a1=v2.
*   **R2:** a3=v1 AND a5=v3 AND a4=v3. This doesn't match because a3=v3, a5=v1, and a4=v3.
*   **R3:** a3=v1 AND a2=v3 AND a5=v1. This doesn't match because a3=v3, a2=v2, and a5=v1.
*   **R4:** a3=v2 AND a5=v2 AND a1=v2. This doesn't match because a3=v3, a5=v1, and a1=v2.
*   **R5:** a5=v1 AND a6=v3 AND a2=v2 AND a1=v2. This doesn't match because a5=v1, a6=v3, a2=v2, and a1=v2.
*   **R6:** a6=v1 AND a1=v1 AND a5=v1 AND a3=v3. This doesn't match because a6=v3, a1=v2, a5=v1, and a3=v3.
*   **R7:** a1=v3 AND a2=v1 AND a5=v1 AND a3=v3. This doesn't match because a1=v2, a2=v2, a5=v1, and a3=v3.
*   **R8:** a4=v1 AND a3=v2 AND a5=v1. This doesn't match because a4=v3, a3=v3, and a5=v1.
*   **R9:** a5=v3 AND a2=v1 AND a3=v3 AND a1=v2. This doesn't match because a5=v1, a2=v2, a3=v3, and a1=v2.
*   **R10:** a3=v2 AND a4=v1. This doesn't match because a3=v3, a4=v3, and a5=v1.

None of the rules match the query.

ANSWER: None"
exp1_f081_L1,1,L1,R5,a5=v1 AND a6=v3 AND a2=v2 AND a1=v2,True,,,"Let's analyze the rules against the query:

*   **R1:** a5=v1 AND a6=v3 AND a2=v2.  This fails because a2=v2 is false.
*   **R2:** a3=v1 AND a5=v3 AND a4=v3. This fails because a3=v1 is false.
*   **R3:** a3=v1 AND a2=v3 AND a5=v1. This fails because a3=v1 is false and a2=v3 is false.
*   **R4:** a3=v2 AND a5=v2 AND a1=v2. This fails because a3=v2 is false.
*   **R5:** a5=v1 AND a6=v3 AND a2=v2 AND a1=v2. This fails because a2=v2 is false.
*   **R6:** a6=v1 AND a1=v1 AND a5=v1 AND a3=v3. This fails because a6=v1 is false and a1=v1 is false.
*   **R7:** a1=v3 AND a2=v1 AND a5=v1 AND a3=v3. This fails because a1=v3 is false and a2=v1 is false.
*   **R8:** a4=v1 AND a3=v2 AND a5=v1. This fails because a4=v1 is false.
*   **R9:** a5=v3 AND a2=v1 AND a3=v3 AND a1=v2. This fails because a5=v3 is false.
*   **R10:** a3=v2 AND a4=v1. This fails because a4=v1 is false.

None of the rules apply.

ANSWER: None"
exp1_f081_L2,1,L2,R5,a5=v1 AND a6=v3 AND a2=v2 AND a1=v2,True,,,"Let's analyze the rules against the query:

*   **R1:** a5=v1 AND a6=v3 AND a2=v2 - Does not match (a2=v2, but a2=v2)
*   **R2:** a3=v1 AND a5=v3 AND a4=v3 - Does not match (a3=v3, but a3=v1)
*   **R3:** a3=v1 AND a2=v3 AND a5=v1 - Does not match (a3=v3, a2=v2, a5=v1)
*   **R4:** a3=v2 AND a5=v2 AND a1=v2 - Does not match (a3=v3, a5=v1, a1=v2)
*   **R5:** a5=v1 AND a6=v3 AND a2=v2 AND a1=v2 - Does not match (a5=v1, a6=v3, a2=v2, a1=v2)
*   **R6:** a6=v1 AND a1=v1 AND a5=v1 AND a3=v3 - Does not match (a6=v3, a1=v2, a5=v1, a3=v3)
*   **R7:** a1=v3 AND a2=v1 AND a5=v1 AND a3=v3 - Does not match (a1=v2, a2=v2, a5=v1, a3=v3)
*   **R8:** a5=v1 AND a6=v3 AND a1=v2 - Does not match (a5=v1, a6=v3, a1=v2)
*   **R9:** a5=v3 AND a2=v1 AND a3=v3 AND a1=v2 - Does not match (a5=v1, a2=v2, a3=v3, a1=v2)
*   **R10:** a3=v2 AND a4=v1 - Does not match (a3=v3, a4=v3)

None of the rules match the query.

ANSWER: None"
exp1_f081_L4,1,L4,R5,a5=v1 AND a6=v3 AND a2=v2 AND a1=v2,True,,,"Let's analyze the rules against the query:

*   **R1:** a5=v1 AND a6=v3 AND a2=v2.  This fails because a2 is not v2.
*   **R2:** a6=v3 AND a2=v2 AND a1=v2. This fails because a1 is not v2.
*   **R3:** a3=v1 AND a2=v3 AND a5=v1. This fails because a3 is not v1 and a2 is not v3.
*   **R4:** a5=v1 AND a2=v2 AND a1=v2. This fails because a1 is not v2.
*   **R5:** a5=v1 AND a6=v3 AND a2=v2 AND a1=v2. This fails because a1 is not v2.
*   **R6:** a1=v3 AND a2=v1 AND a5=v1 AND a3=v3. This fails because a1 is not v3.
*   **R7:** a1=v3 AND a2=v1 AND a5=v1 AND a3=v3. This fails because a1 is not v3.
*   **R8:** a5=v1 AND a6=v3 AND a1=v2. This fails because a1 is not v2.
*   **R9:** a5=v3 AND a2=v1 AND a3=v3 AND a1=v2. This fails because a5 is not v3.
*   **R10:** a3=v2 AND a4=v1. This fails because a3 is not v2.

None of the rules apply.

ANSWER: None"
exp1_f082_L0,1,L0,R1,a5=v1 AND a3=v1 AND a1=v2 AND a2=v1,True,,,"Let's analyze the rules against the query:

*   **R1:** a5=v1 AND a3=v1 AND a1=v2 AND a2=v1.  This fails because a5=v1 is true, a3=v1 is true, a1=v2 is true, and a2=v1 is true, but the conditions are not all met.
*   **R2:** a3=v3 AND a4=v1 AND a2=v1. This fails because a3=v3 is false.
*   **R3:** a2=v2 AND a3=v2 AND a4=v2. This fails because a2=v1 is false.
*   **R4:** a5=v3 AND a3=v2 AND a6=v3 AND a2=v1. This fails because a5=v3 is false.
*   **R5:** a5=v2 AND a4=v1 AND a1=v2. This fails because a5=v2 is false.
*   **R6:** a6=v1 AND a3=v2 AND a5=v1. This fails because a6=v1 is false.
*   **R7:** a5=v3 AND a3=v3 AND a1=v2 AND a6=v3. This fails because a5=v3 is false.
*   **R8:** a3=v2 AND a4=v1 AND a1=v2. This fails because a3=v1 is false.
*   **R9:** a1=v3 AND a5=v2. This fails because a1=v2 is false.
*   **R10:** a1=v3 AND a3=v2 AND a5=v1 AND a2=v1. This fails because a1=v3 is false.

Since none of the rules apply, we return an empty string.

ANSWER: 

"
exp1_f082_L1,1,L1,R1,a5=v1 AND a3=v1 AND a1=v2 AND a2=v1,True,,,"Let's analyze the rules against the query:

*   **R1:** a5=v1 AND a3=v1 AND a1=v2 AND a2=v1.  This rule has 4 conditions.  It does *not* match because a4=v2 and a6=v3.
*   **R2:** a3=v3 AND a4=v1 AND a2=v1. This rule has 3 conditions. It does *not* match because a3=v1 and a4=v2 and a2=v1.
*   **R3:** a2=v2 AND a3=v2 AND a4=v2. This rule has 3 conditions. It does *not* match because a2=v1, a3=v1 and a4=v2.
*   **R4:** a5=v3 AND a3=v2 AND a6=v3 AND a2=v1. This rule has 4 conditions. It does *not* match because a5=v1, a3=v1 and a6=v3.
*   **R5:** a5=v2 AND a4=v1 AND a1=v2. This rule has 3 conditions. It does *not* match because a5=v1, a4=v2 and a1=v2.
*   **R6:** a5=v1 AND a3=v1 AND a2=v1. This rule has 3 conditions. It does *not* match because a4=v2 and a6=v3.
*   **R7:** a5=v3 AND a3=v3 AND a1=v2 AND a6=v3. This rule has 4 conditions. It does *not* match because a5=v1, a3=v1 and a6=v3.
*   **R8:** a3=v2 AND a4=v1 AND a1=v2. This rule has 3 conditions. It does *not* match because a3=v1, a4=v2 and a1=v2.
*   **R9:** a1=v3 AND a5=v2. This rule has 2 conditions. It does *not* match because a1=v2, a5=v1.
*   **R10:** a1=v3 AND a3=v2 AND a5=v1 AND a2=v1. This rule has 4 conditions. It does *not* match because a1=v2, a3=v1 and a5=v1.

None of the rules match the query.

ANSWER: None"
exp1_f084_L0,1,L0,R7,a2=v3 AND a4=v3 AND a5=v2 AND a1=v2,True,,,"Let's analyze the rules against the query:

*   **R1:** a4=v2 AND a6=v3 AND a3=v2.  This fails because a4=v3, a6=v2, and a3=v2.
*   **R2:** a5=v3 AND a6=v3 AND a2=v3 AND a4=v3. This fails because a5=v2, a6=v2, a2=v3, and a4=v3.
*   **R3:** a5=v1 AND a2=v2 AND a4=v3. This fails because a5=v2, a2=v3, and a4=v3.
*   **R4:** a4=v1 AND a1=v3. This fails because a4=v3, a1=v2.
*   **R5:** a5=v1 AND a4=v2 AND a1=v2. This fails because a5=v2, a4=v3, and a1=v2.
*   **R6:** a4=v1 AND a6=v1 AND a1=v2 AND a3=v2. This fails because a4=v3, a6=v2, a1=v2, and a3=v2.
*   **R7:** a2=v3 AND a4=v3 AND a5=v2 AND a1=v2. This fails because a2=v3, a4=v3, a5=v2, and a1=v2.
*   **R8:** a4=v1 AND a5=v3 AND a1=v2. This fails because a4=v3, a5=v2, and a1=v2.
*   **R9:** a4=v2 AND a1=v1 AND a2=v3. This fails because a4=v3, a1=v2, and a2=v3.
*   **R10:** a2=v1 AND a4=v1 AND a3=v2 AND a5=v2. This fails because a2=v3, a4=v3, a3=v2, and a5=v2.

None of the rules apply.

ANSWER: None"
exp1_f084_L1,1,L1,R7,a2=v3 AND a4=v3 AND a5=v2 AND a1=v2,True,,,"Let's analyze the rules against the query:

*   **R1:** a4=v2 AND a6=v3 AND a3=v2 - Does not match (a4=v3, a6=v2, a3=v2)
*   **R2:** a5=v3 AND a6=v3 AND a2=v3 AND a4=v3 - Does not match (a5=v2, a6=v2, a2=v3, a4=v3)
*   **R3:** a5=v1 AND a2=v2 AND a4=v3 - Does not match (a5=v2, a2=v3, a4=v3)
*   **R4:** a4=v1 AND a1=v3 - Does not match (a4=v3, a1=v2)
*   **R5:** a5=v1 AND a4=v2 AND a1=v2 - Does not match (a5=v2, a4=v3, a1=v2)
*   **R6:** a4=v1 AND a6=v1 AND a1=v2 AND a3=v2 - Does not match (a4=v3, a6=v2, a1=v2, a3=v2)
*   **R7:** a2=v3 AND a4=v3 AND a5=v2 AND a1=v2 - Does not match (a2=v3, a4=v3, a5=v2, a1=v2)
*   **R8:** a4=v3 AND a5=v2 AND a1=v2 - Does not match (a4=v3, a5=v2, a1=v2)
*   **R9:** a4=v2 AND a1=v1 AND a2=v3 - Does not match (a4=v3, a1=v2, a2=v3)
*   **R10:** a2=v1 AND a4=v1 AND a3=v2 AND a5=v2 - Does not match (a2=v3, a4=v3, a3=v2, a5=v2)

None of the rules match the query.

ANSWER: None"
exp1_f084_L2,1,L2,R7,a2=v3 AND a4=v3 AND a5=v2 AND a1=v2,True,,,"Let's analyze the rules against the query:

*   **R1:** a4=v2 AND a6=v3 AND a3=v2.  This fails because a4=v3, a6=v2, and a3=v2.
*   **R2:** a5=v3 AND a6=v3 AND a2=v3 AND a4=v3. This fails because a5=v2, a6=v2, a2=v3, and a4=v3.
*   **R3:** a5=v1 AND a2=v2 AND a4=v3. This fails because a5=v2, a2=v3, and a4=v3.
*   **R4:** a4=v1 AND a1=v3. This fails because a4=v3, a1=v2.
*   **R5:** a5=v1 AND a4=v2 AND a1=v2. This fails because a5=v2, a4=v3, and a1=v2.
*   **R6:** a4=v1 AND a6=v1 AND a1=v2 AND a3=v2. This fails because a4=v3, a6=v2, a1=v2, and a3=v2.
*   **R7:** a2=v3 AND a4=v3 AND a5=v2 AND a1=v2. This fails because a2=v3, a4=v3, a5=v2, and a1=v2.
*   **R8:** a4=v3 AND a5=v2 AND a1=v2. This fails because a4=v3, a5=v2, and a1=v2.
*   **R9:** a2=v3 AND a5=v2 AND a1=v2. This fails because a2=v3, a5=v2, and a1=v2.
*   **R10:** a2=v1 AND a4=v1 AND a3=v2 AND a5=v2. This fails because a2=v3, a4=v3, a3=v2, and a5=v2.

None of the rules apply.

ANSWER: None"
exp1_f086_L0,1,L0,R6,a5=v1 AND a1=v2 AND a3=v2 AND a2=v2,True,,,"Let's analyze the rules against the query:

*   **R1:** IF a3=v1 AND a5=v2 - Does not match (a3=v2, a5=v1)
*   **R2:** IF a6=v3 AND a5=v3 AND a3=v2 - Does not match (a6=v2, a5=v1, a3=v2)
*   **R3:** IF a3=v1 AND a5=v2 AND a4=v2 - Does not match (a3=v2, a5=v1, a4=v2)
*   **R4:** IF a5=v2 AND a1=v3 AND a6=v2 - Does not match (a5=v1, a1=v2, a6=v2)
*   **R5:** IF a6=v1 AND a2=v3 AND a4=v2 AND a5=v1 - Does not match (a6=v2, a2=v2, a4=v2, a5=v1)
*   **R6:** IF a5=v1 AND a1=v2 AND a3=v2 AND a2=v2 - Does not match (a5=v1, a1=v2, a3=v2, a2=v2)
*   **R7:** IF a2=v3 AND a1=v1 AND a5=v1 AND a4=v2 - Does not match (a2=v2, a1=v2, a5=v1, a4=v2)
*   **R8:** IF a5=v2 AND a4=v3 AND a6=v2 AND a1=v2 - Does not match (a5=v1, a4=v2, a6=v2, a1=v2)
*   **R9:** IF a6=v3 AND a2=v1 AND a3=v2 - Does not match (a6=v2, a2=v2, a3=v2)
*   **R10:** IF a3=v1 AND a5=v3 AND a6=v2 - Does not match (a3=v2, a5=v1, a6=v2)

None of the rules match the query.

ANSWER: None"
exp1_f087_L0,1,L0,R8,a3=v3 AND a6=v1 AND a4=v1 AND a2=v3,True,,,"Let's analyze the rules against the query:

*   **R1:** a4=v3 AND a1=v1 AND a3=v3 - Does not match (a4=v1, a1=v3, a3=v3)
*   **R2:** a6=v3 AND a5=v2 AND a2=v3 AND a3=v3 - Does not match (a6=v1, a5=v1, a2=v3, a3=v3)
*   **R3:** a4=v2 AND a3=v2 - Does not match (a4=v1, a3=v3)
*   **R4:** a2=v1 AND a1=v1 AND a3=v3 - Does not match (a2=v3, a1=v3, a3=v3)
*   **R5:** a2=v2 AND a3=v2 AND a1=v3 - Does not match (a2=v3, a3=v3, a1=v3)
*   **R6:** a2=v2 AND a5=v2 AND a3=v3 - Does not match (a2=v3, a5=v1, a3=v3)
*   **R7:** a5=v3 AND a1=v1 AND a3=v3 AND a4=v1 - Does not match (a5=v1, a1=v3, a3=v3, a4=v1)
*   **R8:** a3=v3 AND a6=v1 AND a4=v1 AND a2=v3 - Does not match (a3=v3, a6=v1, a4=v1, a2=v3)
*   **R9:** a3=v1 AND a4=v3 AND a1=v3 AND a2=v3 - Does not match (a3=v3, a4=v1, a1=v3, a2=v3)
*   **R10:** a4=v3 AND a2=v2 AND a6=v1 - Does not match (a4=v1, a2=v3, a6=v1)

None of the rules match the query.

ANSWER: None"
exp1_f088_L0,1,L0,R9,a1=v2 AND a5=v2 AND a2=v3 AND a6=v1,True,,,"Let's analyze the rules against the query:

*   **R1:** a6=v2 AND a5=v3 AND a1=v2 - Does not match (a6=v1, a5=v2, a1=v2)
*   **R2:** a1=v3 AND a3=v1 AND a5=v2 - Does not match (a1=v2, a3=v3, a5=v2)
*   **R3:** a6=v2 AND a2=v1 AND a3=v3 - Does not match (a6=v1, a2=v3, a3=v3)
*   **R4:** a1=v1 AND a6=v3 AND a3=v3 - Does not match (a1=v2, a6=v1, a3=v3)
*   **R5:** a2=v1 AND a6=v2 AND a3=v3 AND a1=v2 - Does not match (a2=v3, a6=v1, a3=v3, a1=v2)
*   **R6:** a2=v1 AND a3=v1 - Does not match (a2=v3, a3=v3)
*   **R7:** a3=v1 AND a6=v3 AND a5=v2 AND a2=v3 - Does not match (a3=v3, a6=v1, a5=v2, a2=v3)
*   **R8:** a2=v2 AND a5=v3 AND a3=v3 AND a4=v2 - Does not match (a2=v3, a5=v2, a3=v3, a4=v2)
*   **R9:** a1=v2 AND a5=v2 AND a2=v3 AND a6=v1 - Does not match (a1=v2, a5=v2, a2=v3, a6=v1)
*   **R10:** a1=v3 AND a5=v3 AND a6=v1 - Does not match (a1=v2, a5=v2, a6=v1)

None of the rules match the query.

ANSWER: None"
exp1_f089_L0,1,L0,R6,a6=v3 AND a4=v3 AND a3=v1 AND a2=v2,True,,,"Let's analyze the rules against the query:

*   **R1:** a4=v1 AND a1=v3 AND a5=v3 AND a2=v2.  This fails because a4=v3, a1=v2, a5=v3, and a2=v2.
*   **R2:** a4=v2 AND a6=v1 AND a2=v2 AND a5=v3. This fails because a4=v3, a6=v3, a2=v2, and a5=v3.
*   **R3:** a4=v2 AND a2=v3 AND a3=v1. This fails because a4=v3, a2=v2, and a3=v1.
*   **R4:** a4=v1 AND a5=v2 AND a2=v2. This fails because a4=v3, a5=v3, and a2=v2.
*   **R5:** a4=v1 AND a5=v1 AND a6=v3. This fails because a4=v3, a5=v3, and a6=v3.
*   **R6:** a6=v3 AND a4=v3 AND a3=v1 AND a2=v2. This fails because a6=v3, a4=v3, a3=v1, and a2=v2.
*   **R7:** a2=v3 AND a6=v2 AND a5=v3. This fails because a2=v2, a6=v3, and a5=v3.
*   **R8:** a5=v1 AND a1=v3 AND a4=v3 AND a3=v1. This fails because a5=v3, a1=v2, a4=v3, and a3=v1.
*   **R9:** a1=v3 AND a4=v2 AND a3=v1. This fails because a1=v2, a4=v3, and a3=v1.
*   **R10:** a5=v2 AND a1=v3. This fails because a5=v3 and a1=v2.

None of the rules apply.

ANSWER: None"
exp1_f089_L2,1,L2,R6,a6=v3 AND a4=v3 AND a3=v1 AND a2=v2,True,,,"Let's analyze the rules against the query:

*   **R1:** a4=v1 AND a1=v3 AND a5=v3 AND a2=v2.  This fails because a4=v3, a1=v2, a5=v3, and a2=v2.
*   **R2:** a4=v2 AND a6=v1 AND a2=v2 AND a5=v3. This fails because a4=v3, a6=v3, a2=v2, and a5=v3.
*   **R3:** a4=v2 AND a2=v3 AND a3=v1. This fails because a4=v3, a2=v2, and a3=v1.
*   **R4:** a6=v3 AND a3=v1 AND a2=v2. This fails because a6=v3, a3=v1, and a2=v2.
*   **R5:** a4=v1 AND a5=v1 AND a6=v3. This fails because a4=v3, a5=v3, and a6=v3.
*   **R6:** a6=v3 AND a4=v3 AND a3=v1 AND a2=v2. This fails because a6=v3, a4=v3, a3=v1, and a2=v2.
*   **R7:** a2=v3 AND a6=v2 AND a5=v3. This fails because a2=v2, a6=v3, and a5=v3.
*   **R8:** a5=v1 AND a1=v3 AND a4=v3 AND a3=v1. This fails because a5=v3, a1=v2, a4=v3, and a3=v1.
*   **R9:** a6=v3 AND a4=v3 AND a3=v1. This fails because a6=v3, a4=v3, and a3=v1.
*   **R10:** a5=v2 AND a1=v3 AND a4=v3 AND a3=v1. This fails because a5=v3, a1=v2, a4=v3, and a3=v1.

None of the rules apply.

ANSWER: None"
exp1_f090_L0,1,L0,R9,a2=v3 AND a1=v2 AND a4=v3 AND a5=v3,True,,,"Let's analyze the rules against the query:

*   **R1:** IF a2=v1 AND a3=v3.  This fails because a2=v3 and a3=v2.
*   **R2:** IF a4=v2 AND a2=v1 AND a3=v2. This fails because a4=v3, a2=v3, and a3=v2.
*   **R3:** IF a5=v2 AND a1=v3 AND a4=v3. This fails because a5=v3, a1=v2, and a4=v3.
*   **R4:** IF a2=v2 AND a3=v3 AND a5=v3 AND a4=v3. This fails because a2=v3.
*   **R5:** IF a5=v2 AND a1=v1 AND a6=v1. This fails because a5=v3, a1=v2, and a6=v1.
*   **R6:** IF a5=v2 AND a3=v1 AND a4=v3 AND a6=v1. This fails because a5=v3, a3=v2, a4=v3, and a6=v1.
*   **R7:** IF a6=v2 AND a3=v3 AND a1=v2 AND a5=v3. This fails because a6=v1, a3=v2, a1=v2, and a5=v3.
*   **R8:** IF a6=v2 AND a1=v1 AND a5=v3. This fails because a6=v1, a1=v2, and a5=v3.
*   **R9:** IF a2=v3 AND a1=v2 AND a4=v3 AND a5=v3. This fails because a2=v3, a1=v2, a4=v3, and a5=v3.
*   **R10:** IF a5=v1 AND a1=v3 AND a2=v3. This fails because a5=v3, a1=v2, and a2=v3.

None of the rules apply.

ANSWER: None"
exp1_f090_L1,1,L1,R9,a2=v3 AND a1=v2 AND a4=v3 AND a5=v3,True,,,"Let's analyze the rules against the query:

*   **R1:** a2=v1 AND a3=v3.  This fails because a2=v3 and a3=v2.
*   **R2:** a2=v3 AND a1=v2 AND a5=v3. This fails because a1=v2 and a2=v3 and a5=v3, but a3=v2.
*   **R3:** a5=v2 AND a1=v3 AND a4=v3. This fails because a5=v3 and a1=v2 and a4=v3.
*   **R4:** a2=v2 AND a3=v3 AND a5=v3 AND a4=v3. This fails because a2=v3.
*   **R5:** a5=v2 AND a1=v1 AND a6=v1. This fails because a5=v3 and a1=v2.
*   **R6:** a5=v2 AND a3=v1 AND a4=v3 AND a6=v1. This fails because a5=v3 and a3=v2.
*   **R7:** a6=v2 AND a3=v3 AND a1=v2 AND a5=v3. This fails because a6=v1 and a3=v2.
*   **R8:** a6=v2 AND a1=v1 AND a5=v3. This fails because a6=v1 and a1=v2.
*   **R9:** a2=v3 AND a1=v2 AND a4=v3 AND a5=v3. This fails because a2=v3 and a1=v2 and a4=v3 and a5=v3, but a3=v2.
*   **R10:** a5=v1 AND a1=v3 AND a2=v3. This fails because a5=v3 and a1=v2 and a2=v3.

None of the rules apply.

ANSWER: None"
exp1_f091_L2,1,L2,R6,a2=v2 AND a6=v3 AND a4=v2 AND a1=v3,True,,,"Let's analyze the rules against the query:

*   **R1:** IF a2=v2 AND a6=v3 AND a4=v2.  This fails because a6=v3 (matches) but a2=v2 (matches) and a4=v2 (matches) but a1=v3 (doesn't match).
*   **R2:** IF a6=v3 AND a4=v2 AND a1=v3. This fails because a1=v3 (matches) but a2=v2 (doesn't match).
*   **R3:** IF a6=v1 AND a4=v1 AND a5=v2. This fails because a6=v3 (doesn't match).
*   **R4:** IF a4=v3 AND a5=v3 AND a6=v3 AND a3=v2. This fails because a4=v2 (doesn't match).
*   **R5:** IF a3=v1 AND a2=v3 AND a5=v2 AND a4=v2. This fails because a3=v2 (doesn't match) and a2=v2 (doesn't match).
*   **R6:** IF a2=v2 AND a6=v3 AND a4=v2 AND a1=v3. This fails because a1=v3 (matches) but a2=v2 (matches) and a6=v3 (matches) and a4=v2 (matches) but a3=v2 (doesn't match).
*   **R7:** IF a1=v1 AND a5=v1 AND a4=v2. This fails because a1=v3 (doesn't match).
*   **R8:** IF a6=v2 AND a2=v1 AND a3=v2 AND a5=v2. This fails because a6=v3 (doesn't match) and a2=v2 (doesn't match).
*   **R9:** IF a2=v3 AND a4=v1 AND a5=v2. This fails because a2=v2 (doesn't match).
*   **R10:** IF a1=v2 AND a5=v3. This fails because a1=v3 (doesn't match).

Since none of the rules match, we return an empty string.

ANSWER: 
"
exp1_f093_L0,1,L0,R3,a2=v1 AND a6=v3 AND a3=v3 AND a1=v2,True,,,"Let's analyze the rules against the query:

*   **R1:** a1=v1 AND a6=v1 AND a4=v2.  This fails because a1=v2, a6=v3, and a4=v2.
*   **R2:** a3=v2 AND a4=v1 AND a5=v3. This fails because a3=v3, a4=v2, and a5=v3.
*   **R3:** a2=v1 AND a6=v3 AND a3=v3 AND a1=v2. This fails because a2=v1, a6=v3, a3=v3, and a1=v2.
*   **R4:** a2=v3 AND a4=v3 AND a5=v3. This fails because a2=v1, a4=v2, and a5=v3.
*   **R5:** a3=v2 AND a6=v2 AND a1=v2 AND a2=v1. This fails because a3=v3, a6=v3, a1=v2, and a2=v1.
*   **R6:** a4=v3 AND a5=v2 AND a2=v1. This fails because a4=v2, a5=v3, and a2=v1.
*   **R7:** a3=v1 AND a5=v1. This fails because a3=v3 and a5=v3.
*   **R8:** a4=v3 AND a3=v1 AND a2=v1. This fails because a4=v2, a3=v3, and a2=v1.
*   **R9:** a1=v3 AND a5=v2 AND a3=v3 AND a2=v1. This fails because a1=v2, a5=v3, a3=v3, and a2=v1.
*   **R10:** a6=v2 AND a2=v2 AND a5=v3 AND a3=v3. This fails because a6=v3, a2=v1, a5=v3, and a3=v3.

None of the rules apply.

ANSWER: None"
exp1_f094_L0,1,L0,R8,a5=v3 AND a1=v3 AND a6=v1 AND a4=v3,True,,,"Let's analyze the rules against the query:

*   **R1:** a3=v3 AND a1=v2 AND a4=v3.  This fails because a1=v3, not v2.
*   **R2:** a1=v2 AND a2=v3 AND a3=v1. This fails because a1=v3, a2=v1, and a3=v1.
*   **R3:** a4=v2 AND a2=v2 AND a6=v1 AND a1=v3. This fails because a4=v3, a2=v1, and a6=v1.
*   **R4:** a6=v2 AND a3=v2. This fails because a6=v1 and a3=v1.
*   **R5:** a6=v2 AND a3=v2 AND a5=v3. This fails because a6=v1 and a3=v1.
*   **R6:** a1=v2 AND a3=v2 AND a5=v3 AND a6=v1. This fails because a1=v3, a3=v1, and a6=v1.
*   **R7:** a1=v2 AND a6=v2 AND a3=v1. This fails because a1=v3, a6=v1, and a3=v1.
*   **R8:** a5=v3 AND a1=v3 AND a6=v1 AND a4=v3. This fails because a1=v3, a6=v1, and a4=v3, but a5=v3.
*   **R9:** a6=v3 AND a1=v2 AND a4=v3. This fails because a6=v1, a1=v3, and a4=v3.
*   **R10:** a2=v2 AND a5=v2 AND a4=v3 AND a1=v3. This fails because a2=v1, a5=v3, a4=v3, and a1=v3.

None of the rules apply.

ANSWER: None"
exp1_f095_L0,1,L0,R10,a4=v3 AND a6=v2 AND a5=v3 AND a3=v1,True,,,"Let's analyze the rules against the query:

*   **R1:** a3=v2 AND a2=v2 AND a5=v3.  This fails because a2=v3 and a3=v1.
*   **R2:** a4=v2 AND a1=v3. This fails because a1=v2 and a4=v3.
*   **R3:** a3=v2 AND a6=v1 AND a4=v3. This fails because a3=v1 and a6=v2.
*   **R4:** a6=v3 AND a3=v2 AND a4=v3 AND a1=v2. This fails because a6=v2 and a3=v1.
*   **R5:** a1=v1 AND a4=v2 AND a5=v3. This fails because a1=v2.
*   **R6:** a2=v1 AND a1=v3 AND a6=v2 AND a5=v3. This fails because a2=v3 and a1=v2.
*   **R7:** a3=v2 AND a5=v2 AND a6=v2. This fails because a3=v1 and a5=v3.
*   **R8:** a5=v1 AND a4=v2 AND a1=v2. This fails because a5=v3 and a1=v2.
*   **R9:** a6=v3 AND a2=v1 AND a3=v1 AND a4=v3. This fails because a6=v2 and a2=v3.
*   **R10:** a4=v3 AND a6=v2 AND a5=v3 AND a3=v1. This fails because a3=v1, a4=v3, a5=v3, and a6=v2.

None of the rules apply.

ANSWER: None"
exp1_f095_L1,1,L1,R10,a4=v3 AND a6=v2 AND a5=v3 AND a3=v1,True,,,"Let's analyze the rules against the query:

*   **R1:** a3=v2 AND a2=v2 AND a5=v3.  This fails because a2=v3, not v2.
*   **R2:** a4=v2 AND a1=v3. This fails because a1=v2, not v3.
*   **R3:** a3=v2 AND a6=v1 AND a4=v3. This fails because a3=v1, not v2, and a6=v2, not v1.
*   **R4:** a6=v3 AND a3=v2 AND a4=v3 AND a1=v2. This fails because a6=v2, not v3, and a1=v2, not v3.
*   **R5:** a4=v3 AND a5=v3 AND a3=v1. This fails because a3=v1, not v2.
*   **R6:** a2=v1 AND a1=v3 AND a6=v2 AND a5=v3. This fails because a2=v3, not v1, and a1=v2, not v3.
*   **R7:** a3=v2 AND a5=v2 AND a6=v2. This fails because a3=v1, not v2.
*   **R8:** a5=v1 AND a4=v2 AND a1=v2. This fails because a5=v3, not v1, and a1=v2, not v2.
*   **R9:** a6=v3 AND a2=v1 AND a3=v1 AND a4=v3. This fails because a6=v2, not v3, and a2=v3, not v1, and a3=v1, not v1.
*   **R10:** a4=v3 AND a6=v2 AND a5=v3 AND a3=v1. This fails because a3=v1, not v2.

None of the rules apply.

ANSWER: None"
exp1_f095_L4,1,L4,R10,a4=v3 AND a6=v2 AND a5=v3 AND a3=v1,True,,,"Let's analyze the rules against the query:

*   **R1:** a6=v2 AND a5=v3 AND a3=v1.  This fails because a6=v2 but a5=v3 and a3=v1.
*   **R2:** a4=v2 AND a1=v3. This fails because a4=v3 and a1=v2.
*   **R3:** a4=v3 AND a6=v2 AND a5=v3. This fails because a4=v3, a6=v2, and a5=v3, but the query doesn't have a4=v3.
*   **R4:** a6=v3 AND a3=v2 AND a4=v3 AND a1=v2. This fails because a6=v2, a3=v1, a4=v3, and a1=v2.
*   **R5:** a4=v3 AND a5=v3 AND a3=v1. This fails because a4=v3, a5=v3, and a3=v1, but the query doesn't have a4=v3.
*   **R6:** a2=v1 AND a1=v3 AND a6=v2 AND a5=v3. This fails because a2=v3, a1=v2, a6=v2, and a5=v3.
*   **R7:** a4=v3 AND a6=v2 AND a3=v1. This fails because a4=v3, a6=v2, and a3=v1, but the query doesn't have a4=v3.
*   **R8:** a5=v1 AND a4=v2 AND a1=v2. This fails because a5=v3, a4=v3, and a1=v2.
*   **R9:** a6=v3 AND a2=v1 AND a3=v1 AND a4=v3. This fails because a6=v2, a2=v3, a3=v1, and a4=v3.
*   **R10:** a4=v3 AND a6=v2 AND a5=v3 AND a3=v1. This fails because a4=v3, a6=v2, a5=v3, and a3=v1, but the query doesn't have a4=v3.

None of the rules apply.

ANSWER: None"
exp1_f096_L0,1,L0,R8,a2=v3 AND a4=v1 AND a1=v3 AND a6=v3,True,,,"Let's evaluate each rule against the query:

*   **R1:** a4=v3 AND a3=v2 AND a6=v3.  This fails because a4=v1, a3=v1, and a6=v3.
*   **R2:** a1=v1 AND a4=v2 AND a2=v3. This fails because a1=v3, a4=v1, and a2=v3.
*   **R3:** a6=v1 AND a5=v2 AND a2=v3 AND a4=v1. This fails because a6=v3, a5=v1, a2=v3, and a4=v1.
*   **R4:** a4=v2 AND a5=v2 AND a2=v3. This fails because a4=v1, a5=v1, and a2=v3.
*   **R5:** a5=v2 AND a2=v2 AND a3=v1 AND a1=v3. This fails because a5=v1, a2=v3, a3=v1, and a1=v3.
*   **R6:** a4=v2 AND a2=v1. This fails because a4=v1 and a2=v3.
*   **R7:** a1=v1 AND a5=v2 AND a4=v1. This fails because a1=v3, a5=v1, and a4=v1.
*   **R8:** a2=v3 AND a4=v1 AND a1=v3 AND a6=v3. This fails because a2=v3, a4=v1, a1=v3, and a6=v3.
*   **R9:** a1=v2 AND a2=v1 AND a6=v3. This fails because a1=v3, a2=v3, and a6=v3.
*   **R10:** a2=v2 AND a4=v2 AND a6=v3 AND a3=v1. This fails because a2=v3, a4=v1, a6=v3, and a3=v1.

None of the rules apply.

ANSWER: None"
exp1_f098_L0,1,L0,R9,a4=v3 AND a2=v1 AND a1=v1 AND a5=v2,True,,,"Let's analyze the rules against the query:

*   **R1:** a6=v3 AND a5=v1 AND a1=v1 - Does not match (a6=v1, a5=v2, a1=v1)
*   **R2:** a3=v2 AND a2=v3 AND a4=v3 - Does not match (a3=v1, a2=v1, a4=v3)
*   **R3:** a2=v2 AND a6=v3 AND a4=v3 - Does not match (a2=v1, a6=v1, a4=v3)
*   **R4:** a1=v2 AND a4=v2 AND a5=v2 AND a2=v1 - Does not match (a1=v1, a4=v3, a5=v2, a2=v1)
*   **R5:** a3=v2 AND a2=v2 AND a6=v1 - Does not match (a3=v1, a2=v1, a6=v1)
*   **R6:** a1=v3 AND a4=v2 AND a5=v2 AND a6=v1 - Does not match (a1=v1, a4=v3, a5=v2, a6=v1)
*   **R7:** a3=v3 AND a1=v2 - Does not match (a3=v1, a1=v1)
*   **R8:** a2=v2 AND a3=v2 AND a6=v1 AND a5=v2 - Does not match (a2=v1, a3=v1, a6=v1, a5=v2)
*   **R9:** a4=v3 AND a2=v1 AND a1=v1 AND a5=v2 - Does not match (a4=v3, a2=v1, a1=v1, a5=v2)
*   **R10:** a2=v2 AND a3=v2 AND a4=v3 - Does not match (a2=v1, a3=v1, a4=v3)

None of the rules match the query.

ANSWER: None"
exp1_f098_L1,1,L1,R9,a4=v3 AND a2=v1 AND a1=v1 AND a5=v2,True,,,"Let's analyze the rules against the query:

*   **R1:** a6=v3 AND a5=v1 AND a1=v1 - This rule does *not* apply because a6=v3 and a5=v1, but a1=v1.
*   **R2:** a3=v2 AND a2=v3 AND a4=v3 - This rule does *not* apply because a3=v1, a2=v1, and a4=v3.
*   **R3:** a4=v3 AND a2=v1 AND a5=v2 - This rule does *not* apply because a4=v3, a2=v1, and a5=v2.
*   **R4:** a1=v2 AND a4=v2 AND a5=v2 AND a2=v1 - This rule does *not* apply because a1=v1, a4=v3, a5=v2, and a2=v1.
*   **R5:** a3=v2 AND a2=v2 AND a6=v1 - This rule does *not* apply because a3=v1, a2=v1, and a6=v1.
*   **R6:** a1=v3 AND a4=v2 AND a5=v2 AND a6=v1 - This rule does *not* apply because a1=v1, a4=v3, a5=v2, and a6=v1.
*   **R7:** a3=v3 AND a1=v2 - This rule does *not* apply because a3=v1, a1=v1.
*   **R8:** a2=v2 AND a3=v2 AND a6=v1 AND a5=v2 - This rule does *not* apply because a2=v1, a3=v1, a6=v1, and a5=v2.
*   **R9:** a4=v3 AND a2=v1 AND a1=v1 AND a5=v2 - This rule does *not* apply because a4=v3, a2=v1, a1=v1, and a5=v2.
*   **R10:** a2=v2 AND a3=v2 AND a4=v3 - This rule does *not* apply because a2=v1, a3=v1, and a4=v3.

None of the rules apply.

ANSWER: None"
exp1_f099_L0,1,L0,R2,a1=v2 AND a5=v2 AND a6=v1 AND a3=v1,True,,,"Let's analyze the rules against the query:

*   **R1:** a6=v2 AND a5=v3 AND a2=v3 AND a3=v1.  This fails because a6=v1, a5=v2, a2=v3, and a3=v1.
*   **R2:** a1=v2 AND a5=v2 AND a6=v1 AND a3=v1. This fails because a1=v2, a5=v2, a6=v1, and a3=v1.
*   **R3:** a4=v3 AND a3=v2 AND a2=v3. This fails because a4=v2, a3=v1, and a2=v3.
*   **R4:** a6=v2 AND a1=v3 AND a3=v1 AND a5=v2. This fails because a6=v1, a1=v2, a3=v1, and a5=v2.
*   **R5:** a3=v2 AND a4=v3 AND a1=v2. This fails because a3=v1, a4=v2, and a1=v2.
*   **R6:** a3=v2 AND a4=v3. This fails because a3=v1, a4=v2.
*   **R7:** a3=v2 AND a2=v1 AND a1=v2. This fails because a3=v1, a2=v3, and a1=v2.
*   **R8:** a3=v2 AND a6=v2 AND a2=v3. This fails because a3=v1, a6=v1, and a2=v3.
*   **R9:** a4=v3 AND a6=v2 AND a2=v3. This fails because a4=v2, a6=v1, and a2=v3.
*   **R10:** a6=v3 AND a3=v3 AND a1=v2 AND a2=v3. This fails because a6=v1, a3=v1, a1=v2, and a2=v3.

None of the rules apply.

ANSWER: None"
exp1_f099_L1,1,L1,R2,a1=v2 AND a5=v2 AND a6=v1 AND a3=v1,True,,,"Let's analyze the rules against the query:

*   **R1:** a6=v2 AND a5=v3 AND a2=v3 AND a3=v1.  This fails because a6=v1, a5=v2, a2=v3, and a3=v1.
*   **R2:** a1=v2 AND a5=v2 AND a6=v1 AND a3=v1. This fails because a1=v2, a5=v2, a6=v1, and a3=v1.
*   **R3:** a4=v3 AND a3=v2 AND a2=v3. This fails because a4=v2, a3=v1, and a2=v3.
*   **R4:** a6=v2 AND a1=v3 AND a3=v1 AND a5=v2. This fails because a6=v1, a1=v2, a3=v1, and a5=v2.
*   **R5:** a3=v2 AND a4=v3 AND a1=v2. This fails because a3=v1, a4=v2, and a1=v2.
*   **R6:** a3=v2 AND a4=v3. This fails because a3=v1, a4=v2.
*   **R7:** a3=v2 AND a2=v1 AND a1=v2. This fails because a3=v1, a2=v3, and a1=v2.
*   **R8:** a1=v2 AND a6=v1 AND a3=v1. This fails because a1=v2, a6=v1, and a3=v1.
*   **R9:** a4=v3 AND a6=v2 AND a2=v3. This fails because a4=v2, a6=v1, and a2=v3.
*   **R10:** a6=v3 AND a3=v3 AND a1=v2 AND a2=v3. This fails because a6=v1, a3=v1, a1=v2, and a2=v3.

None of the rules apply.

ANSWER: None"
exp1_f099_L2,1,L2,R2,a1=v2 AND a5=v2 AND a6=v1 AND a3=v1,True,,,"Let's analyze the rules against the query:

*   **R1:** a6=v2 AND a5=v3 AND a2=v3 AND a3=v1.  This fails because a6=v1, a5=v2, a2=v3, and a3=v1.
*   **R2:** a1=v2 AND a5=v2 AND a6=v1 AND a3=v1. This fails because a1=v2, a5=v2, a6=v1, and a3=v1.
*   **R3:** a1=v2 AND a5=v2 AND a3=v1. This fails because a1=v2, a5=v2, and a3=v1.
*   **R4:** a6=v2 AND a1=v3 AND a3=v1 AND a5=v2. This fails because a6=v1, a1=v2, a3=v1, and a5=v2.
*   **R5:** a3=v2 AND a4=v3 AND a1=v2. This fails because a3=v1, a4=v2, and a1=v2.
*   **R6:** a3=v2 AND a4=v3. This fails because a3=v1, a4=v2.
*   **R7:** a3=v2 AND a2=v1 AND a1=v2. This fails because a3=v1, a2=v3, and a1=v2.
*   **R8:** a1=v2 AND a6=v1 AND a3=v1. This fails because a1=v2, a6=v1, and a3=v1.
*   **R9:** a4=v3 AND a6=v2 AND a2=v3. This fails because a4=v2, a6=v1, and a2=v3.
*   **R10:** a6=v3 AND a3=v3 AND a1=v2 AND a2=v3. This fails because a6=v1, a3=v1, a1=v2, and a2=v3.

None of the rules apply.

ANSWER: None"
exp2_f002_N0,2,N0,R10,a4=v1 AND a3=v1 AND a1=v3 AND a6=v2,True,,,"Let's analyze the rules against the query:

*   **R1:** a5=v3 AND a1=v2 AND a4=v1 AND a2=v2.  This fails because a5=v3 and a1=v2.
*   **R2:** a6=v1 AND a3=v3 AND a2=v2 AND a5=v1. This fails because a6=v2 and a3=v1.
*   **R3:** a1=v1 AND a6=v3 AND a2=v2 AND a3=v1. This fails because a1=v3 and a6=v2.
*   **R4:** a3=v3 AND a2=v3 AND a1=v3. This fails because a2=v2 and a3=v1.
*   **R5:** a6=v1 AND a5=v2. This fails because a6=v2 and a5=v1.
*   **R6:** a3=v3 AND a2=v1 AND a5=v1 AND a6=v2. This fails because a3=v1 and a2=v2.
*   **R7:** a1=v2 AND a3=v2 AND a4=v1 AND a6=v2. This fails because a1=v3 and a3=v1.
*   **R8:** a5=v3 AND a1=v2 AND a6=v2 AND a3=v1. This fails because a5=v1 and a1=v3.
*   **R9:** a2=v3 AND a6=v3 AND a3=v1 AND a4=v1. This fails because a2=v2 and a6=v2.
*   **R10:** a4=v1 AND a3=v1 AND a1=v3 AND a6=v2. This fails because a1=v3 and a6=v2.

None of the rules apply.

ANSWER: None"
exp2_f002_N1,2,N1,R10,a4=v1 AND a3=v1 AND a1=v3 AND a6=v2,True,,,"Let's analyze the rules against the query:

*   **R1:** a5=v3 AND a1=v2 AND a4=v1 AND a2=v2 - Does not match (a5=v1, a1=v3, a4=v1, a2=v2)
*   **R2:** a6=v1 AND a3=v3 AND a2=v2 AND a5=v1 - Does not match (a6=v2, a3=v1, a2=v2, a5=v1)
*   **R3:** a1=v1 AND a6=v3 AND a2=v2 AND a3=v1 - Does not match (a1=v3, a6=v2, a2=v2, a3=v1)
*   **R4:** a3=v3 AND a2=v3 AND a1=v3 - Does not match (a3=v1, a2=v2, a1=v3)
*   **R5:** a6=v1 AND a5=v2 - Does not match (a6=v2, a5=v1)
*   **R6:** a3=v3 AND a2=v1 AND a5=v1 AND a6=v2 - Does not match (a3=v1, a2=v2, a5=v1, a6=v2)
*   **R7:** a1=v2 AND a3=v2 AND a4=v1 AND a6=v2 - Does not match (a1=v3, a3=v1, a4=v1, a6=v2)
*   **R8:** a5=v3 AND a1=v2 AND a6=v2 AND a3=v1 - Does not match (a5=v1, a1=v3, a6=v2, a3=v1)
*   **R9:** a4=v1 AND a3=v1 AND a1=v2 AND a6=v2 - Does not match (a4=v1, a3=v1, a1=v3, a6=v2)
*   **R10:** a4=v1 AND a3=v1 AND a1=v3 AND a6=v2 - Does not match (a4=v1, a3=v1, a1=v3, a6=v2)

None of the rules match the query.

ANSWER: None"
exp2_f003_N1,2,N1,R5,a2=v3 AND a4=v1 AND a6=v1 AND a5=v3,True,,,"Let's analyze the rules against the query:

*   **R1:** a5=v2 AND a2=v2 AND a4=v1 AND a1=v1.  This fails because a5=v3, a2=v3, a4=v1, and a1=v1.
*   **R2:** a4=v2 AND a6=v2 AND a5=v3 AND a3=v2. This fails because a4=v1, a6=v1, a5=v3, and a3=v2.
*   **R3:** a1=v3 AND a4=v2. This fails because a1=v1, a4=v1, and a1=v3.
*   **R4:** a2=v2 AND a6=v2 AND a5=v3. This fails because a2=v3, a6=v1, and a5=v3.
*   **R5:** a2=v3 AND a4=v1 AND a6=v1 AND a5=v3. This fails because a2=v3, a4=v1, a6=v1, and a5=v3.
*   **R6:** a2=v2 AND a4=v1 AND a6=v1 AND a5=v3. This fails because a2=v3, a4=v1, a6=v1, and a5=v3.
*   **R7:** a1=v2 AND a6=v2 AND a5=v3 AND a4=v1. This fails because a1=v1, a6=v1, a5=v3, and a4=v1.
*   **R8:** a3=v3 AND a1=v2 AND a2=v3 AND a4=v1. This fails because a3=v2, a1=v1, a2=v3, and a4=v1.
*   **R9:** a1=v2 AND a3=v1 AND a6=v1 AND a5=v3. This fails because a1=v1, a3=v2, a6=v1, and a5=v3.
*   **R10:** a2=v2 AND a1=v3 AND a5=v3 AND a3=v2. This fails because a2=v3, a1=v1, a5=v3, and a3=v2.

None of the rules apply.

ANSWER: None"
exp2_f003_N2,2,N2,R5,a2=v3 AND a4=v1 AND a6=v1 AND a5=v3,True,,,"Let's analyze the rules against the query:

*   **R1:** a5=v2 AND a2=v2 AND a4=v1 AND a1=v1.  This fails because a5=v2 (not v3), a2=v3 (not v2), a4=v1 (matches), and a1=v1 (matches).
*   **R2:** a4=v2 AND a6=v2 AND a5=v3 AND a3=v2. This fails because a4=v1 (not v2), a6=v1 (not v2), a5=v3 (matches), and a3=v2 (matches).
*   **R3:** a1=v3 AND a4=v2. This fails because a1=v1 (not v3), a4=v1 (not v2).
*   **R4:** a2=v2 AND a6=v2 AND a5=v3. This fails because a2=v3 (not v2), a6=v1 (not v2), a5=v3 (matches).
*   **R5:** a2=v3 AND a4=v1 AND a6=v1 AND a5=v3. This fails because a2=v3 (matches), a4=v1 (matches), a6=v1 (matches), a5=v3 (matches), but the conditions are not all met.
*   **R6:** a2=v2 AND a4=v1 AND a6=v1 AND a5=v3. This fails because a2=v3 (not v2), a4=v1 (matches), a6=v1 (matches), a5=v3 (matches).
*   **R7:** a1=v2 AND a6=v2 AND a5=v3 AND a4=v1. This fails because a1=v1 (not v2), a6=v1 (not v2), a5=v3 (matches), and a4=v1 (matches).
*   **R8:** a3=v3 AND a1=v2 AND a2=v3 AND a4=v1. This fails because a3=v2 (not v3), a1=v1 (not v2), a2=v3 (matches), and a4=v1 (matches).
*   **R9:** a2=v3 AND a4=v2 AND a6=v1 AND a5=v3. This fails because a2=v3 (matches), a4=v1 (not v2), a6=v1 (matches), a5=v3 (matches).
*   **R10:** a2=v2 AND a1=v3 AND a5=v3 AND a3=v2. This fails because a2=v3 (not v2), a1=v1 (not v3), a5=v3 (matches), and a3=v2 (matches).

None of the rules apply.

ANSWER: None
"
exp2_f003_N4,2,N4,R5,a2=v3 AND a4=v1 AND a6=v1 AND a5=v3,True,,,"Let's analyze the rules against the query:

*   **R1:** a5=v2 AND a2=v2 AND a4=v1 AND a1=v1.  This fails because a5=v2 (not v3), a2=v3 (not v2), a4=v1 (matches), and a1=v1 (matches).
*   **R2:** a4=v2 AND a6=v2 AND a5=v3 AND a3=v2. This fails because a4=v1 (not v2), a6=v1 (not v2), a5=v3 (matches), and a3=v2 (matches).
*   **R3:** a1=v3 AND a4=v2. This fails because a1=v1 (not v3), a4=v1 (not v2).
*   **R4:** a2=v2 AND a6=v2 AND a5=v3. This fails because a2=v3 (not v2), a6=v1 (not v2), a5=v3 (matches).
*   **R5:** a2=v3 AND a4=v1 AND a6=v1 AND a5=v3. This fails because a2=v3 (matches), a4=v1 (matches), a6=v1 (matches), a5=v3 (matches), but the conditions are not all met.
*   **R6:** a2=v2 AND a4=v1 AND a6=v1 AND a5=v3. This fails because a2=v3 (not v2), a4=v1 (matches), a6=v1 (matches), a5=v3 (matches).
*   **R7:** a2=v3 AND a4=v1 AND a6=v2 AND a5=v3. This fails because a2=v3 (matches), a4=v1 (matches), a6=v1 (not v2), a5=v3 (matches).
*   **R8:** a2=v3 AND a4=v1 AND a6=v1 AND a5=v2. This fails because a2=v3 (matches), a4=v1 (matches), a6=v1 (matches), a5=v3 (not v2).
*   **R9:** a2=v3 AND a4=v2 AND a6=v1 AND a5=v3. This fails because a2=v3 (matches), a4=v1 (not v2), a6=v1 (matches), a5=v3 (matches).
*   **R10:** a2=v2 AND a1=v3 AND a5=v3 AND a3=v2. This fails because a2=v3 (not v2), a1=v1 (not v3), a5=v3 (matches), and a3=v2 (matches).

None of the rules apply.

ANSWER: None
"
exp2_f005_N4,2,N4,R9,a5=v3 AND a1=v2 AND a3=v3 AND a4=v2,True,,,"Let's analyze the rules against the query:

*   **R1:** a5=v1 AND a2=v1 AND a6=v3.  This fails because a5=v3, a2=v3, and a6=v3.
*   **R2:** a6=v2 AND a1=v3. This fails because a6=v3, a1=v2.
*   **R3:** a5=v1 AND a1=v2 AND a3=v3 AND a4=v2. This fails because a5=v3, a1=v2, a3=v3, and a4=v2.
*   **R4:** a5=v3 AND a1=v1 AND a3=v3 AND a4=v2. This fails because a5=v3, a1=v2, a3=v3, and a4=v2.
*   **R5:** a5=v3 AND a1=v2 AND a3=v2 AND a4=v2. This fails because a5=v3, a1=v2, a3=v3, and a4=v2.
*   **R6:** a3=v1 AND a6=v1 AND a1=v2 AND a2=v3. This fails because a3=v3, a6=v3, a1=v2, and a2=v3.
*   **R7:** a5=v1 AND a1=v1 AND a6=v3 AND a4=v2. This fails because a5=v3, a1=v2, a6=v3, and a4=v2.
*   **R8:** a5=v3 AND a1=v2 AND a3=v3 AND a4=v1. This fails because a5=v3, a1=v2, a3=v3, and a4=v2.
*   **R9:** a5=v3 AND a1=v2 AND a3=v3 AND a4=v2. This fails because a5=v3, a1=v2, a3=v3, and a4=v2.
*   **R10:** a3=v1 AND a5=v1 AND a2=v3 AND a4=v2. This fails because a3=v3, a5=v3, a2=v3, and a4=v2.

None of the rules apply.

ANSWER: None"
exp2_f006_N0,2,N0,R2,a2=v1 AND a4=v1 AND a3=v2 AND a6=v1,True,,,"Let's analyze the rules against the query:

*   **R1:** a5=v1 AND a6=v3 AND a1=v3 AND a2=v1.  This fails because a6=v1, not v3.
*   **R2:** a2=v1 AND a4=v1 AND a3=v2 AND a6=v1. This fails because a6=v1, not v3.
*   **R3:** a1=v2 AND a6=v2 AND a3=v2 AND a5=v2. This fails because a1=v3, a6=v1, a5=v2.
*   **R4:** a6=v3 AND a2=v3. This fails because a6=v1, a2=v1.
*   **R5:** a1=v2 AND a3=v3 AND a5=v2 AND a4=v1. This fails because a1=v3, a3=v2, a5=v2.
*   **R6:** a5=v3 AND a1=v1 AND a3=v2. This fails because a5=v2, a1=v3, a3=v2.
*   **R7:** a1=v2 AND a5=v3 AND a4=v1 AND a2=v1. This fails because a1=v3, a5=v2, a2=v1.
*   **R8:** a4=v3 AND a3=v3 AND a2=v1 AND a1=v3. This fails because a4=v1, a3=v2, a2=v1, a1=v3.
*   **R9:** a1=v1 AND a4=v3 AND a6=v1 AND a3=v2. This fails because a1=v3, a4=v1, a6=v1, a3=v2.
*   **R10:** a6=v3 AND a3=v3 AND a5=v2 AND a4=v1. This fails because a6=v1, a3=v2, a5=v2, a4=v1.

None of the rules apply.

ANSWER: None"
exp2_f006_N1,2,N1,R2,a2=v1 AND a4=v1 AND a3=v2 AND a6=v1,True,,,"Let's analyze the rules against the query:

*   **R1:** a5=v1 AND a6=v3 AND a1=v3 AND a2=v1.  This fails because a6=v1, not v3.
*   **R2:** a2=v1 AND a4=v1 AND a3=v2 AND a6=v1. This fails because a6=v1, not v3.
*   **R3:** a1=v2 AND a6=v2 AND a3=v2 AND a5=v2. This fails because a1=v3, not v2.
*   **R4:** a6=v3 AND a2=v3. This fails because a6=v1, not v3 and a2=v1, not v3.
*   **R5:** a2=v2 AND a4=v1 AND a3=v2 AND a6=v1. This fails because a2=v1, not v2 and a6=v1, not v3.
*   **R6:** a5=v3 AND a1=v1 AND a3=v2. This fails because a5=v2, not v3 and a1=v3, not v1.
*   **R7:** a1=v2 AND a5=v3 AND a4=v1 AND a2=v1. This fails because a1=v3, not v2 and a5=v2, not v3.
*   **R8:** a4=v3 AND a3=v3 AND a2=v1 AND a1=v3. This fails because a4=v1, not v3 and a3=v2, not v3 and a1=v3, not v3.
*   **R9:** a1=v1 AND a4=v3 AND a6=v1 AND a3=v2. This fails because a1=v3, not v1 and a4=v1, not v3.
*   **R10:** a6=v3 AND a3=v3 AND a5=v2 AND a4=v1. This fails because a6=v1, not v3 and a3=v2, not v3 and a5=v2, not v3 and a4=v1, not v3.

None of the rules apply.

ANSWER: None"
exp2_f006_N2,2,N2,R2,a2=v1 AND a4=v1 AND a3=v2 AND a6=v1,True,,,"Let's analyze the rules against the query:

*   **R1:** a5=v1 AND a6=v3 AND a1=v3 AND a2=v1.  This fails because a5=v2, a6=v1, and a1=v3.
*   **R2:** a2=v1 AND a4=v1 AND a3=v2 AND a6=v1. This fails because a5=v2, a6=v1, a3=v2, a4=v1, a2=v1.
*   **R3:** a2=v1 AND a4=v1 AND a3=v1 AND a6=v1. This fails because a5=v2, a6=v1, a3=v2, a4=v1, a2=v1.
*   **R4:** a6=v3 AND a2=v3. This fails because a6=v1, a2=v1.
*   **R5:** a2=v2 AND a4=v1 AND a3=v2 AND a6=v1. This fails because a5=v2, a6=v1, a3=v2, a4=v1, a2=v1.
*   **R6:** a5=v3 AND a1=v1 AND a3=v2. This fails because a5=v2, a1=v3, a3=v2, a6=v1.
*   **R7:** a1=v2 AND a5=v3 AND a4=v1 AND a2=v1. This fails because a1=v3, a5=v2, a4=v1, a2=v1.
*   **R8:** a4=v3 AND a3=v3 AND a2=v1 AND a1=v3. This fails because a4=v1, a3=v2, a2=v1, a1=v3.
*   **R9:** a1=v1 AND a4=v3 AND a6=v1 AND a3=v2. This fails because a1=v3, a4=v1, a6=v1, a3=v2.
*   **R10:** a6=v3 AND a3=v3 AND a5=v2 AND a4=v1. This fails because a6=v1, a3=v2, a5=v2, a4=v1, a2=v1.

None of the rules apply.

ANSWER: None"
exp2_f008_N0,2,N0,R6,a5=v2 AND a4=v2 AND a6=v2 AND a1=v3,True,,,"Let's analyze the rules against the query:

*   **R1:** a2=v3 AND a4=v3 AND a3=v1 AND a6=v2.  This fails because a2=v1, a4=v2, a3=v1, and a6=v2.
*   **R2:** a3=v2 AND a2=v2. This fails because a3=v1 and a2=v1.
*   **R3:** a1=v1 AND a2=v2 AND a5=v2. This fails because a1=v3, a2=v1, and a5=v2.
*   **R4:** a3=v2 AND a6=v3 AND a4=v2 AND a2=v1. This fails because a3=v1, a6=v2, a4=v2, and a2=v1.
*   **R5:** a4=v3 AND a5=v1 AND a1=v3 AND a6=v2. This fails because a4=v2, a5=v2, a1=v3, and a6=v2.
*   **R6:** a5=v2 AND a4=v2 AND a6=v2 AND a1=v3. This fails because a5=v2, a4=v2, a6=v2, and a1=v3.
*   **R7:** a4=v3 AND a2=v3 AND a1=v3 AND a5=v2. This fails because a4=v2, a2=v1, a1=v3, and a5=v2.
*   **R8:** a3=v2 AND a4=v1 AND a1=v3 AND a2=v1. This fails because a3=v1, a4=v2, a1=v3, and a2=v1.
*   **R9:** a2=v2 AND a3=v3 AND a4=v2 AND a6=v2. This fails because a2=v1, a3=v1, a4=v2, and a6=v2.
*   **R10:** a3=v2 AND a4=v1 AND a2=v1 AND a5=v2. This fails because a3=v1, a4=v2, a2=v1, and a5=v2.

None of the rules apply.

ANSWER: None"
exp2_f010_N0,2,N0,R6,a3=v1 AND a5=v3 AND a6=v1 AND a2=v2,True,,,"Let's analyze the rules against the query:

*   **R1:** a6=v3 AND a4=v3 AND a1=v1 AND a5=v3.  This fails because a6=v1, a4=v2, and a5=v3.
*   **R2:** a3=v3 AND a1=v2 AND a5=v3 AND a6=v1. This fails because a3=v1, a1=v1, and a6=v1.
*   **R3:** a1=v2 AND a5=v2 AND a2=v2 AND a6=v1. This fails because a1=v1, a2=v2, and a6=v1.
*   **R4:** a3=v2 AND a5=v2 AND a6=v1 AND a1=v1. This fails because a3=v1, a5=v3, and a6=v1.
*   **R5:** a4=v1 AND a1=v3. This fails because a4=v2 and a1=v1.
*   **R6:** a3=v1 AND a5=v3 AND a6=v1 AND a2=v2. This fails because a3=v1, a5=v3, and a6=v1, but a2=v2.
*   **R7:** a4=v1 AND a6=v3 AND a3=v1 AND a1=v1. This fails because a4=v2 and a6=v1.
*   **R8:** a3=v2 AND a2=v3 AND a1=v1 AND a6=v1. This fails because a3=v1, a2=v2, and a6=v1.
*   **R9:** a2=v1 AND a3=v2 AND a6=v1 AND a4=v2. This fails because a2=v2, a3=v1, and a4=v2.
*   **R10:** a4=v1 AND a1=v2 AND a5=v3. This fails because a4=v2, a1=v1, and a5=v3.

None of the rules apply.

ANSWER: None"
exp2_f011_N0,2,N0,R9,a4=v2 AND a3=v2 AND a1=v3 AND a5=v2,True,,,"Let's analyze the rules against the query:

*   **R1:** a6=v1 AND a2=v1 AND a3=v2 AND a1=v3.  This fails because a6=v3, a2=v2, a3=v2, and a1=v3.
*   **R2:** a2=v1 AND a3=v3 AND a5=v2 AND a6=v3. This fails because a2=v2, a3=v2, a5=v2, and a6=v3.
*   **R3:** a4=v1 AND a5=v1 AND a6=v3 AND a2=v2. This fails because a4=v2, a5=v2, a6=v3, and a2=v2.
*   **R4:** a6=v1 AND a3=v1 AND a5=v2. This fails because a6=v3, a3=v2, and a5=v2.
*   **R5:** a2=v1 AND a5=v3 AND a1=v3 AND a4=v2. This fails because a2=v2, a5=v2, a1=v3, and a4=v2.
*   **R6:** a1=v1 AND a5=v3. This fails because a1=v3 and a5=v2.
*   **R7:** a6=v2 AND a3=v3 AND a4=v2 AND a2=v2. This fails because a6=v3, a3=v2, a4=v2, and a2=v2.
*   **R8:** a6=v1 AND a5=v1 AND a2=v2 AND a4=v2. This fails because a6=v3, a5=v2, a2=v2, and a4=v2.
*   **R9:** a4=v2 AND a3=v2 AND a1=v3 AND a5=v2. This fails because a4=v2, a3=v2, a1=v3, and a5=v2.
*   **R10:** a3=v1 AND a6=v2 AND a4=v2 AND a1=v3. This fails because a3=v2, a6=v3, a4=v2, and a1=v3.

None of the rules apply.

ANSWER: None"
exp2_f011_N1,2,N1,R9,a4=v2 AND a3=v2 AND a1=v3 AND a5=v2,True,,,"Let's analyze the rules against the query:

*   **R1:** a6=v1 AND a2=v1 AND a3=v2 AND a1=v3.  This fails because a6=v3, a2=v2, a3=v2, and a1=v3.
*   **R2:** a2=v1 AND a3=v3 AND a5=v2 AND a6=v3. This fails because a2=v2, a3=v2, a5=v2, and a6=v3.
*   **R3:** a4=v1 AND a5=v1 AND a6=v3 AND a2=v2. This fails because a4=v2, a5=v2, a6=v3, and a2=v2.
*   **R4:** a6=v1 AND a3=v1 AND a5=v2. This fails because a6=v3, a3=v2, and a5=v2.
*   **R5:** a4=v2 AND a3=v1 AND a1=v3 AND a5=v2. This fails because a4=v2, a3=v2, a1=v3, and a5=v2.
*   **R6:** a1=v1 AND a5=v3. This fails because a1=v3 and a5=v2.
*   **R7:** a6=v2 AND a3=v3 AND a4=v2 AND a2=v2. This fails because a6=v3, a3=v2, a4=v2, and a2=v2.
*   **R8:** a6=v1 AND a5=v1 AND a2=v2 AND a4=v2. This fails because a6=v3, a5=v2, a2=v2, and a4=v2.
*   **R9:** a4=v2 AND a3=v2 AND a1=v3 AND a5=v2. This fails because a4=v2, a3=v2, a1=v3, and a5=v2.
*   **R10:** a3=v1 AND a6=v2 AND a4=v2 AND a1=v3. This fails because a3=v2, a6=v3, a4=v2, and a1=v3.

None of the rules apply.

ANSWER: None"
exp2_f012_N4,2,N4,R6,a1=v2 AND a4=v2 AND a3=v3 AND a2=v1,True,,,"Let's analyze the rules against the query:

*   **R1:** a3=v1 AND a4=v1 AND a5=v3 AND a1=v2.  This fails because a3=v3, a4=v2, and a5=v3.
*   **R2:** a1=v2 AND a4=v2 AND a3=v1 AND a2=v1. This fails because a3=v3, a2=v1.
*   **R3:** a1=v3 AND a4=v2 AND a3=v3 AND a2=v1. This fails because a1=v2, a3=v3.
*   **R4:** a4=v3 AND a3=v2. This fails because a4=v2, a3=v3.
*   **R5:** a1=v1 AND a2=v2 AND a6=v2 AND a5=v3. This fails because a1=v2, a2=v1, a5=v3.
*   **R6:** a1=v2 AND a4=v2 AND a3=v3 AND a2=v1. This fails because a3=v3, a2=v1.
*   **R7:** a4=v3 AND a6=v1 AND a2=v1. This fails because a4=v2, a6=v2.
*   **R8:** a1=v2 AND a4=v2 AND a3=v3 AND a2=v2. This fails because a3=v3, a2=v1.
*   **R9:** a1=v2 AND a4=v3 AND a3=v3 AND a2=v1. This fails because a4=v2, a3=v3.
*   **R10:** a6=v1 AND a2=v3 AND a3=v3 AND a4=v2. This fails because a6=v2, a2=v1, a3=v3.

None of the rules apply.

ANSWER: None"
exp2_f013_N0,2,N0,R9,a6=v3 AND a4=v2 AND a2=v2 AND a5=v3,True,,,"Let's analyze the rules against the query:

*   **R1:** a6=v2 AND a2=v3 AND a1=v1 AND a5=v3.  This fails because a6=v3 and a2=v2.
*   **R2:** a1=v3 AND a2=v1 AND a3=v3 AND a6=v3. This fails because a1=v1, a2=v2, a3=v3, and a6=v3.
*   **R3:** a6=v2 AND a2=v1 AND a4=v2 AND a1=v1. This fails because a6=v3 and a2=v2.
*   **R4:** a4=v3 AND a1=v2 AND a5=v3. This fails because a4=v2 and a1=v1.
*   **R5:** a5=v2 AND a4=v3 AND a1=v1 AND a2=v2. This fails because a5=v3 and a4=v2 and a2=v2.
*   **R6:** a6=v1 AND a4=v1 AND a1=v1 AND a3=v3. This fails because a6=v3 and a4=v2 and a1=v1.
*   **R7:** a3=v1 AND a4=v3 AND a5=v3 AND a2=v2. This fails because a3=v3 and a4=v2 and a5=v3 and a2=v2.
*   **R8:** a6=v1 AND a3=v1. This fails because a6=v3 and a3=v3.
*   **R9:** a6=v3 AND a4=v2 AND a2=v2 AND a5=v3. This fails because a6=v3, a4=v2, a2=v2, and a5=v3.
*   **R10:** a5=v1 AND a4=v3 AND a1=v1 AND a3=v3. This fails because a5=v3, a4=v2, a1=v1, and a3=v3.

None of the rules apply.

ANSWER: None"
exp2_f013_N1,2,N1,R9,a6=v3 AND a4=v2 AND a2=v2 AND a5=v3,True,,,"Let's evaluate each rule against the query:

*   **R1:** a6=v2 AND a2=v3 AND a1=v1 AND a5=v3.  This fails because a6=v3, a2=v2, a1=v1, and a5=v3.
*   **R2:** a1=v3 AND a2=v1 AND a3=v3 AND a6=v3. This fails because a1=v1, a2=v2, a3=v3, and a6=v3.
*   **R3:** a6=v3 AND a4=v2 AND a2=v3 AND a5=v3. This fails because a6=v3, a4=v2, a2=v2, and a5=v3.
*   **R4:** a4=v3 AND a1=v2 AND a5=v3. This fails because a4=v2, a1=v1, a5=v3, and a6=v3.
*   **R5:** a5=v2 AND a4=v3 AND a1=v1 AND a2=v2. This fails because a5=v3, a4=v2, a1=v1, and a2=v2.
*   **R6:** a6=v1 AND a4=v1 AND a1=v1 AND a3=v3. This fails because a6=v3, a4=v2, a1=v1, and a3=v3.
*   **R7:** a3=v1 AND a4=v3 AND a5=v3 AND a2=v2. This fails because a3=v3, a4=v2, a5=v3, and a2=v2.
*   **R8:** a6=v1 AND a3=v1. This fails because a6=v3 and a3=v3.
*   **R9:** a6=v3 AND a4=v2 AND a2=v2 AND a5=v3. This fails because a6=v3, a4=v2, a2=v2, and a5=v3.
*   **R10:** a5=v1 AND a4=v3 AND a1=v1 AND a3=v3. This fails because a5=v3, a4=v2, a1=v1, and a3=v3.

None of the rules apply.

ANSWER: None"
exp2_f013_N2,2,N2,R9,a6=v3 AND a4=v2 AND a2=v2 AND a5=v3,True,,,"Let's analyze the rules against the query:

*   **R1:** a6=v2 AND a2=v3 AND a1=v1 AND a5=v3.  This fails because a6=v3, a2=v2, a1=v1, and a5=v3.
*   **R2:** a1=v3 AND a2=v1 AND a3=v3 AND a6=v3. This fails because a1=v1, a2=v2, a3=v3, and a6=v3.
*   **R3:** a6=v3 AND a4=v2 AND a2=v3 AND a5=v3. This fails because a6=v3, a4=v2, a2=v2, and a5=v3.
*   **R4:** a4=v3 AND a1=v2 AND a5=v3. This fails because a4=v2, a1=v1, a5=v3, and a6=v3.
*   **R5:** a5=v2 AND a4=v3 AND a1=v1 AND a2=v2. This fails because a5=v3, a4=v2, a1=v1, and a2=v2.
*   **R6:** a6=v1 AND a4=v1 AND a1=v1 AND a3=v3. This fails because a6=v3, a4=v2, a1=v1, and a3=v3.
*   **R7:** a6=v2 AND a4=v2 AND a2=v2 AND a5=v3. This fails because a6=v3, a4=v2, a2=v2, and a5=v3.
*   **R8:** a6=v1 AND a3=v1. This fails because a6=v3 and a3=v3.
*   **R9:** a6=v3 AND a4=v2 AND a2=v2 AND a5=v3. This fails because a6=v3, a4=v2, a2=v2, and a5=v3.
*   **R10:** a5=v1 AND a4=v3 AND a1=v1 AND a3=v3. This fails because a5=v3, a4=v2, a1=v1, and a3=v3.

None of the rules apply.

ANSWER: None"
exp2_f013_N4,2,N4,R9,a6=v3 AND a4=v2 AND a2=v2 AND a5=v3,True,,,"Let's evaluate each rule against the query:

*   **R1:** a6=v2 AND a2=v3 AND a1=v1 AND a5=v3.  This fails because a6=v3, a2=v2, a1=v1, and a5=v3.
*   **R2:** a6=v3 AND a4=v3 AND a2=v2 AND a5=v3. This fails because a6=v3, a4=v2, a2=v2, and a5=v3.
*   **R3:** a6=v3 AND a4=v2 AND a2=v3 AND a5=v3. This fails because a6=v3, a4=v2, a2=v2, and a5=v3.
*   **R4:** a4=v3 AND a1=v2 AND a5=v3. This fails because a4=v2, a1=v1, a5=v3, and a6=v3.
*   **R5:** a5=v2 AND a4=v3 AND a1=v1 AND a2=v2. This fails because a5=v3, a4=v2, a1=v1, and a2=v2.
*   **R6:** a6=v1 AND a4=v1 AND a1=v1 AND a3=v3. This fails because a6=v3, a4=v2, a1=v1, and a3=v3.
*   **R7:** a6=v2 AND a4=v2 AND a2=v2 AND a5=v3. This fails because a6=v3, a4=v2, a2=v2, and a5=v3.
*   **R8:** a6=v1 AND a3=v1. This fails because a6=v3 and a3=v3.
*   **R9:** a6=v3 AND a4=v2 AND a2=v2 AND a5=v3. This fails because a6=v3, a4=v2, a2=v2, and a5=v3.
*   **R10:** a6=v3 AND a4=v2 AND a2=v2 AND a5=v2. This fails because a6=v3, a4=v2, a2=v2, and a5=v3.

None of the rules apply.

ANSWER: None"
exp2_f014_N0,2,N0,R3,a2=v1 AND a6=v3 AND a5=v3 AND a1=v1,True,,,"Let's analyze the rules against the query:

*   **R1:** a1=v3 AND a4=v3 AND a3=v3 AND a5=v3 - Does not match (a1=v1, a4=v2, a3=v3, a5=v3)
*   **R2:** a1=v3 AND a5=v2 AND a6=v3 AND a3=v3 - Does not match (a1=v1, a5=v3, a6=v3, a3=v3)
*   **R3:** a2=v1 AND a6=v3 AND a5=v3 AND a1=v1 - Does not match (a2=v1, a6=v3, a5=v3, a1=v1)
*   **R4:** a6=v1 AND a2=v2 - Does not match (a6=v3, a2=v1)
*   **R5:** a3=v2 AND a4=v1 AND a1=v1 - Does not match (a3=v3, a4=v2, a1=v1)
*   **R6:** a6=v1 AND a3=v2 AND a4=v2 AND a2=v1 - Does not match (a6=v3, a3=v3, a4=v2, a2=v1)
*   **R7:** a2=v2 AND a5=v2 AND a3=v3 AND a1=v1 - Does not match (a2=v1, a5=v3, a3=v3, a1=v1)
*   **R8:** a6=v2 AND a3=v2 AND a1=v1 AND a5=v3 - Does not match (a6=v3, a3=v3, a1=v1, a5=v3)
*   **R9:** a4=v3 AND a1=v3 AND a2=v1 AND a6=v3 - Does not match (a4=v2, a1=v1, a2=v1, a6=v3)
*   **R10:** a4=v3 AND a3=v1 AND a1=v1 AND a2=v1 - Does not match (a4=v2, a3=v3, a1=v1, a2=v1)

None of the rules match the query.

ANSWER: None"
exp2_f014_N1,2,N1,R3,a2=v1 AND a6=v3 AND a5=v3 AND a1=v1,True,,,"Let's evaluate the rules against the query:

*   **R1:** a1=v3 AND a4=v3 AND a3=v3 AND a5=v3.  This fails because a1=v1, a4=v2, a3=v3, and a5=v3.
*   **R2:** a1=v3 AND a5=v2 AND a6=v3 AND a3=v3. This fails because a1=v1, a5=v3, a6=v3, and a3=v3.
*   **R3:** a2=v1 AND a6=v3 AND a5=v3 AND a1=v1. This fails because a2=v1, a6=v3, a5=v3, and a1=v1.
*   **R4:** a6=v1 AND a2=v2. This fails because a6=v3 and a2=v1.
*   **R5:** a3=v2 AND a4=v1 AND a1=v1. This fails because a3=v3, a4=v2, and a1=v1.
*   **R6:** a6=v1 AND a3=v2 AND a4=v2 AND a2=v1. This fails because a6=v3, a3=v3, a4=v2, and a2=v1.
*   **R7:** a2=v2 AND a5=v2 AND a3=v3 AND a1=v1. This fails because a2=v1, a5=v3, a3=v3, and a1=v1.
*   **R8:** a6=v2 AND a3=v2 AND a1=v1 AND a5=v3. This fails because a6=v3, a3=v3, a1=v1, and a5=v3.
*   **R9:** a4=v3 AND a1=v3 AND a2=v1 AND a6=v3. This fails because a4=v2, a1=v1, a2=v1, and a6=v3.
*   **R10:** a2=v3 AND a6=v3 AND a5=v3 AND a1=v1. This fails because a2=v1, a6=v3, a5=v3, and a1=v1.

None of the rules apply.

ANSWER: None"
exp2_f015_N2,2,N2,R7,a3=v2 AND a6=v2 AND a1=v3 AND a2=v3,True,,,"Let's analyze the rules against the query:

*   **R1:** IF a6=v3 AND a1=v2.  This fails because a6=v2 and a1=v3.
*   **R2:** IF a3=v2 AND a6=v2 AND a1=v3 AND a2=v2. This fails because a1=v3 and a2=v3.
*   **R3:** IF a1=v2 AND a2=v2 AND a5=v2 AND a4=v1. This fails because a1=v3, a2=v3, a5=v2, and a4=v1.
*   **R4:** IF a6=v3 AND a4=v2 AND a3=v2 AND a5=v2. This fails because a6=v2 and a4=v1.
*   **R5:** IF a3=v2 AND a6=v1 AND a1=v3 AND a2=v3. This fails because a6=v2 and a1=v3 and a2=v3.
*   **R6:** IF a3=v1 AND a1=v2 AND a6=v2. This fails because a3=v2 and a1=v3 and a6=v2.
*   **R7:** IF a3=v2 AND a6=v2 AND a1=v3 AND a2=v3. This fails because a1=v3 and a2=v3.
*   **R8:** IF a2=v2 AND a1=v1 AND a5=v2 AND a6=v2. This fails because a1=v3 and a2=v3.
*   **R9:** IF a1=v1 AND a5=v1 AND a3=v2 AND a4=v1. This fails because a1=v3 and a4=v1.
*   **R10:** IF a6=v1 AND a5=v3 AND a4=v1 AND a3=v2. This fails because a6=v2 and a5=v2.

None of the rules apply.

ANSWER: None"
exp2_f015_N4,2,N4,R7,a3=v2 AND a6=v2 AND a1=v3 AND a2=v3,True,,,"Let's analyze the rules against the query:

*   **R1:** a6=v3 AND a1=v2.  This fails because a6=v2 and a1=v3.
*   **R2:** a3=v2 AND a6=v2 AND a1=v3 AND a2=v2. This fails because a1=v3 and a2=v3.
*   **R3:** a1=v2 AND a2=v2 AND a5=v2 AND a4=v1. This fails because a1=v3, a2=v3, a5=v2, and a4=v1.
*   **R4:** a3=v2 AND a6=v2 AND a1=v1 AND a2=v3. This fails because a1=v3 and a2=v3.
*   **R5:** a3=v2 AND a6=v1 AND a1=v3 AND a2=v3. This fails because a6=v2.
*   **R6:** a3=v1 AND a1=v2 AND a6=v2. This fails because a3=v2.
*   **R7:** a3=v2 AND a6=v2 AND a1=v3 AND a2=v3. This fails because a1=v3 and a2=v3.
*   **R8:** a2=v2 AND a1=v1 AND a5=v2 AND a6=v2. This fails because a1=v3.
*   **R9:** a3=v1 AND a6=v2 AND a1=v3 AND a2=v3. This fails because a3=v2.
*   **R10:** a6=v1 AND a5=v3 AND a4=v1 AND a3=v2. This fails because a6=v2.

None of the rules apply.

ANSWER: None"
exp2_f016_N0,2,N0,R1,a2=v1 AND a5=v1 AND a1=v2 AND a4=v2,True,,,"Let's evaluate the rules against the query:

*   **R1:** a2=v1 AND a5=v1 AND a1=v2 AND a4=v2.  This fails because a1=v2 is true, a2=v1 is true, a5=v1 is true, and a4=v2 is true, but the conditions are not all met.
*   **R2:** a1=v3 AND a6=v1 AND a2=v1 AND a5=v1. This fails because a1=v3 is false.
*   **R3:** a4=v1 AND a3=v2 AND a1=v2 AND a2=v1. This fails because a3=v1 is false.
*   **R4:** a2=v2 AND a4=v3 AND a1=v2 AND a3=v1. This fails because a2=v2 is false and a4=v3 is false.
*   **R5:** a5=v3 AND a3=v2 AND a1=v2 AND a4=v2. This fails because a5=v3 is false.
*   **R6:** a4=v3 AND a6=v1. This fails because a4=v3 is false.
*   **R7:** a6=v1 AND a5=v2 AND a3=v1 AND a2=v1. This fails because a6=v1 is false and a5=v2 is false.
*   **R8:** a5=v2 AND a2=v2 AND a6=v3 AND a4=v2. This fails because a5=v2 is false and a2=v2 is false.
*   **R9:** a3=v3 AND a2=v2 AND a5=v1 AND a6=v3. This fails because a3=v3 is false and a6=v3 is false.
*   **R10:** a4=v1 AND a6=v2 AND a1=v2. This fails because a4=v1 is false and a6=v2 is false.

Since none of the rules apply, we return:

ANSWER: None"
exp2_f016_N1,2,N1,R1,a2=v1 AND a5=v1 AND a1=v2 AND a4=v2,True,,,"Let's analyze the rules against the query:

*   **R1:** a2=v1 AND a5=v1 AND a1=v2 AND a4=v2.  This fails because a1=v2, a2=v1, a5=v1, a4=v2 but a3=v1 is not met.
*   **R2:** a1=v3 AND a6=v1 AND a2=v1 AND a5=v1. This fails because a1=v2, a2=v1, a5=v1, a6=v3 is not met.
*   **R3:** a4=v1 AND a3=v2 AND a1=v2 AND a2=v1. This fails because a4=v2, a3=v1, a1=v2, a2=v1 but a4=v1 is not met.
*   **R4:** a2=v2 AND a4=v3 AND a1=v2 AND a3=v1. This fails because a2=v1, a4=v2, a1=v2, a3=v1 but a2=v2 and a4=v3 are not met.
*   **R5:** a5=v3 AND a3=v2 AND a1=v2 AND a4=v2. This fails because a5=v1, a3=v1, a1=v2, a4=v2 but a5=v3 is not met.
*   **R6:** a4=v3 AND a6=v1. This fails because a4=v2, a6=v3 is not met.
*   **R7:** a6=v1 AND a5=v2 AND a3=v1 AND a2=v1. This fails because a6=v3, a5=v1, a3=v1, a2=v1 but a6=v1 is not met.
*   **R8:** a2=v1 AND a5=v2 AND a1=v2 AND a4=v2. This fails because a2=v1, a5=v1, a1=v2, a4=v2 but a5=v2 is not met.
*   **R9:** a3=v3 AND a2=v2 AND a5=v1 AND a6=v3. This fails because a3=v1, a2=v1, a5=v1, a6=v3 but a3=v3 is not met.
*   **R10:** a4=v1 AND a6=v2 AND a1=v2. This fails because a4=v2, a6=v3, a1=v2 but a4=v1 and a6=v2 are not met.

None of the rules apply.

ANSWER: None"
exp2_f016_N2,2,N2,R1,a2=v1 AND a5=v1 AND a1=v2 AND a4=v2,True,,,"Let's analyze the rules against the query:

*   **R1:** a2=v1 AND a5=v1 AND a1=v2 AND a4=v2.  This fails because a6 is not equal to v1.
*   **R2:** a1=v3 AND a6=v1 AND a2=v1 AND a5=v1. This fails because a1 is not equal to v3, a6 is not equal to v1, and a2 is not equal to v1.
*   **R3:** a4=v1 AND a3=v2 AND a1=v2 AND a2=v1. This fails because a3 is not equal to v2, a2 is not equal to v1.
*   **R4:** a2=v2 AND a4=v3 AND a1=v2 AND a3=v1. This fails because a2 is not equal to v2, a4 is not equal to v3, and a3 is not equal to v1.
*   **R5:** a5=v3 AND a3=v2 AND a1=v2 AND a4=v2. This fails because a5 is not equal to v3, a3 is not equal to v2, and a1 is not equal to v2.
*   **R6:** a4=v3 AND a6=v1. This fails because a4 is not equal to v3, and a6 is not equal to v1.
*   **R7:** a6=v1 AND a5=v2 AND a3=v1 AND a2=v1. This fails because a6 is not equal to v1, a5 is not equal to v2, and a3 is not equal to v1.
*   **R8:** a2=v1 AND a5=v2 AND a1=v2 AND a4=v2. This fails because a5 is not equal to v2.
*   **R9:** a2=v1 AND a5=v1 AND a1=v2 AND a4=v1. This fails because a2 is not equal to v1, a5 is not equal to v1, and a4 is not equal to v1.
*   **R10:** a4=v1 AND a6=v2 AND a1=v2. This fails because a4 is not equal to v1, and a6 is not equal to v2.

None of the rules apply.

ANSWER: None"
exp2_f016_N4,2,N4,R1,a2=v1 AND a5=v1 AND a1=v2 AND a4=v2,True,,,"Let's evaluate the rules against the query:

*   **R1:** a2=v1 AND a5=v1 AND a1=v2 AND a4=v2.  This fails because a1=v2 is true, but a5=v1 is true, a1=v2 is true, and a4=v2 is true.  This rule is partially met, but not fully.
*   **R2:** a2=v1 AND a5=v1 AND a1=v1 AND a4=v2. This fails because a1=v1 is true, but a1=v2 is true.
*   **R3:** a4=v1 AND a3=v2 AND a1=v2 AND a2=v1. This fails because a4=v1 is true, but a3=v2 is true, a1=v2 is true, and a2=v1 is true.
*   **R4:** a2=v2 AND a4=v3 AND a1=v2 AND a3=v1. This fails because a2=v2 is true, a4=v3 is true, a1=v2 is true, and a3=v1 is true.
*   **R5:** a2=v3 AND a5=v1 AND a1=v2 AND a4=v2. This fails because a2=v3 is true, a5=v1 is true, a1=v2 is true, and a4=v2 is true.
*   **R6:** a4=v3 AND a6=v1. This fails because a4=v3 is true, but a6=v1 is true.
*   **R7:** a6=v1 AND a5=v2 AND a3=v1 AND a2=v1. This fails because a6=v1 is true, a5=v2 is true, a3=v1 is true, and a2=v1 is true.
*   **R8:** a2=v1 AND a5=v2 AND a1=v2 AND a4=v2. This fails because a2=v1 is true, a5=v2 is true, a1=v2 is true, and a4=v2 is true.
*   **R9:** a2=v1 AND a5=v1 AND a1=v2 AND a4=v1. This fails because a2=v1 is true, a5=v1 is true, a1=v2 is true, and a4=v1 is true.
*   **R10:** a4=v1 AND a6=v2 AND a1=v2. This fails because a4=v1 is true, a6=v2 is true, and a1=v2 is true.

None of the rules apply.

ANSWER: None"
exp2_f017_N0,2,N0,R9,a1=v2 AND a5=v1 AND a2=v3 AND a4=v2,True,,,"Let's analyze the rules against the query:

*   **R1:** a1=v3 AND a2=v2 AND a3=v3 - Does not match (a2=v3, a1=v2, a3=v3)
*   **R2:** a1=v3 AND a3=v1 AND a5=v1 AND a6=v3 - Does not match (a1=v2, a3=v3, a5=v1, a6=v3)
*   **R3:** a4=v1 AND a5=v3 - Does not match (a4=v2, a5=v1)
*   **R4:** a1=v3 AND a4=v1 AND a6=v3 AND a3=v3 - Does not match (a1=v2, a4=v2, a6=v3, a3=v3)
*   **R5:** a5=v2 AND a1=v3 AND a3=v3 AND a4=v2 - Does not match (a5=v1, a1=v2, a3=v3, a4=v2)
*   **R6:** a6=v2 AND a1=v3 AND a3=v3 AND a2=v3 - Does not match (a6=v3, a1=v2, a3=v3, a2=v3)
*   **R7:** a1=v3 AND a5=v2 AND a2=v3 AND a6=v3 - Does not match (a1=v2, a5=v1, a2=v3, a6=v3)
*   **R8:** a3=v1 AND a2=v1 AND a4=v2 AND a1=v2 - Does not match (a3=v3, a2=v3, a4=v2, a1=v2)
*   **R9:** a1=v2 AND a5=v1 AND a2=v3 AND a4=v2 - Does not match (a1=v2, a5=v1, a2=v3, a4=v2)
*   **R10:** a3=v2 AND a4=v3 AND a1=v2 AND a2=v3 - Does not match (a3=v3, a4=v2, a1=v2, a2=v3)

None of the rules match the query.

ANSWER: None"
exp2_f020_N0,2,N0,R7,a2=v2 AND a1=v1 AND a6=v3 AND a3=v3,True,,,"Let's evaluate each rule against the query:

*   **R1:** a1=v2 AND a3=v2 AND a5=v3 AND a6=v3.  This fails because a1=v1, a3=v3, a5=v3, and a6=v3.
*   **R2:** a2=v3 AND a5=v2 AND a1=v1 AND a6=v3. This fails because a2=v2, a5=v3, a1=v1, and a6=v3.
*   **R3:** a2=v3 AND a5=v2 AND a1=v1 AND a3=v3. This fails because a2=v2, a5=v3, a1=v1, and a3=v3.
*   **R4:** a4=v3 AND a3=v1 AND a1=v1 AND a5=v3. This fails because a4=v1, a3=v3, a1=v1, and a5=v3.
*   **R5:** a3=v1 AND a1=v3. This fails because a3=v3 and a1=v1.
*   **R6:** a2=v2 AND a1=v1 AND a6=v3 AND a3=v3. This fails because a2=v2, a1=v1, a6=v3, and a3=v3.
*   **R7:** a2=v2 AND a1=v1 AND a6=v3 AND a3=v3. This fails because a2=v2, a1=v1, a6=v3, and a3=v3.
*   **R8:** a4=v2 AND a2=v1 AND a5=v3 AND a1=v1. This fails because a4=v1, a2=v2, a5=v3, and a1=v1.
*   **R9:** a5=v1 AND a2=v1 AND a4=v1. This fails because a5=v3, a2=v2, and a4=v1.
*   **R10:** a3=v2 AND a1=v2 AND a4=v1 AND a2=v2. This fails because a3=v3, a1=v1, a4=v1, and a2=v2.

None of the rules apply.

ANSWER: None"
exp2_f020_N1,2,N1,R7,a2=v2 AND a1=v1 AND a6=v3 AND a3=v3,True,,,"Let's evaluate each rule against the query:

*   **R1:** a1=v2 AND a3=v2 AND a5=v3 AND a6=v3.  This fails because a1=v1, a3=v3, a5=v3, and a6=v3.
*   **R2:** a2=v3 AND a5=v2 AND a1=v1 AND a6=v3. This fails because a2=v2, a5=v3, a1=v1, and a6=v3.
*   **R3:** a2=v3 AND a5=v2 AND a1=v1 AND a3=v3. This fails because a2=v2, a5=v3, a1=v1, and a3=v3.
*   **R4:** a2=v3 AND a1=v1 AND a6=v3 AND a3=v3. This fails because a2=v2, a1=v1, a6=v3, and a3=v3.
*   **R5:** a3=v1 AND a1=v3. This fails because a3=v3 and a1=v1.
*   **R6:** a2=v3 AND a5=v2 AND a1=v1 AND a3=v3. This fails because a2=v2, a5=v3, a1=v1, and a3=v3.
*   **R7:** a2=v2 AND a1=v1 AND a6=v3 AND a3=v3. This fails because a2=v2, a1=v1, a6=v3, and a3=v3.
*   **R8:** a4=v2 AND a2=v1 AND a5=v3 AND a1=v1. This fails because a4=v1, a2=v2, a5=v3, and a1=v1.
*   **R9:** a5=v1 AND a2=v1 AND a4=v1. This fails because a5=v3, a2=v2, and a4=v1.
*   **R10:** a3=v2 AND a1=v2 AND a4=v1 AND a2=v2. This fails because a3=v3, a1=v1, a4=v1, and a2=v2.

None of the rules apply.

ANSWER: None"
exp2_f020_N2,2,N2,R7,a2=v2 AND a1=v1 AND a6=v3 AND a3=v3,True,,,"Let's evaluate each rule against the query:

*   **R1:** a1=v2 AND a3=v2 AND a5=v3 AND a6=v3.  This fails because a1=v1, a3=v3, a5=v3, and a6=v3.
*   **R2:** a2=v3 AND a5=v2 AND a1=v1 AND a6=v3. This fails because a2=v2, a5=v3, a1=v1, and a6=v3.
*   **R3:** a2=v3 AND a5=v2 AND a1=v1 AND a3=v3. This fails because a2=v2, a5=v3, a1=v1, and a3=v3.
*   **R4:** a2=v3 AND a1=v1 AND a6=v3 AND a3=v3. This fails because a2=v2, a1=v1, a6=v3, and a3=v3.
*   **R5:** a3=v1 AND a1=v3. This fails because a3=v3 and a1=v1.
*   **R6:** a2=v3 AND a5=v2 AND a1=v1 AND a3=v3. This fails because a2=v2, a5=v3, a1=v1, and a3=v3.
*   **R7:** a2=v2 AND a1=v1 AND a6=v3 AND a3=v3. This fails because a2=v2, a1=v1, a6=v3, and a3=v3.
*   **R8:** a4=v2 AND a2=v1 AND a5=v3 AND a1=v1. This fails because a4=v1, a2=v2, a5=v3, and a1=v1.
*   **R9:** a5=v1 AND a2=v1 AND a4=v1. This fails because a5=v3, a2=v2, and a4=v1.
*   **R10:** a2=v2 AND a1=v1 AND a6=v3 AND a3=v2. This fails because a2=v2, a1=v1, a6=v3, and a3=v3.

None of the rules apply.

ANSWER: None"
exp2_f020_N4,2,N4,R7,a2=v2 AND a1=v1 AND a6=v3 AND a3=v3,True,,,"Let's analyze the rules against the query:

*   **R1:** a1=v2 AND a3=v2 AND a5=v3 AND a6=v3.  This fails because a1=v1, a3=v3, a5=v3, and a6=v3.
*   **R2:** a2=v2 AND a1=v1 AND a6=v1 AND a3=v3. This fails because a2=v2.
*   **R3:** a2=v3 AND a5=v2 AND a1=v1 AND a3=v3. This fails because a2=v2.
*   **R4:** a2=v3 AND a1=v1 AND a6=v3 AND a3=v3. This fails because a2=v2.
*   **R5:** a3=v1 AND a1=v3. This fails because a3=v3 and a1=v1.
*   **R6:** a2=v2 AND a1=v3 AND a6=v3 AND a3=v3. This fails because a2=v2.
*   **R7:** a2=v2 AND a1=v1 AND a6=v3 AND a3=v3. This fails because a2=v2.
*   **R8:** a4=v2 AND a2=v1 AND a5=v3 AND a1=v1. This fails because a4=v1.
*   **R9:** a5=v1 AND a2=v1 AND a4=v1. This fails because a5=v3 and a4=v1.
*   **R10:** a2=v2 AND a1=v1 AND a6=v3 AND a3=v2. This fails because a2=v2 and a3=v3.

None of the rules apply.

ANSWER: None"
exp2_f022_N4,2,N4,R3,a6=v1 AND a5=v3 AND a2=v1 AND a3=v2,True,,,"Let's analyze the rules against the query:

*   **R1:** a6=v1 AND a5=v3 AND a2=v3 AND a3=v2.  This fails because a2=v3 and a3=v2, not v1.
*   **R2:** a6=v1 AND a5=v3 AND a2=v1 AND a3=v1. This fails because a3=v2, not v1.
*   **R3:** a6=v1 AND a5=v3 AND a2=v1 AND a3=v2. This fails because a3=v2, not v1.
*   **R4:** a6=v1 AND a5=v2 AND a2=v1 AND a3=v2. This fails because a5=v3, not v2.
*   **R5:** a2=v3 AND a1=v3 AND a3=v2 AND a6=v1. This fails because a2=v1, a1=v1, and a5=v3.
*   **R6:** a6=v2 AND a5=v3 AND a2=v1 AND a3=v2. This fails because a6=v1, not v2.
*   **R7:** a3=v3 AND a1=v2 AND a6=v1. This fails because a3=v2, not v3, and a1=v1, not v2.
*   **R8:** a3=v1 AND a1=v3. This fails because a3=v2, not v1, and a1=v1, not v3.
*   **R9:** a1=v2 AND a4=v1 AND a6=v1 AND a2=v1. This fails because a1=v1, a2=v1, but a1=v2, a4=v3, and a6=v1.
*   **R10:** a6=v2 AND a4=v1 AND a5=v3 AND a3=v2. This fails because a6=v1, not v2, and a4=v3, not v1.

None of the rules apply.

ANSWER: None"
exp2_f023_N0,2,N0,R1,a6=v1 AND a4=v3 AND a1=v3 AND a2=v2,True,,,"Let's analyze the rules against the query:

*   **R1:** a6=v1 AND a4=v3 AND a1=v3 AND a2=v2.  This fails because a6=v1, a4=v3, a1=v3, and a2=v2 are all true, but the rule requires all conditions to be met.
*   **R2:** a3=v1 AND a6=v3 AND a4=v3 AND a1=v3. This fails because a3=v2, not v1.
*   **R3:** a2=v3 AND a1=v2 AND a6=v1 AND a3=v2. This fails because a2=v2, not v3.
*   **R4:** a1=v2 AND a6=v3 AND a2=v2. This fails because a1=v3, not v2.
*   **R5:** a6=v3 AND a1=v2 AND a5=v2 AND a3=v2. This fails because a6=v1, not v3.
*   **R6:** a4=v2 AND a1=v2 AND a3=v2 AND a6=v1. This fails because a4=v3, not v2.
*   **R7:** a4=v1 AND a5=v3 AND a1=v3 AND a3=v2. This fails because a4=v3, not v1.
*   **R8:** a5=v3 AND a2=v1 AND a1=v3 AND a4=v3. This fails because a2=v2, not v1.
*   **R9:** a3=v3 AND a4=v2 AND a5=v2 AND a1=v3. This fails because a3=v2, not v3.
*   **R10:** a4=v2 AND a3=v1. This fails because a4=v3, not v2.

None of the rules apply.

ANSWER: None"
exp2_f024_N1,2,N1,R3,a4=v1 AND a2=v2 AND a6=v1 AND a1=v3,True,,,"Let's analyze the rules against the query:

*   **R1:** a2=v3 AND a4=v3 AND a1=v3 AND a6=v1.  This fails because a2=v2 and a4=v1.
*   **R2:** a5=v3 AND a2=v3 AND a1=v3 AND a4=v1. This fails because a5=v1 and a2=v2.
*   **R3:** a4=v1 AND a2=v2 AND a6=v1 AND a1=v3. This fails because a2=v2 and a1=v3.
*   **R4:** a5=v3 AND a6=v2 AND a2=v2 AND a1=v3. This fails because a5=v1 and a6=v1.
*   **R5:** a1=v1 AND a5=v2 AND a2=v2 AND a4=v1. This fails because a5=v1 and a2=v2.
*   **R6:** a3=v3 AND a1=v1 AND a4=v1 AND a2=v2. This fails because a3=v1 and a2=v2.
*   **R7:** a1=v2 AND a3=v2 AND a2=v2. This fails because a1=v3 and a3=v1.
*   **R8:** a4=v1 AND a2=v3 AND a6=v1 AND a1=v3. This fails because a2=v2 and a1=v3.
*   **R9:** a3=v3 AND a2=v3. This fails because a3=v1 and a2=v2.
*   **R10:** a6=v2 AND a4=v2 AND a5=v1 AND a2=v2. This fails because a6=v1 and a5=v1.

None of the rules apply.

ANSWER: None"
exp2_f025_N0,2,N0,R4,a5=v1 AND a3=v1 AND a2=v1 AND a6=v3,True,,,"Let's analyze the rules against the query:

*   **R1:** a2=v3 AND a4=v2 AND a1=v3 AND a6=v3.  This fails because a2=v1, a4=v1, and a1=v3.
*   **R2:** a2=v3 AND a1=v2 AND a5=v1 AND a6=v3. This fails because a2=v1, a1=v2, and a5=v1.
*   **R3:** a3=v2 AND a4=v3 AND a1=v3. This fails because a3=v1, a4=v1, and a1=v3.
*   **R4:** a5=v1 AND a3=v1 AND a2=v1 AND a6=v3. This fails because a5=v1, a3=v1, a2=v1, and a6=v3.
*   **R5:** a2=v3 AND a4=v2 AND a5=v1 AND a6=v3. This fails because a2=v1, a4=v1, and a5=v1.
*   **R6:** a4=v2 AND a2=v3 AND a3=v1 AND a6=v3. This fails because a4=v1, a2=v1, and a3=v1.
*   **R7:** a6=v1 AND a4=v2 AND a3=v1 AND a2=v1. This fails because a6=v3, a4=v1, a3=v1, and a2=v1.
*   **R8:** a3=v3 AND a5=v3 AND a2=v1 AND a4=v1. This fails because a3=v1, a5=v1, a2=v1, and a4=v1.
*   **R9:** a2=v3 AND a6=v1 AND a3=v1 AND a4=v1. This fails because a2=v1, a6=v3, a3=v1, and a4=v1.
*   **R10:** a2=v3 AND a4=v3. This fails because a2=v1 and a4=v1.

None of the rules apply.

ANSWER: None"
exp2_f025_N1,2,N1,R4,a5=v1 AND a3=v1 AND a2=v1 AND a6=v3,True,,,"Let's analyze the rules against the query:

*   **R1:** a2=v3 AND a4=v2 AND a1=v3 AND a6=v3.  This fails because a2=v1, a4=v1, and a1=v3.
*   **R2:** a2=v3 AND a1=v2 AND a5=v1 AND a6=v3. This fails because a2=v1, a1=v3, and a5=v1.
*   **R3:** a3=v2 AND a4=v3 AND a1=v3. This fails because a3=v1, a4=v1, and a1=v3.
*   **R4:** a5=v1 AND a3=v1 AND a2=v1 AND a6=v3. This fails because a5=v1, a3=v1, a2=v1, and a6=v3.
*   **R5:** a2=v3 AND a4=v2 AND a5=v1 AND a6=v3. This fails because a2=v1, a4=v1, and a5=v1.
*   **R6:** a4=v2 AND a2=v3 AND a3=v1 AND a6=v3. This fails because a4=v1, a2=v1, and a3=v1.
*   **R7:** a5=v1 AND a3=v1 AND a2=v1 AND a6=v2. This fails because a6=v3.
*   **R8:** a3=v3 AND a5=v3 AND a2=v1 AND a4=v1. This fails because a3=v1, a5=v1, a2=v1, and a4=v1.
*   **R9:** a2=v3 AND a6=v1 AND a3=v1 AND a4=v1. This fails because a2=v1, a6=v3, a3=v1, and a4=v1.
*   **R10:** a2=v3 AND a4=v3. This fails because a2=v1 and a4=v1.

None of the rules apply.

ANSWER: None"
exp2_f026_N1,2,N1,R8,a5=v2 AND a1=v2 AND a6=v2 AND a2=v3,True,,,"Let's analyze the rules against the query:

*   **R1:** a1=v3 AND a2=v1 AND a3=v3 AND a5=v2.  This fails because a1=v2 and a2=v3.
*   **R2:** a4=v2 AND a5=v3 AND a3=v3 AND a6=v2. This fails because a4=v3 and a5=v2.
*   **R3:** a5=v3 AND a6=v1 AND a2=v3 AND a4=v3. This fails because a6=v2 and a5=v2.
*   **R4:** a5=v2 AND a1=v2 AND a6=v2 AND a2=v2. This fails because a1=v2 and a2=v3.
*   **R5:** a4=v2 AND a5=v1 AND a6=v2 AND a3=v3. This fails because a4=v3 and a5=v2.
*   **R6:** a2=v2 AND a1=v3 AND a4=v3 AND a6=v2. This fails because a1=v2 and a2=v3.
*   **R7:** a6=v3 AND a5=v3. This fails because a6=v2 and a5=v2.
*   **R8:** a5=v2 AND a1=v2 AND a6=v2 AND a2=v3. This fails because a2=v3.
*   **R9:** a2=v1 AND a6=v1 AND a4=v3 AND a3=v3. This fails because a2=v3 and a6=v2.
*   **R10:** a1=v1 AND a3=v2 AND a5=v2. This fails because a1=v2.

None of the rules apply.

ANSWER: None"
exp2_f029_N1,2,N1,R7,a1=v2 AND a2=v3 AND a5=v2 AND a4=v1,True,,,"Let's analyze the rules against the query:

*   **R1:** a6=v1 AND a3=v3 AND a2=v3 AND a1=v2.  This fails because a6=v3, a3=v2, a2=v3, and a1=v2.
*   **R2:** a6=v1 AND a3=v1 AND a5=v2 AND a4=v1. This fails because a6=v3, a3=v2, a5=v2, and a4=v1.
*   **R3:** a6=v1 AND a5=v1 AND a4=v1 AND a3=v2. This fails because a6=v3, a5=v2, a4=v1, and a3=v2.
*   **R4:** a3=v3 AND a2=v1 AND a4=v1 AND a6=v3. This fails because a3=v2, a2=v3, a4=v1, and a6=v3.
*   **R5:** a1=v2 AND a2=v3 AND a5=v1 AND a4=v1. This fails because a1=v2, a2=v3, a5=v2, and a4=v1.
*   **R6:** a5=v1 AND a6=v1 AND a2=v3. This fails because a5=v2, a6=v3, and a2=v3.
*   **R7:** a1=v2 AND a2=v3 AND a5=v2 AND a4=v1. This fails because a1=v2, a2=v3, a5=v2, and a4=v1.
*   **R8:** a6=v2 AND a5=v3 AND a1=v2 AND a3=v2. This fails because a6=v3, a5=v2, a1=v2, and a3=v2.
*   **R9:** a1=v1 AND a5=v1. This fails because a1=v2 and a5=v2.
*   **R10:** a2=v2 AND a4=v3 AND a6=v3 AND a5=v2. This fails because a2=v3, a4=v1, a6=v3, and a5=v2.

None of the rules apply.

ANSWER: None"
exp2_f030_N0,2,N0,R9,a5=v2 AND a1=v1 AND a4=v3 AND a3=v1,True,,,"Let's analyze the rules against the query:

*   **R1:** a5=v1 AND a1=v3 AND a6=v2 AND a2=v2.  This fails because a1=v1, a2=v2, a3=v1, a4=v3, a5=v2, a6=v2.
*   **R2:** a6=v3 AND a5=v1 AND a4=v3 AND a3=v1. This fails because a6=v2, a5=v2, a4=v3, a3=v1.
*   **R3:** a6=v3 AND a2=v3 AND a1=v1 AND a4=v3. This fails because a6=v2, a2=v2, a1=v1, a4=v3.
*   **R4:** a4=v1 AND a6=v1 AND a5=v2 AND a2=v2. This fails because a4=v3, a6=v2, a5=v2, a2=v2.
*   **R5:** a6=v3 AND a3=v2 AND a1=v1 AND a4=v3. This fails because a6=v2, a3=v1, a1=v1, a4=v3.
*   **R6:** a2=v3 AND a4=v1. This fails because a2=v2, a4=v3.
*   **R7:** a5=v3 AND a1=v2 AND a6=v2 AND a2=v2. This fails because a5=v2, a1=v1, a6=v2, a2=v2.
*   **R8:** a4=v2 AND a2=v3 AND a5=v2 AND a3=v1. This fails because a4=v3, a2=v2, a5=v2, a3=v1.
*   **R9:** a5=v2 AND a1=v1 AND a4=v3 AND a3=v1. This fails because a5=v2, a1=v1, a4=v3, a3=v1.
*   **R10:** a3=v2 AND a2=v3 AND a1=v1. This fails because a3=v1, a2=v2, a1=v1.

None of the rules apply.

ANSWER: None"
exp2_f030_N1,2,N1,R9,a5=v2 AND a1=v1 AND a4=v3 AND a3=v1,True,,,"Let's analyze the rules against the query:

*   **R1:** a5=v1 AND a1=v3 AND a6=v2 AND a2=v2.  This fails because a1=v1, a2=v2, a3=v1, a4=v3, a5=v2, a6=v2.
*   **R2:** a6=v3 AND a5=v1 AND a4=v3 AND a3=v1. This fails because a6=v2, a5=v2, a4=v3, a3=v1.
*   **R3:** a6=v3 AND a2=v3 AND a1=v1 AND a4=v3. This fails because a6=v2, a2=v2, a1=v1, a4=v3.
*   **R4:** a4=v1 AND a6=v1 AND a5=v2 AND a2=v2. This fails because a4=v3, a6=v2, a5=v2, a2=v2.
*   **R5:** a6=v3 AND a3=v2 AND a1=v1 AND a4=v3. This fails because a6=v2, a3=v1, a1=v1, a4=v3.
*   **R6:** a2=v3 AND a4=v1. This fails because a2=v2, a4=v3.
*   **R7:** a5=v2 AND a1=v2 AND a4=v3 AND a3=v1. This fails because a5=v2, a1=v1, a4=v3, a3=v1.
*   **R8:** a4=v2 AND a2=v3 AND a5=v2 AND a3=v1. This fails because a4=v3, a2=v2, a5=v2, a3=v1.
*   **R9:** a5=v2 AND a1=v1 AND a4=v3 AND a3=v1. This fails because a5=v2, a1=v1, a4=v3, a3=v1.
*   **R10:** a3=v2 AND a2=v3 AND a1=v1. This fails because a3=v1, a2=v2, a1=v1.

None of the rules apply.

ANSWER: None"
exp2_f030_N2,2,N2,R9,a5=v2 AND a1=v1 AND a4=v3 AND a3=v1,True,,,"Let's analyze the rules against the query:

*   **R1:** a5=v2 AND a1=v1 AND a4=v3 AND a3=v3.  This fails because a3=v1, not v3.
*   **R2:** a6=v3 AND a5=v1 AND a4=v3 AND a3=v1. This fails because a6=v2, not v3.
*   **R3:** a6=v3 AND a2=v3 AND a1=v1 AND a4=v3. This fails because a6=v2, not v3.
*   **R4:** a4=v1 AND a6=v1 AND a5=v2 AND a2=v2. This fails because a4=v3, not v1.
*   **R5:** a6=v3 AND a3=v2 AND a1=v1 AND a4=v3. This fails because a6=v2, not v3 and a3=v1, not v2.
*   **R6:** a2=v3 AND a4=v1. This fails because a2=v2, not v3 and a4=v3, not v1.
*   **R7:** a5=v2 AND a1=v2 AND a4=v3 AND a3=v1. This fails because a1=v1, not v2 and a3=v1, not v2.
*   **R8:** a4=v2 AND a2=v3 AND a5=v2 AND a3=v1. This fails because a4=v3, not v2 and a2=v2, not v3.
*   **R9:** a5=v2 AND a1=v1 AND a4=v3 AND a3=v1. This fails because a1=v1, not v2.
*   **R10:** a3=v2 AND a2=v3 AND a1=v1. This fails because a3=v1, not v2 and a2=v2, not v3.

None of the rules apply.

ANSWER: None"
exp2_f030_N4,2,N4,R9,a5=v2 AND a1=v1 AND a4=v3 AND a3=v1,True,,,"Let's analyze the rules against the query:

*   **R1:** a5=v2 AND a1=v1 AND a4=v3 AND a3=v3.  This fails because a3=v1, not v3.
*   **R2:** a6=v3 AND a5=v1 AND a4=v3 AND a3=v1. This fails because a6=v2, not v3.
*   **R3:** a6=v3 AND a2=v3 AND a1=v1 AND a4=v3. This fails because a6=v2, not v3 and a2=v2, not v3.
*   **R4:** a5=v3 AND a1=v1 AND a4=v3 AND a3=v1. This fails because a5=v2, not v3.
*   **R5:** a6=v3 AND a3=v2 AND a1=v1 AND a4=v3. This fails because a6=v2, not v3 and a3=v1, not v2.
*   **R6:** a2=v3 AND a4=v1. This fails because a2=v2, not v3.
*   **R7:** a5=v2 AND a1=v2 AND a4=v3 AND a3=v1. This fails because a5=v2, a1=v1, a2=v2, a3=v1, a4=v3, a6=v2.
*   **R8:** a5=v2 AND a1=v1 AND a4=v2 AND a3=v1. This fails because a5=v2, a1=v1, a2=v2, a3=v1, a4=v2, a6=v2.
*   **R9:** a5=v2 AND a1=v1 AND a4=v3 AND a3=v1. This fails because a5=v2, a1=v1, a2=v2, a3=v1, a4=v3, a6=v2.
*   **R10:** a3=v2 AND a2=v3 AND a1=v1. This fails because a3=v1, not v2 and a2=v2, not v3.

None of the rules apply.

ANSWER: None
"
exp2_f031_N0,2,N0,R3,a5=v2 AND a2=v3 AND a1=v1 AND a4=v2,True,,,"Let's analyze the rules against the query:

*   **R1:** a2=v1 AND a6=v3 AND a3=v1 AND a4=v2.  This fails because a2=v3 and a6=v1.
*   **R2:** a1=v2 AND a5=v3 AND a4=v2 AND a2=v3. This fails because a1=v1, a2=v3, a5=v2, and a6=v1.
*   **R3:** a5=v2 AND a2=v3 AND a1=v1 AND a4=v2. This fails because a2=v3 and a5=v2.
*   **R4:** a4=v1 AND a2=v2 AND a3=v1 AND a5=v2. This fails because a4=v2.
*   **R5:** a1=v3 AND a5=v3 AND a2=v3 AND a3=v1. This fails because a1=v1, a2=v3, a5=v2, and a3=v1.
*   **R6:** a6=v3 AND a5=v3 AND a2=v3 AND a4=v2. This fails because a6=v1 and a2=v3.
*   **R7:** a2=v1 AND a3=v3 AND a6=v1 AND a4=v2. This fails because a2=v3, a3=v1, and a6=v1.
*   **R8:** a1=v3 AND a3=v3 AND a4=v2 AND a5=v2. This fails because a1=v1, a3=v1, and a6=v1.
*   **R9:** a3=v2 AND a1=v2. This fails because a3=v1 and a1=v1.
*   **R10:** a3=v2 AND a4=v1 AND a1=v1. This fails because a3=v1 and a4=v2.

None of the rules apply.

ANSWER: None"
exp2_f031_N1,2,N1,R3,a5=v2 AND a2=v3 AND a1=v1 AND a4=v2,True,,,"Let's evaluate each rule against the query:

*   **R1:** a2=v1 AND a6=v3 AND a3=v1 AND a4=v2.  This fails because a2=v3 and a6=v1.
*   **R2:** a1=v2 AND a5=v3 AND a4=v2 AND a2=v3. This fails because a1=v1, a5=v2, a2=v3.
*   **R3:** a5=v2 AND a2=v3 AND a1=v1 AND a4=v2. This fails because a5=v2, a2=v3, a1=v1, a4=v2.
*   **R4:** a4=v1 AND a2=v2 AND a3=v1 AND a5=v2. This fails because a4=v2, a2=v3, a3=v1, a5=v2.
*   **R5:** a1=v3 AND a5=v3 AND a2=v3 AND a3=v1. This fails because a1=v1, a5=v2, a2=v3, a3=v1.
*   **R6:** a5=v2 AND a2=v3 AND a1=v3 AND a4=v2. This fails because a5=v2, a2=v3, a1=v1, a4=v2.
*   **R7:** a2=v1 AND a3=v3 AND a6=v1 AND a4=v2. This fails because a2=v3, a3=v1, a6=v1, a4=v2.
*   **R8:** a1=v3 AND a3=v3 AND a4=v2 AND a5=v2. This fails because a1=v1, a3=v1, a4=v2, a5=v2.
*   **R9:** a3=v2 AND a1=v2. This fails because a3=v1, a1=v1.
*   **R10:** a3=v2 AND a4=v1 AND a1=v1. This fails because a3=v1, a4=v2, a1=v1.

None of the rules apply.

ANSWER: None"
exp2_f031_N2,2,N2,R3,a5=v2 AND a2=v3 AND a1=v1 AND a4=v2,True,,,"Let's evaluate each rule against the query:

*   **R1:** a2=v1 AND a6=v3 AND a3=v1 AND a4=v2.  This fails because a2=v3 and a6=v1.
*   **R2:** a1=v2 AND a5=v3 AND a4=v2 AND a2=v3. This fails because a1=v1, a5=v2, and a2=v3.
*   **R3:** a5=v2 AND a2=v3 AND a1=v1 AND a4=v2. This fails because a5=v2, a2=v3, a1=v1, and a4=v2.
*   **R4:** a4=v1 AND a2=v2 AND a3=v1 AND a5=v2. This fails because a4=v2, a2=v3, a3=v1, and a5=v2.
*   **R5:** a5=v3 AND a2=v3 AND a1=v1 AND a4=v2. This fails because a5=v2, a2=v3, a1=v1, and a4=v2.
*   **R6:** a5=v2 AND a2=v3 AND a1=v3 AND a4=v2. This fails because a5=v2, a2=v3, a1=v1, and a4=v2.
*   **R7:** a2=v1 AND a3=v3 AND a6=v1 AND a4=v2. This fails because a2=v3, a3=v1, a6=v1, and a4=v2.
*   **R8:** a1=v3 AND a3=v3 AND a4=v2 AND a5=v2. This fails because a1=v1, a3=v1, a4=v2, and a5=v2.
*   **R9:** a3=v2 AND a1=v2. This fails because a3=v1 and a1=v1.
*   **R10:** a3=v2 AND a4=v1 AND a1=v1. This fails because a3=v1 and a4=v2 and a1=v1.

None of the rules apply.

ANSWER: None"
exp2_f031_N4,2,N4,R3,a5=v2 AND a2=v3 AND a1=v1 AND a4=v2,True,,,"Let's analyze the rules against the query:

*   **R1:** a2=v1 AND a6=v3 AND a3=v1 AND a4=v2.  This fails because a2=v3 and a6=v1.
*   **R2:** a1=v2 AND a5=v3 AND a4=v2 AND a2=v3. This fails because a1=v1, a2=v3, a5=v2, and a6=v1.
*   **R3:** a5=v2 AND a2=v3 AND a1=v1 AND a4=v2. This fails because a2=v3 and a5=v2.
*   **R4:** a5=v2 AND a2=v1 AND a1=v1 AND a4=v2. This fails because a2=v3.
*   **R5:** a5=v3 AND a2=v3 AND a1=v1 AND a4=v2. This fails because a5=v2.
*   **R6:** a5=v2 AND a2=v3 AND a1=v3 AND a4=v2. This fails because a1=v1.
*   **R7:** a2=v1 AND a3=v3 AND a6=v1 AND a4=v2. This fails because a2=v3 and a3=v1.
*   **R8:** a5=v2 AND a2=v3 AND a1=v1 AND a4=v3. This fails because a4=v2.
*   **R9:** a3=v2 AND a1=v2. This fails because a3=v1 and a1=v1.
*   **R10:** a3=v2 AND a4=v1 AND a1=v1. This fails because a3=v1 and a4=v2.

None of the rules apply.

ANSWER: None"
exp2_f032_N0,2,N0,R7,a6=v1 AND a5=v2 AND a2=v3 AND a4=v3,True,,,"Let's analyze the rules against the query:

*   **R1:** a2=v2 AND a3=v2 AND a6=v1 AND a1=v1.  This fails because a2=v3 and a3=v1.
*   **R2:** a5=v3 AND a3=v3 AND a6=v1 AND a2=v3. This fails because a5=v2 and a2=v3.
*   **R3:** a3=v2 AND a2=v2 AND a4=v3 AND a6=v1. This fails because a3=v1 and a2=v3.
*   **R4:** a6=v3 AND a1=v2 AND a5=v2. This fails because a6=v1 and a1=v1.
*   **R5:** a3=v2 AND a5=v1 AND a4=v3 AND a2=v3. This fails because a3=v1 and a2=v3.
*   **R6:** a5=v1 AND a1=v2. This fails because a5=v2 and a1=v1.
*   **R7:** a6=v1 AND a5=v2 AND a2=v3 AND a4=v3. This fails because a6=v1, a5=v2, a2=v3 and a4=v3.
*   **R8:** a1=v3 AND a4=v2 AND a3=v1 AND a6=v1. This fails because a1=v1 and a4=v3.
*   **R9:** a3=v3 AND a6=v3 AND a5=v2 AND a4=v3. This fails because a3=v1 and a6=v1.
*   **R10:** a4=v1 AND a1=v2 AND a2=v3 AND a3=v1. This fails because a4=v3 and a1=v1.

None of the rules apply.

ANSWER: None"
exp2_f032_N1,2,N1,R7,a6=v1 AND a5=v2 AND a2=v3 AND a4=v3,True,,,"Let's evaluate each rule against the query:

*   **R1:** a2=v2 AND a3=v2 AND a6=v1 AND a1=v1.  This fails because a2=v3 and a3=v1.
*   **R2:** a5=v3 AND a3=v3 AND a6=v1 AND a2=v3. This fails because a5=v2 and a2=v3.
*   **R3:** a3=v2 AND a2=v2 AND a4=v3 AND a6=v1. This fails because a3=v1 and a2=v3.
*   **R4:** a6=v3 AND a1=v2 AND a5=v2. This fails because a6=v1 and a1=v1.
*   **R5:** a3=v2 AND a5=v1 AND a4=v3 AND a2=v3. This fails because a3=v1 and a2=v3.
*   **R6:** a5=v1 AND a1=v2 AND a2=v3. This fails because a5=v2 and a1=v1.
*   **R7:** a6=v1 AND a5=v2 AND a2=v3 AND a4=v3. This fails because a6=v1, a5=v2, a2=v3 and a4=v3.
*   **R8:** a1=v3 AND a4=v2 AND a3=v1 AND a6=v1. This fails because a1=v1 and a4=v3.
*   **R9:** a6=v2 AND a5=v2 AND a2=v3 AND a4=v3. This fails because a6=v1 and a2=v3.
*   **R10:** a4=v1 AND a1=v2 AND a2=v3 AND a3=v1. This fails because a4=v3 and a1=v1.

None of the rules apply.

ANSWER: None"
exp2_f032_N2,2,N2,R7,a6=v1 AND a5=v2 AND a2=v3 AND a4=v3,True,,,"Let's analyze the rules against the query:

*   **R1:** a2=v2 AND a3=v2 AND a6=v1 AND a1=v1.  This fails because a2=v3 and a3=v1.
*   **R2:** a5=v3 AND a3=v3 AND a6=v1 AND a2=v3. This fails because a5=v2 and a2=v3.
*   **R3:** a3=v2 AND a2=v2 AND a4=v3 AND a6=v1. This fails because a2=v3 and a3=v1.
*   **R4:** a6=v3 AND a1=v2 AND a5=v2. This fails because a6=v1.
*   **R5:** a3=v2 AND a5=v1 AND a4=v3 AND a2=v3. This fails because a3=v1 and a2=v3.
*   **R6:** a5=v1 AND a1=v2 AND a2=v3. This fails because a5=v2 and a2=v3.
*   **R7:** a6=v1 AND a5=v2 AND a2=v3 AND a4=v3. This fails because a5=v2 and a2=v3.
*   **R8:** a6=v1 AND a5=v3 AND a2=v3 AND a4=v3. This fails because a5=v2.
*   **R9:** a6=v2 AND a5=v2 AND a2=v3 AND a4=v3. This fails because a6=v1.
*   **R10:** a4=v1 AND a1=v2 AND a2=v3 AND a3=v1. This fails because a4=v3 and a3=v1.

None of the rules apply.

ANSWER: None"
exp2_f032_N4,2,N4,R7,a6=v1 AND a5=v2 AND a2=v3 AND a4=v3,True,,,"Let's analyze the rules against the query:

*   **R1:** a2=v2 AND a3=v2 AND a6=v1 AND a1=v1.  This fails because a2=v3 and a3=v1, and a1=v1.
*   **R2:** a5=v3 AND a3=v3 AND a6=v1 AND a2=v3. This fails because a5=v2 and a2=v3, and a3=v1.
*   **R3:** a3=v2 AND a2=v2 AND a4=v3 AND a6=v1. This fails because a3=v1 and a2=v3.
*   **R4:** a6=v3 AND a1=v2 AND a5=v2. This fails because a6=v1 and a1=v1.
*   **R5:** a6=v1 AND a5=v2 AND a2=v3 AND a4=v2. This fails because a2=v3 and a4=v3.
*   **R6:** a5=v1 AND a1=v2. This fails because a5=v2 and a1=v1.
*   **R7:** a6=v1 AND a5=v2 AND a2=v3 AND a4=v3. This fails because a4=v3.
*   **R8:** a6=v1 AND a5=v3 AND a2=v3 AND a4=v3. This fails because a5=v2.
*   **R9:** a6=v2 AND a5=v2 AND a2=v3 AND a4=v3. This fails because a6=v1.
*   **R10:** a6=v1 AND a5=v2 AND a2=v2 AND a4=v3. This fails because a2=v3 and a4=v3.

None of the rules apply.

ANSWER: None"
exp2_f033_N4,2,N4,R1,a4=v3 AND a1=v3 AND a5=v2 AND a3=v3,True,,,"Let's analyze the rules against the query:

*   **R1:** a4=v3 AND a1=v3 AND a5=v2 AND a3=v3 - Does not match (a2=v3, a6=v3)
*   **R2:** a4=v1 AND a5=v1 AND a6=v3 AND a1=v3 - Does not match (a2=v3, a3=v3, a4=v3, a5=v2, a6=v3)
*   **R3:** a4=v3 AND a1=v1 AND a5=v2 AND a3=v3 - Does not match (a2=v3, a4=v3, a5=v2, a6=v3)
*   **R4:** a4=v2 AND a1=v3 AND a5=v2 AND a3=v3 - Does not match (a2=v3, a4=v3, a5=v2, a6=v3)
*   **R5:** a2=v1 AND a3=v1 AND a1=v3 - Does not match (a2=v3, a4=v3, a5=v2, a6=v3)
*   **R6:** a5=v3 AND a1=v2 AND a2=v3 AND a6=v3 - Does not match (a2=v3, a4=v3, a5=v2, a6=v3)
*   **R7:** a1=v2 AND a6=v1 - Does not match (a2=v3, a4=v3, a5=v2, a6=v3)
*   **R8:** a4=v3 AND a1=v3 AND a5=v1 AND a3=v3 - Does not match (a2=v3, a4=v3, a5=v2, a6=v3)
*   **R9:** a4=v3 AND a1=v3 AND a5=v2 AND a3=v2 - Does not match (a2=v3, a4=v3, a5=v2, a6=v3)
*   **R10:** a1=v2 AND a4=v1 AND a5=v2 AND a3=v3 - Does not match (a2=v3, a4=v3, a5=v2, a6=v3)

None of the rules match the query.

ANSWER: None"
exp2_f034_N1,2,N1,R6,a5=v3 AND a3=v1 AND a1=v2 AND a4=v3,True,,,"Let's analyze the rules against the query:

*   **R1:** a5=v1 AND a3=v2 AND a2=v3 AND a6=v1.  This fails because a5=v3, a3=v1, a2=v3, and a6=v1.
*   **R2:** a3=v2 AND a6=v3 AND a1=v2 AND a4=v3. This fails because a3=v1, a6=v1, a1=v2, and a4=v3.
*   **R3:** a5=v2 AND a4=v1 AND a6=v1 AND a1=v2. This fails because a5=v3, a4=v3, a6=v1, and a1=v2.
*   **R4:** a5=v3 AND a3=v1 AND a1=v1 AND a4=v3. This fails because a5=v3, a3=v1, a1=v2, and a4=v3.
*   **R5:** a5=v2 AND a6=v2 AND a3=v1. This fails because a5=v3, a6=v1, and a3=v1.
*   **R6:** a5=v3 AND a3=v1 AND a1=v2 AND a4=v3. This fails because a5=v3, a3=v1, a1=v2, and a4=v3.
*   **R7:** a2=v2 AND a4=v1 AND a5=v3 AND a3=v1. This fails because a2=v3, a4=v3, a5=v3, and a3=v1.
*   **R8:** a1=v3 AND a6=v2. This fails because a1=v2 and a6=v1.
*   **R9:** a4=v1 AND a3=v2 AND a5=v3 AND a1=v2. This fails because a4=v3, a3=v1, a5=v3, and a1=v2.
*   **R10:** a3=v2 AND a2=v2 AND a4=v3 AND a6=v1. This fails because a3=v1, a2=v3, a4=v3, and a6=v1.

None of the rules apply.

ANSWER: None"
exp2_f034_N2,2,N2,R6,a5=v3 AND a3=v1 AND a1=v2 AND a4=v3,True,,,"Let's analyze the rules against the query:

*   **R1:** a5=v1 AND a3=v2 AND a2=v3 AND a6=v1.  This fails because a5=v3, a3=v1, a2=v3, and a6=v1.
*   **R2:** a3=v2 AND a6=v3 AND a1=v2 AND a4=v3. This fails because a3=v1, a6=v1, a1=v2, and a4=v3.
*   **R3:** a5=v2 AND a3=v1 AND a1=v2 AND a4=v3. This fails because a5=v3, a3=v1, a1=v2, and a4=v3.
*   **R4:** a5=v3 AND a3=v1 AND a1=v1 AND a4=v3. This fails because a5=v3, a3=v1, a1=v2, and a4=v3.
*   **R5:** a5=v2 AND a6=v2 AND a3=v1. This fails because a5=v3, a6=v1, a3=v1.
*   **R6:** a5=v3 AND a3=v1 AND a1=v2 AND a4=v3. This fails because a5=v3, a3=v1, a1=v2, and a4=v3.
*   **R7:** a2=v2 AND a4=v1 AND a5=v3 AND a3=v1. This fails because a2=v3, a4=v3, a5=v3, and a3=v1.
*   **R8:** a1=v3 AND a6=v2. This fails because a1=v2, a6=v1.
*   **R9:** a4=v1 AND a3=v2 AND a5=v3 AND a1=v2. This fails because a4=v3, a3=v1, a5=v3, and a1=v2.
*   **R10:** a3=v2 AND a2=v2 AND a4=v3 AND a6=v1. This fails because a3=v1, a2=v3, a4=v3, and a6=v1.

None of the rules apply.

ANSWER: None"
exp2_f034_N4,2,N4,R6,a5=v3 AND a3=v1 AND a1=v2 AND a4=v3,True,,,"Let's analyze the rules against the query:

*   **R1:** a5=v3 AND a3=v2 AND a1=v2 AND a4=v3 - Does not match (a3=v1, a5=v3, a1=v2, a4=v3)
*   **R2:** a3=v2 AND a6=v3 AND a1=v2 AND a4=v3 - Does not match (a3=v1, a6=v1, a1=v2, a4=v3)
*   **R3:** a5=v2 AND a3=v1 AND a1=v2 AND a4=v3 - Does not match (a5=v3, a3=v1, a1=v2, a4=v3)
*   **R4:** a5=v3 AND a3=v1 AND a1=v1 AND a4=v3 - Does not match (a5=v3, a3=v1, a1=v2, a4=v3)
*   **R5:** a5=v2 AND a6=v2 AND a3=v1 - Does not match (a5=v3, a6=v1, a3=v1)
*   **R6:** a5=v3 AND a3=v1 AND a1=v2 AND a4=v3 - Does not match (a5=v3, a3=v1, a1=v2, a4=v3)
*   **R7:** a2=v2 AND a4=v1 AND a5=v3 AND a3=v1 - Does not match (a2=v3, a4=v3, a5=v3, a3=v1)
*   **R8:** a1=v3 AND a6=v2 - Does not match (a1=v2, a6=v1)
*   **R9:** a4=v1 AND a3=v2 AND a5=v3 AND a1=v2 - Does not match (a4=v3, a3=v1, a5=v3, a1=v2)
*   **R10:** a5=v3 AND a3=v1 AND a1=v2 AND a4=v2 - Does not match (a5=v3, a3=v1, a1=v2, a4=v3)

None of the rules match the query.

ANSWER: None"
exp2_f035_N4,2,N4,R2,a3=v1 AND a4=v1 AND a2=v2 AND a1=v3,True,,,"Let's analyze the rules against the query:

*   **R1:** a3=v1 AND a4=v1 AND a2=v3 AND a1=v3.  This does NOT match because a2=v2, not v3.
*   **R2:** a3=v1 AND a4=v1 AND a2=v2 AND a1=v3. This does NOT match because a2=v2, not v3.
*   **R3:** a3=v1 AND a4=v3 AND a2=v2 AND a1=v3. This does NOT match because a4=v1, not v3.
*   **R4:** a6=v3 AND a2=v1 AND a4=v1. This does NOT match because a6=v2, not v3 and a4=v1, not v3.
*   **R5:** a3=v1 AND a4=v1 AND a2=v2 AND a1=v2. This does NOT match because a1=v3, not v2.
*   **R6:** a6=v1 AND a5=v3. This does NOT match because a6=v2, not v1 and a5=v2, not v3.
*   **R7:** a4=v3 AND a3=v3 AND a2=v2 AND a6=v2. This does NOT match because a4=v1, not v3 and a3=v1, not v3.
*   **R8:** a3=v2 AND a4=v1 AND a2=v2 AND a1=v3. This does NOT match because a3=v1, not v2.
*   **R9:** a4=v2 AND a3=v2 AND a1=v3 AND a5=v2. This does NOT match because a4=v1, not v2 and a3=v1, not v2.
*   **R10:** a6=v3 AND a4=v3 AND a2=v2 AND a5=v2. This does NOT match because a6=v2, not v3 and a4=v1, not v3.

None of the rules match the query.

ANSWER: None"
exp2_f037_N0,2,N0,R9,a4=v3 AND a1=v3 AND a2=v1 AND a6=v2,True,,,"Let's evaluate each rule against the query:

*   **R1:** a1=v1 AND a2=v3 AND a3=v1 AND a4=v3.  This fails because a1=v3, a2=v1, a3=v1, a4=v3.
*   **R2:** a4=v2 AND a1=v2 AND a3=v1 AND a6=v2. This fails because a4=v3, a1=v3, a3=v1, a6=v2.
*   **R3:** a4=v1 AND a3=v3 AND a2=v1. This fails because a4=v3, a3=v1, a2=v1.
*   **R4:** a3=v3 AND a4=v1 AND a2=v1 AND a6=v2. This fails because a3=v1, a4=v3, a2=v1, a6=v2.
*   **R5:** a5=v2 AND a1=v1 AND a2=v1 AND a4=v3. This fails because a5=v3, a1=v3, a2=v1, a4=v3.
*   **R6:** a5=v1 AND a4=v2 AND a6=v2 AND a3=v1. This fails because a5=v3, a4=v3, a6=v2, a3=v1.
*   **R7:** a2=v2 AND a4=v1. This fails because a2=v1, a4=v3.
*   **R8:** a6=v1 AND a2=v3 AND a3=v1 AND a1=v3. This fails because a6=v2, a2=v1, a3=v1, a1=v3.
*   **R9:** a4=v3 AND a1=v3 AND a2=v1 AND a6=v2. This fails because a4=v3, a1=v3, a2=v1, a6=v2.
*   **R10:** a4=v2 AND a5=v2 AND a2=v1 AND a3=v1. This fails because a4=v3, a5=v3, a2=v1, a3=v1.

No rules apply.

ANSWER: None"
exp2_f037_N1,2,N1,R9,a4=v3 AND a1=v3 AND a2=v1 AND a6=v2,True,,,"Let's evaluate each rule against the query:

*   **R1:** a1=v1 AND a2=v3 AND a3=v1 AND a4=v3.  This fails because a1=v3, a2=v1, and a3=v1.
*   **R2:** a4=v2 AND a1=v2 AND a3=v1 AND a6=v2. This fails because a4=v3, a1=v3, and a6=v2.
*   **R3:** a4=v1 AND a3=v3 AND a2=v1. This fails because a4=v3, a3=v1, and a2=v1.
*   **R4:** a3=v3 AND a4=v1 AND a2=v1 AND a6=v2. This fails because a3=v1, a4=v3, a2=v1, and a6=v2.
*   **R5:** a4=v3 AND a1=v3 AND a2=v2 AND a6=v2. This fails because a4=v3, a1=v3, a2=v1, and a6=v2.
*   **R6:** a5=v1 AND a4=v2 AND a6=v2 AND a3=v1. This fails because a5=v3, a4=v3, a6=v2, and a3=v1.
*   **R7:** a2=v2 AND a4=v1. This fails because a2=v1, a4=v3.
*   **R8:** a6=v1 AND a2=v3 AND a3=v1 AND a1=v3. This fails because a6=v2, a2=v1, a3=v1, and a1=v3.
*   **R9:** a4=v3 AND a1=v3 AND a2=v1 AND a6=v2. This fails because a4=v3, a1=v3, a2=v1, and a6=v2.
*   **R10:** a4=v2 AND a5=v2 AND a2=v1 AND a3=v1. This fails because a4=v3, a5=v3, a2=v1, and a3=v1.

None of the rules apply.

ANSWER: None"
exp2_f037_N2,2,N2,R9,a4=v3 AND a1=v3 AND a2=v1 AND a6=v2,True,,,"Let's analyze the rules against the query:

*   **R1:** a1=v1 AND a2=v3 AND a3=v1 AND a4=v3.  This fails because a1=v3, a2=v1, a3=v1, a4=v3.
*   **R2:** a4=v2 AND a1=v3 AND a2=v1 AND a6=v2. This fails because a4=v3, a1=v3, a2=v1, a6=v2.
*   **R3:** a4=v1 AND a3=v3 AND a2=v1. This fails because a4=v3, a3=v1, a2=v1.
*   **R4:** a3=v3 AND a4=v1 AND a2=v1 AND a6=v2. This fails because a3=v1, a4=v3, a2=v1, a6=v2.
*   **R5:** a4=v3 AND a1=v3 AND a2=v2 AND a6=v2. This fails because a4=v3, a1=v3, a2=v1, a6=v2.
*   **R6:** a5=v1 AND a4=v2 AND a6=v2 AND a3=v1. This fails because a5=v3, a4=v3, a6=v2, a3=v1.
*   **R7:** a2=v2 AND a4=v1. This fails because a2=v1, a4=v3.
*   **R8:** a6=v1 AND a2=v3 AND a3=v1 AND a1=v3. This fails because a6=v2, a2=v1, a3=v1, a1=v3.
*   **R9:** a4=v3 AND a1=v3 AND a2=v1 AND a6=v2. This fails because a4=v3, a1=v3, a2=v1, a6=v2.
*   **R10:** a4=v2 AND a5=v2 AND a2=v1 AND a3=v1. This fails because a4=v3, a5=v3, a2=v1, a3=v1.

None of the rules apply.

ANSWER: None"
exp2_f038_N0,2,N0,R1,a4=v2 AND a2=v3 AND a1=v2 AND a3=v2,True,,,"Let's analyze the rules against the query:

*   **R1:** a4=v2 AND a2=v3 AND a1=v2 AND a3=v2.  This fails because a1=v2 is true, a2=v3 is true, a3=v2 is true, and a4=v2 is true, but the conditions are not all met.
*   **R2:** a5=v1 AND a2=v2 AND a4=v2 AND a1=v2. This fails because a5=v1 is false.
*   **R3:** a5=v2 AND a1=v1 AND a2=v3. This fails because a5=v2 is false and a1=v1 is false.
*   **R4:** a1=v3 AND a2=v2 AND a5=v3 AND a3=v2. This fails because a1=v3 is false.
*   **R5:** a5=v1 AND a3=v3 AND a6=v2 AND a4=v2. This fails because a5=v1 is false.
*   **R6:** a2=v1 AND a5=v1 AND a6=v2 AND a1=v2. This fails because a2=v1 is false and a5=v1 is false.
*   **R7:** a2=v1 AND a4=v1 AND a5=v3 AND a3=v2. This fails because a2=v1 is false and a4=v1 is false.
*   **R8:** a6=v3 AND a3=v3. This fails because a6=v3 is false.
*   **R9:** a3=v1 AND a5=v2 AND a6=v2 AND a4=v2. This fails because a3=v1 is false.
*   **R10:** a1=v1 AND a4=v3 AND a3=v2 AND a2=v3. This fails because a1=v1 is false and a4=v3 is false.

None of the rules apply.

ANSWER: None"
exp2_f038_N1,2,N1,R1,a4=v2 AND a2=v3 AND a1=v2 AND a3=v2,True,,,"Let's analyze the rules against the query:

*   **R1:** a4=v2 AND a2=v3 AND a1=v2 AND a3=v2.  This fails because a5 is not v2.
*   **R2:** a5=v1 AND a2=v2 AND a4=v2 AND a1=v2. This fails because a5 is not v1 and a2 is not v3.
*   **R3:** a5=v2 AND a1=v1 AND a2=v3. This fails because a5 is not v2 and a1 is not v1.
*   **R4:** a1=v3 AND a2=v2 AND a5=v3 AND a3=v2. This fails because a1 is not v3.
*   **R5:** a5=v1 AND a3=v3 AND a6=v2 AND a4=v2. This fails because a5 is not v1.
*   **R6:** a2=v1 AND a5=v1 AND a6=v2 AND a1=v2. This fails because a2 is not v1 and a5 is not v1.
*   **R7:** a4=v2 AND a2=v3 AND a1=v2 AND a3=v1. This fails because a3 is not v1.
*   **R8:** a6=v3 AND a3=v3. This fails because a6 is not v3.
*   **R9:** a3=v1 AND a5=v2 AND a6=v2 AND a4=v2. This fails because a3 is not v1.
*   **R10:** a1=v1 AND a4=v3 AND a3=v2 AND a2=v3. This fails because a1 is not v1 and a4 is not v3.

None of the rules apply.

ANSWER: None"
exp2_f038_N2,2,N2,R1,a4=v2 AND a2=v3 AND a1=v2 AND a3=v2,True,,,"Let's analyze the rules against the query:

*   **R1:** a4=v2 AND a2=v3 AND a1=v2 AND a3=v2.  This fails because a5 is not v2.
*   **R2:** a5=v1 AND a2=v2 AND a4=v2 AND a1=v2. This fails because a5 is not v1 and a2 is not v3.
*   **R3:** a5=v2 AND a1=v1 AND a2=v3. This fails because a5 is not v2 and a1 is not v1.
*   **R4:** a1=v3 AND a2=v2 AND a5=v3 AND a3=v2. This fails because a1 is not v3.
*   **R5:** a5=v1 AND a3=v3 AND a6=v2 AND a4=v2. This fails because a5 is not v1.
*   **R6:** a2=v1 AND a5=v1 AND a6=v2 AND a1=v2. This fails because a2 is not v1 and a5 is not v1.
*   **R7:** a4=v2 AND a2=v3 AND a1=v2 AND a3=v1. This fails because a3 is not v2.
*   **R8:** a6=v3 AND a3=v3. This fails because a6 is not v3.
*   **R9:** a4=v2 AND a2=v1 AND a1=v2 AND a3=v2. This fails because a2 is not v1.
*   **R10:** a1=v1 AND a4=v3 AND a3=v2 AND a2=v3. This fails because a4 is not v3.

None of the rules apply.

ANSWER: None"
exp2_f039_N0,2,N0,R9,a4=v3 AND a6=v3 AND a5=v2 AND a1=v2,True,,,"Let's analyze the rules against the query:

*   **R1:** a1=v1 AND a4=v2 AND a6=v3 AND a5=v2.  This fails because a1=v2, a4=v3, a6=v3, and a5=v2.
*   **R2:** a4=v1 AND a1=v3 AND a6=v3 AND a5=v2. This fails because a4=v3, a1=v2, a6=v3, and a5=v2.
*   **R3:** a1=v3 AND a5=v1 AND a4=v3 AND a6=v3. This fails because a1=v2, a5=v2, a4=v3, and a6=v3.
*   **R4:** a5=v1 AND a4=v1 AND a3=v3 AND a6=v3. This fails because a5=v2, a4=v3, a3=v3, and a6=v3.
*   **R5:** a4=v2 AND a3=v1 AND a2=v1. This fails because a4=v3, a3=v3, and a2=v1.
*   **R6:** a1=v1 AND a3=v1. This fails because a1=v2 and a3=v3.
*   **R7:** a2=v3 AND a3=v2 AND a1=v2 AND a5=v2. This fails because a2=v1, a3=v3, a1=v2, and a5=v2.
*   **R8:** a4=v2 AND a3=v1 AND a5=v2 AND a2=v1. This fails because a4=v3, a3=v3, a5=v2, and a2=v1.
*   **R9:** a4=v3 AND a6=v3 AND a5=v2 AND a1=v2. This fails because a4=v3, a6=v3, a5=v2, and a1=v2.
*   **R10:** a5=v3 AND a1=v3 AND a6=v3 AND a3=v3. This fails because a5=v2, a1=v2, a6=v3, and a3=v3.

None of the rules apply.

ANSWER: None"
exp2_f039_N1,2,N1,R9,a4=v3 AND a6=v3 AND a5=v2 AND a1=v2,True,,,"Let's analyze the rules against the query:

*   **R1:** a1=v1 AND a4=v2 AND a6=v3 AND a5=v2.  This fails because a1=v2, a4=v3, a6=v3, and a5=v2.
*   **R2:** a4=v1 AND a1=v3 AND a6=v3 AND a5=v2. This fails because a4=v3, a1=v2, a6=v3, and a5=v2.
*   **R3:** a1=v3 AND a5=v1 AND a4=v3 AND a6=v3. This fails because a1=v2, a5=v2, a4=v3, and a6=v3.
*   **R4:** a5=v1 AND a4=v1 AND a3=v3 AND a6=v3. This fails because a5=v2, a4=v3, a3=v3, and a6=v3.
*   **R5:** a4=v2 AND a3=v1 AND a2=v1. This fails because a4=v3, a3=v3, and a2=v1.
*   **R6:** a1=v1 AND a3=v1. This fails because a1=v2 and a3=v3.
*   **R7:** a2=v3 AND a3=v2 AND a1=v2 AND a5=v2. This fails because a2=v1, a3=v3, a1=v2, and a5=v2.
*   **R8:** a4=v2 AND a3=v1 AND a5=v2 AND a2=v1. This fails because a4=v3, a3=v3, a5=v2, and a2=v1.
*   **R9:** a4=v3 AND a6=v3 AND a5=v2 AND a1=v2. This fails because a4=v3, a6=v3, a5=v2, and a1=v2.
*   **R10:** a4=v1 AND a6=v3 AND a5=v2 AND a1=v2. This fails because a4=v3, a6=v3, a5=v2, and a1=v2.

None of the rules apply.

ANSWER: None"
exp2_f039_N2,2,N2,R9,a4=v3 AND a6=v3 AND a5=v2 AND a1=v2,True,,,"Let's analyze the rules against the query:

*   **R1:** a1=v1 AND a4=v2 AND a6=v3 AND a5=v2.  This fails because a1=v2, a4=v3, a6=v3, and a5=v2.
*   **R2:** a4=v1 AND a1=v3 AND a6=v3 AND a5=v2. This fails because a1=v2, a4=v3, a6=v3, and a5=v2.
*   **R3:** a4=v3 AND a6=v3 AND a5=v3 AND a1=v2. This fails because a1=v2, a4=v3, a6=v3, and a5=v2.
*   **R4:** a5=v1 AND a4=v1 AND a3=v3 AND a6=v3. This fails because a5=v2, a4=v3, a3=v3, and a6=v3.
*   **R5:** a4=v2 AND a3=v1 AND a2=v1. This fails because a4=v3, a3=v3, and a2=v1.
*   **R6:** a1=v1 AND a3=v1. This fails because a1=v2 and a3=v3.
*   **R7:** a2=v3 AND a3=v2 AND a1=v2 AND a5=v2. This fails because a2=v1, a3=v3, a1=v2, and a5=v2.
*   **R8:** a4=v2 AND a3=v1 AND a5=v2 AND a2=v1. This fails because a4=v3, a3=v3, a5=v2, and a2=v1.
*   **R9:** a4=v3 AND a6=v3 AND a5=v2 AND a1=v2. This fails because a4=v3, a6=v3, a5=v2, and a1=v2.
*   **R10:** a4=v1 AND a6=v3 AND a5=v2 AND a1=v2. This fails because a4=v3, a6=v3, a5=v2, and a1=v2.

None of the rules apply.

ANSWER: None"
exp2_f039_N4,2,N4,R9,a4=v3 AND a6=v3 AND a5=v2 AND a1=v2,True,,,"Let's analyze the rules against the query:

*   **R1:** a1=v1 AND a4=v2 AND a6=v3 AND a5=v2.  This fails because a1=v2, a4=v3, a6=v3, and a5=v2.
*   **R2:** a4=v1 AND a1=v3 AND a6=v3 AND a5=v2. This fails because a1=v2, a4=v3, a6=v3, and a5=v2.
*   **R3:** a4=v3 AND a6=v3 AND a5=v3 AND a1=v2. This fails because a1=v2, a4=v3, a6=v3, and a5=v2.
*   **R4:** a4=v3 AND a6=v3 AND a5=v2 AND a1=v3. This fails because a1=v2, a4=v3, a6=v3, and a5=v2.
*   **R5:** a4=v2 AND a3=v1 AND a2=v1. This fails because a4=v3, a3=v3, a2=v1.
*   **R6:** a1=v1 AND a3=v1. This fails because a1=v2, a3=v3.
*   **R7:** a2=v3 AND a3=v2 AND a1=v2 AND a5=v2. This fails because a2=v1, a3=v3, a1=v2, and a5=v2.
*   **R8:** a4=v3 AND a6=v2 AND a5=v2 AND a1=v2. This fails because a4=v3, a6=v3, a5=v2, and a1=v2.
*   **R9:** a4=v3 AND a6=v3 AND a5=v2 AND a1=v2. This fails because a4=v3, a6=v3, a5=v2, and a1=v2.
*   **R10:** a4=v1 AND a6=v3 AND a5=v2 AND a1=v2. This fails because a4=v3, a6=v3, a5=v2, and a1=v2.

None of the rules apply.

ANSWER: None"
exp2_f040_N0,2,N0,R9,a6=v2 AND a2=v1 AND a4=v2 AND a1=v1,True,,,"Let's analyze the rules against the query:

*   **R1:** a2=v2 AND a5=v3 AND a3=v3 AND a4=v2.  This fails because a5=v3 and a2=v2, but a5=v1 and a2=v1 in the query.
*   **R2:** a4=v3 AND a1=v2 AND a2=v1. This fails because a4=v2 and a1=v1.
*   **R3:** a2=v3 AND a5=v3 AND a6=v2 AND a3=v3. This fails because a2=v1, a5=v1, a6=v2, and a3=v3.
*   **R4:** a1=v3 AND a6=v3 AND a2=v1 AND a5=v1. This fails because a1=v1, a6=v2, a2=v1, and a5=v1.
*   **R5:** a3=v2 AND a2=v2 AND a5=v1 AND a4=v2. This fails because a3=v3, a2=v1, a5=v1, and a4=v2.
*   **R6:** a3=v1 AND a2=v2 AND a4=v2 AND a1=v1. This fails because a3=v3, a2=v1, a4=v2, and a1=v1.
*   **R7:** a5=v2 AND a6=v3 AND a1=v1 AND a3=v3. This fails because a5=v1, a6=v2, a1=v1, and a3=v3.
*   **R8:** a4=v3 AND a3=v1 AND a2=v1 AND a1=v1. This fails because a4=v2, a3=v3, a2=v1, and a1=v1.
*   **R9:** a6=v2 AND a2=v1 AND a4=v2 AND a1=v1. This fails because a6=v2, a2=v1, a4=v2, and a1=v1.
*   **R10:** a6=v1 AND a1=v3. This fails because a6=v2 and a1=v1.

None of the rules apply.

ANSWER: None"
exp2_f040_N1,2,N1,R9,a6=v2 AND a2=v1 AND a4=v2 AND a1=v1,True,,,"Let's analyze the rules against the query:

*   **R1:** a2=v2 AND a5=v3 AND a3=v3 AND a4=v2.  This fails because a5=v3 and a3=v3 are not true.
*   **R2:** a4=v3 AND a1=v2 AND a2=v1. This fails because a4=v2 and a1=v1 are not true.
*   **R3:** a2=v3 AND a5=v3 AND a6=v2 AND a3=v3. This fails because a2=v3, a5=v3, and a3=v3 are not true.
*   **R4:** a1=v3 AND a6=v3 AND a2=v1 AND a5=v1. This fails because a1=v3, a6=v3, and a2=v1 are not true.
*   **R5:** a3=v2 AND a2=v2 AND a5=v1 AND a4=v2. This fails because a3=v2, a2=v2, and a5=v1 are not true.
*   **R6:** a6=v2 AND a2=v1 AND a4=v2 AND a1=v2. This fails because a6=v2, a2=v1, and a1=v2 are not true.
*   **R7:** a5=v2 AND a6=v3 AND a1=v1 AND a3=v3. This fails because a5=v2, a6=v3, and a3=v3 are not true.
*   **R8:** a4=v3 AND a3=v1 AND a2=v1 AND a1=v1. This fails because a4=v3, a3=v1, and a2=v1 are not true.
*   **R9:** a6=v2 AND a2=v1 AND a4=v2 AND a1=v1. This fails because a6=v2, a2=v1, and a1=v1 are true, but a4=v2 is not true.
*   **R10:** a6=v1 AND a1=v3. This fails because a6=v2 and a1=v1 are not true.

None of the rules apply.

ANSWER: None"
exp2_f040_N2,2,N2,R9,a6=v2 AND a2=v1 AND a4=v2 AND a1=v1,True,,,"Let's analyze the rules against the query:

*   **R1:** a2=v2 AND a5=v3 AND a3=v3 AND a4=v2.  This fails because a5=v3 and a3=v3 are not true.
*   **R2:** a4=v3 AND a1=v2 AND a2=v1. This fails because a4=v2 and a1=v1 are not true.
*   **R3:** a2=v3 AND a5=v3 AND a6=v2 AND a3=v3. This fails because a2=v1, a5=v1, and a3=v1 are not true.
*   **R4:** a1=v3 AND a6=v3 AND a2=v1 AND a5=v1. This fails because a1=v1, a6=v2, a2=v1, and a5=v1 are not true.
*   **R5:** a3=v2 AND a2=v2 AND a5=v1 AND a4=v2. This fails because a3=v3, a2=v1, and a5=v1 are not true.
*   **R6:** a6=v2 AND a2=v1 AND a4=v2 AND a1=v2. This fails because a6=v2, a2=v1, a4=v2, and a1=v1 are not true.
*   **R7:** a6=v2 AND a2=v1 AND a4=v1 AND a1=v1. This fails because a6=v2, a2=v1, a4=v2, and a1=v1 are not true.
*   **R8:** a4=v3 AND a3=v1 AND a2=v1 AND a1=v1. This fails because a4=v2, a3=v3, a2=v1, and a1=v1 are not true.
*   **R9:** a6=v2 AND a2=v1 AND a4=v2 AND a1=v1. This fails because a6=v2, a2=v1, a4=v2, and a1=v1 are not true.
*   **R10:** a6=v1 AND a1=v3. This fails because a6=v2 and a1=v1 are not true.

None of the rules apply.

ANSWER: None"
exp2_f041_N0,2,N0,R8,a3=v1 AND a2=v1 AND a1=v2 AND a4=v3,True,,,"Let's evaluate each rule against the query:

*   **R1:** a2=v3 AND a4=v1 AND a3=v1 AND a5=v1.  This fails because a2=v1, not v3.
*   **R2:** a3=v3 AND a5=v3 AND a1=v2. This fails because a3=v1, not v3, and a5=v1, not v3.
*   **R3:** a3=v2 AND a2=v2 AND a6=v1 AND a4=v3. This fails because a3=v1, not v2, and a2=v1, not v2.
*   **R4:** a5=v2 AND a3=v3 AND a4=v3 AND a6=v1. This fails because a5=v1, not v2, and a3=v1, not v3.
*   **R5:** a3=v2 AND a1=v1 AND a6=v1 AND a5=v1. This fails because a3=v1, not v2, and a1=v1, not v2.
*   **R6:** a4=v1 AND a1=v3 AND a6=v1 AND a3=v1. This fails because a1=v2, not v3, and a3=v1, not v1.
*   **R7:** a6=v2 AND a4=v1 AND a2=v1 AND a1=v2. This fails because a6=v1, not v2, and a1=v2, not v2.
*   **R8:** a3=v1 AND a2=v1 AND a1=v2 AND a4=v3. This fails because a3=v1, not v1, and a1=v2, not v2.
*   **R9:** a3=v3 AND a4=v1. This fails because a3=v1, not v3.
*   **R10:** a3=v3 AND a4=v1. This fails because a3=v1, not v3.

Since none of the rules apply, we return an empty string.

ANSWER: 

"
exp2_f041_N2,2,N2,R8,a3=v1 AND a2=v1 AND a1=v2 AND a4=v3,True,,,"Let's analyze the rules against the query:

*   **R1:** a2=v3 AND a4=v1 AND a3=v1 AND a5=v1.  This fails because a2=v1, not v3.
*   **R2:** a3=v3 AND a5=v3 AND a1=v2. This fails because a3=v1, not v3, and a5=v1, not v3.
*   **R3:** a3=v2 AND a2=v2 AND a6=v1 AND a4=v3. This fails because a3=v1, not v2, and a2=v1, not v2.
*   **R4:** a3=v1 AND a2=v1 AND a1=v3 AND a4=v3. This fails because a1=v2, not v3, and a3=v1, not v1.
*   **R5:** a3=v1 AND a2=v3 AND a1=v2 AND a4=v3. This fails because a2=v1, not v3.
*   **R6:** a4=v1 AND a1=v3 AND a6=v1 AND a3=v1. This fails because a1=v2, not v3.
*   **R7:** a6=v2 AND a4=v1 AND a2=v1 AND a1=v2. This fails because a6=v1, not v2.
*   **R8:** a3=v1 AND a2=v1 AND a1=v2 AND a4=v3. This fails because a1=v2, not v2.
*   **R9:** a6=v2 AND a2=v2 AND a1=v2 AND a4=v3. This fails because a6=v1, not v2.
*   **R10:** a3=v3 AND a4=v1. This fails because a3=v1, not v3.

None of the rules apply.

ANSWER: None
"
exp2_f041_N4,2,N4,R8,a3=v1 AND a2=v1 AND a1=v2 AND a4=v3,True,,,"Let's evaluate each rule against the query:

*   **R1:** a2=v3 AND a4=v1 AND a3=v1 AND a5=v1.  This fails because a2=v1, not v3.
*   **R2:** a3=v3 AND a5=v3 AND a1=v2. This fails because a3=v1, not v3, and a5=v1, not v3.
*   **R3:** a3=v2 AND a2=v2 AND a6=v1 AND a4=v3. This fails because a3=v1, not v2, and a2=v1, not v2.
*   **R4:** a3=v1 AND a2=v1 AND a1=v3 AND a4=v3. This fails because a1=v2, not v3.
*   **R5:** a3=v1 AND a2=v3 AND a1=v2 AND a4=v3. This fails because a2=v1, not v3.
*   **R6:** a3=v1 AND a2=v1 AND a1=v2 AND a4=v2. This fails because a4=v3, not v2.
*   **R7:** a3=v3 AND a2=v1 AND a1=v2 AND a4=v3. This fails because a3=v1, not v3.
*   **R8:** a3=v1 AND a2=v1 AND a1=v2 AND a4=v3. This fails because a3=v1, but a1=v2.
*   **R9:** a6=v2 AND a2=v2 AND a1=v2 AND a4=v3. This fails because a6=v1, not v2.
*   **R10:** a3=v3 AND a4=v1. This fails because a3=v1, not v3.

Since none of the rules apply, we return an empty string.

ANSWER: 
"
exp2_f042_N0,2,N0,R5,a6=v1 AND a5=v1 AND a1=v1 AND a4=v3,True,,,"Let's analyze the rules against the query:

*   **R1:** a1=v3 AND a4=v1 AND a3=v3 AND a2=v3 - Does not match (a1=v1, a4=v3, a3=v3, a2=v3)
*   **R2:** a5=v2 AND a4=v2 AND a1=v1 AND a2=v3 - Does not match (a5=v1, a4=v3, a1=v1, a2=v3)
*   **R3:** a4=v2 AND a3=v1 AND a5=v1 AND a1=v1 - Does not match (a4=v3, a3=v3, a5=v1, a1=v1)
*   **R4:** a2=v2 AND a1=v2 AND a4=v3 AND a5=v1 - Does not match (a2=v3, a1=v1, a4=v3, a5=v1)
*   **R5:** a6=v1 AND a5=v1 AND a1=v1 AND a4=v3 - Does not match (a6=v1, a5=v1, a1=v1, a4=v3)
*   **R6:** a5=v3 AND a3=v2 AND a2=v3 AND a4=v3 - Does not match (a5=v1, a3=v3, a2=v3, a4=v3)
*   **R7:** a2=v1 AND a5=v3 AND a6=v1 AND a1=v1 - Does not match (a2=v3, a5=v1, a6=v1, a1=v1)
*   **R8:** a3=v2 AND a1=v2 AND a4=v3 - Does not match (a3=v3, a1=v1, a4=v3)
*   **R9:** a1=v3 AND a2=v1 - Does not match (a1=v1, a2=v3)
*   **R10:** a5=v2 AND a1=v3 AND a2=v3 AND a6=v1 - Does not match (a5=v1, a1=v1, a2=v3, a6=v1)

None of the rules match the query.

ANSWER: None"
exp2_f042_N1,2,N1,R5,a6=v1 AND a5=v1 AND a1=v1 AND a4=v3,True,,,"Let's analyze the rules against the query:

*   **R1:** a1=v3 AND a4=v1 AND a3=v3 AND a2=v3 - Does not match (a1=v1, a4=v3, a3=v3, a2=v3)
*   **R2:** a5=v2 AND a4=v2 AND a1=v1 AND a2=v3 - Does not match (a5=v1, a4=v3, a1=v1, a2=v3)
*   **R3:** a4=v2 AND a3=v1 AND a5=v1 AND a1=v1 - Does not match (a4=v3, a3=v3, a5=v1, a1=v1)
*   **R4:** a6=v1 AND a5=v1 AND a1=v1 AND a4=v2 - Does not match (a6=v1, a5=v1, a1=v1, a4=v3)
*   **R5:** a6=v1 AND a5=v1 AND a1=v1 AND a4=v3 - Does not match (a6=v1, a5=v1, a1=v1, a4=v3)
*   **R6:** a5=v3 AND a3=v2 AND a2=v3 AND a4=v3 - Does not match (a5=v1, a3=v3, a2=v3, a4=v3)
*   **R7:** a2=v1 AND a5=v3 AND a6=v1 AND a1=v1 - Does not match (a2=v3, a5=v1, a6=v1, a1=v1)
*   **R8:** a3=v2 AND a1=v2 AND a4=v3 - Does not match (a3=v3, a1=v1, a4=v3)
*   **R9:** a1=v3 AND a2=v1 - Does not match (a1=v1, a2=v3)
*   **R10:** a5=v2 AND a1=v3 AND a2=v3 AND a6=v1 - Does not match (a5=v1, a1=v1, a2=v3, a6=v1)

None of the rules match the query.

ANSWER: None"
exp2_f042_N2,2,N2,R5,a6=v1 AND a5=v1 AND a1=v1 AND a4=v3,True,,,"Let's analyze the rules against the query:

*   **R1:** a1=v3 AND a4=v1 AND a3=v3 AND a2=v3 - Does not match (a1=v1, a4=v3, a3=v3, a2=v3)
*   **R2:** a5=v2 AND a4=v2 AND a1=v1 AND a2=v3 - Does not match (a5=v1, a4=v3, a1=v1, a2=v3)
*   **R3:** a6=v2 AND a5=v1 AND a1=v1 AND a4=v3 - Does not match (a6=v1, a5=v1, a1=v1, a4=v3)
*   **R4:** a6=v1 AND a5=v1 AND a1=v1 AND a4=v2 - Does not match (a6=v1, a5=v1, a1=v1, a4=v3)
*   **R5:** a6=v1 AND a5=v1 AND a1=v1 AND a4=v3 - Does not match (a6=v1, a5=v1, a1=v1, a4=v3)
*   **R6:** a5=v3 AND a3=v2 AND a2=v3 AND a4=v3 - Does not match (a5=v1, a3=v3, a2=v3, a4=v3)
*   **R7:** a2=v1 AND a5=v3 AND a6=v1 AND a1=v1 - Does not match (a2=v3, a5=v1, a6=v1, a1=v1)
*   **R8:** a3=v2 AND a1=v2 AND a4=v3 - Does not match (a3=v3, a1=v1, a4=v3)
*   **R9:** a1=v3 AND a2=v1 - Does not match (a1=v1, a2=v3)
*   **R10:** a5=v2 AND a1=v3 AND a2=v3 AND a6=v1 - Does not match (a5=v1, a1=v1, a2=v3, a6=v1)

None of the rules match the query.

ANSWER: None"
exp2_f043_N2,2,N2,R7,a3=v1 AND a4=v3 AND a1=v1 AND a6=v3,True,,,"Let's analyze the rules against the query:

*   **R1:** a2=v3 AND a4=v1 AND a3=v1 AND a6=v3.  This fails because a2=v1, a4=v3, and a3=v1.
*   **R2:** a3=v1 AND a4=v3 AND a1=v1 AND a6=v1. This fails because a2=v1, a5=v2, and a6=v3.
*   **R3:** a4=v1 AND a6=v2 AND a3=v1 AND a2=v1. This fails because a2=v1, a5=v2, and a6=v3.
*   **R4:** a3=v1 AND a4=v3 AND a1=v3 AND a6=v3. This fails because a1=v1, a2=v1, and a5=v2.
*   **R5:** a1=v2 AND a2=v2 AND a3=v1 AND a4=v3. This fails because a1=v1, a2=v1, and a5=v2.
*   **R6:** a3=v2 AND a2=v3 AND a1=v1 AND a6=v3. This fails because a1=v1, a2=v1, and a5=v2.
*   **R7:** a3=v1 AND a4=v3 AND a1=v1 AND a6=v3. This fails because a1=v1, a2=v1, and a5=v2.
*   **R8:** a2=v2 AND a5=v1 AND a1=v1 AND a4=v3. This fails because a1=v1, a2=v1, and a5=v2.
*   **R9:** a3=v3 AND a2=v3 AND a1=v1. This fails because a1=v1, a2=v1, and a3=v1, but a2=v3 and a3=v3 are not true.
*   **R10:** a4=v1 AND a5=v3. This fails because a4=v3 and a5=v2.

None of the rules apply.

ANSWER: None"
exp2_f044_N0,2,N0,R10,a6=v2 AND a1=v1 AND a3=v1 AND a5=v2,True,,,"Let's analyze the rules against the query:

*   **R1:** a1=v2 AND a6=v3 AND a4=v1 AND a5=v2 - Does not apply because a1=v1, a6=v2, a4=v1, a5=v2.
*   **R2:** a4=v3 AND a3=v3 AND a6=v2 AND a5=v2 - Does not apply because a4=v1, a3=v1, a6=v2, a5=v2.
*   **R3:** a4=v2 AND a6=v3 AND a5=v2 AND a1=v1 - Does not apply because a4=v1, a6=v2, a5=v2, a1=v1.
*   **R4:** a6=v3 AND a4=v3 AND a5=v2 AND a1=v1 - Does not apply because a6=v2, a4=v1, a5=v2, a1=v1.
*   **R5:** a5=v3 AND a6=v3 - Does not apply because a5=v2, a6=v2.
*   **R6:** a2=v3 AND a3=v3 AND a6=v2 AND a1=v1 - Does not apply because a2=v1, a3=v1, a6=v2, a1=v1.
*   **R7:** a4=v2 AND a2=v2 AND a6=v2 AND a1=v1 - Does not apply because a4=v1, a2=v1, a6=v2, a1=v1.
*   **R8:** a3=v3 AND a2=v2 AND a1=v1 - Does not apply because a3=v1, a2=v1, a1=v1.
*   **R9:** a4=v2 AND a2=v3 AND a1=v1 AND a3=v1 - Does not apply because a4=v1, a2=v1, a1=v1, a3=v1.
*   **R10:** a6=v2 AND a1=v1 AND a3=v1 AND a5=v2 - Does not apply because a6=v2, a1=v1, a3=v1, a5=v2.

None of the rules apply.

ANSWER: None"
exp2_f046_N0,2,N0,R7,a5=v1 AND a3=v2 AND a2=v3 AND a6=v1,True,,,"Let's analyze the rules and the query:

*   **R1:** a6=v3 AND a4=v2 AND a2=v3 AND a5=v1 - Does not match (a6=v1, a4=v3, a2=v3, a5=v1)
*   **R2:** a3=v3 AND a1=v2 AND a5=v1 AND a4=v3 - Does not match (a3=v2, a1=v3, a5=v1, a4=v3)
*   **R3:** a3=v3 AND a5=v2 AND a4=v3 AND a1=v3 - Does not match (a3=v2, a5=v1, a4=v3, a1=v3)
*   **R4:** a3=v3 AND a2=v2 AND a1=v3 AND a6=v1 - Does not match (a3=v2, a2=v3, a1=v3, a6=v1)
*   **R5:** a3=v3 AND a6=v2 AND a1=v3 AND a4=v3 - Does not match (a3=v2, a6=v1, a1=v3, a4=v3)
*   **R6:** a4=v1 AND a2=v1 - Does not match (a4=v3, a2=v3)
*   **R7:** a5=v1 AND a3=v2 AND a2=v3 AND a6=v1 - Does not match (a5=v1, a3=v2, a2=v3, a6=v1)
*   **R8:** a3=v1 AND a5=v3 AND a4=v3 - Does not match (a3=v2, a5=v1, a4=v3)
*   **R9:** a2=v2 AND a4=v1 AND a1=v3 AND a5=v1 - Does not match (a2=v3, a4=v3, a1=v3, a5=v1)
*   **R10:** a1=v1 AND a3=v3 AND a2=v3 AND a6=v1 - Does not match (a1=v3, a3=v2, a2=v3, a6=v1)

None of the rules match the query.

ANSWER: None"
exp2_f046_N2,2,N2,R7,a5=v1 AND a3=v2 AND a2=v3 AND a6=v1,True,,,"Let's analyze the rules against the query:

*   **R1:** a6=v3 AND a4=v2 AND a2=v3 AND a5=v1.  This doesn't match because a4=v3, a2=v3, and a6=v1.
*   **R2:** a3=v3 AND a1=v2 AND a5=v1 AND a4=v3. This doesn't match because a3=v2, a1=v3, and a5=v1.
*   **R3:** a3=v3 AND a5=v2 AND a4=v3 AND a1=v3. This doesn't match because a3=v2, a5=v1, and a1=v3.
*   **R4:** a5=v1 AND a3=v2 AND a2=v1 AND a6=v1. This doesn't match because a5=v1, a3=v2, a2=v3, and a6=v1.
*   **R5:** a3=v3 AND a6=v2 AND a1=v3 AND a4=v3. This doesn't match because a3=v2, a6=v1, a1=v3, and a4=v3.
*   **R6:** a4=v1 AND a2=v1. This doesn't match because a4=v3 and a2=v3.
*   **R7:** a5=v1 AND a3=v2 AND a2=v3 AND a6=v1. This doesn't match because a5=v1, a3=v2, a2=v3, and a6=v1.
*   **R8:** a3=v1 AND a5=v3 AND a4=v3. This doesn't match because a3=v2, a5=v1, and a4=v3.
*   **R9:** a2=v2 AND a4=v1 AND a1=v3 AND a5=v1. This doesn't match because a2=v3, a4=v3, a1=v3, and a5=v1.
*   **R10:** a5=v1 AND a3=v3 AND a2=v3 AND a6=v1. This doesn't match because a5=v1, a3=v2, a2=v3, and a6=v1.

None of the rules match the query.

ANSWER: None"
exp2_f046_N4,2,N4,R7,a5=v1 AND a3=v2 AND a2=v3 AND a6=v1,True,,,"Let's evaluate each rule against the query:

*   **R1:** a5=v2 AND a3=v2 AND a2=v3 AND a6=v1.  This fails because a5=v1, a3=v2, a2=v3, and a6=v1.
*   **R2:** a5=v1 AND a3=v2 AND a2=v3 AND a6=v3. This fails because a6=v1, not v3.
*   **R3:** a3=v3 AND a5=v2 AND a4=v3 AND a1=v3. This fails because a3=v2, a5=v1, a4=v3, and a1=v3.
*   **R4:** a5=v1 AND a3=v2 AND a2=v1 AND a6=v1. This fails because a2=v3, not v1.
*   **R5:** a3=v3 AND a6=v2 AND a1=v3 AND a4=v3. This fails because a6=v1, not v2.
*   **R6:** a4=v1 AND a2=v1. This fails because a4=v3, not v1, and a2=v3, not v1.
*   **R7:** a5=v1 AND a3=v2 AND a2=v3 AND a6=v1. This fails because a2=v3, not v1.
*   **R8:** a3=v1 AND a5=v3 AND a4=v3. This fails because a3=v2, a5=v1, and a4=v3.
*   **R9:** a2=v2 AND a4=v1 AND a1=v3 AND a5=v1. This fails because a2=v3, a4=v3, a1=v3, and a5=v1.
*   **R10:** a5=v1 AND a3=v3 AND a2=v3 AND a6=v1. This fails because a2=v3, not v1.

None of the rules apply.

ANSWER: None"
exp2_f048_N0,2,N0,R2,a2=v2 AND a1=v1 AND a4=v1 AND a5=v1,True,,,"Let's analyze the rules against the query:

*   **R1:** a1=v3 AND a4=v3 AND a5=v1 AND a3=v1.  This fails because a1=v1, a4=v1, a5=v1, and a3=v1.
*   **R2:** a2=v2 AND a1=v1 AND a4=v1 AND a5=v1. This fails because a2=v2.
*   **R3:** a3=v3 AND a1=v3. This fails because a3=v1, a1=v1.
*   **R4:** a4=v2 AND a2=v1 AND a5=v1 AND a3=v1. This fails because a4=v1, a2=v2, a5=v1, and a3=v1.
*   **R5:** a3=v3 AND a4=v2 AND a5=v1 AND a6=v1. This fails because a3=v1, a4=v1, a5=v1, and a6=v1.
*   **R6:** a3=v2 AND a6=v2 AND a4=v1. This fails because a3=v1, a6=v1, and a4=v1.
*   **R7:** a2=v3 AND a3=v2 AND a4=v1 AND a1=v1. This fails because a2=v2, a3=v1, a4=v1, and a1=v1.
*   **R8:** a4=v3 AND a3=v3 AND a2=v2 AND a1=v1. This fails because a4=v1, a3=v1, a2=v2, and a1=v1.
*   **R9:** a5=v3 AND a1=v3 AND a3=v1 AND a4=v1. This fails because a5=v1, a1=v1, a3=v1, and a4=v1.
*   **R10:** a5=v3 AND a4=v2 AND a1=v1 AND a3=v1. This fails because a5=v1, a4=v1, a1=v1, and a3=v1.

None of the rules apply.

ANSWER: None"
exp2_f049_N0,2,N0,R2,a5=v3 AND a3=v1 AND a1=v1 AND a6=v2,True,,,"Let's analyze the rules against the query:

*   **R1:** a2=v1 AND a5=v1 AND a6=v2 AND a1=v1.  This fails because a2=v2 and a5=v3 and a6=v2.
*   **R2:** a5=v3 AND a3=v1 AND a1=v1 AND a6=v2. This fails because a2=v2.
*   **R3:** a2=v1 AND a6=v1 AND a5=v3 AND a1=v1. This fails because a2=v2.
*   **R4:** a4=v1 AND a5=v2 AND a3=v1 AND a2=v2. This fails because a4=v2 and a5=v3.
*   **R5:** a4=v1 AND a1=v3 AND a3=v1 AND a6=v2. This fails because a1=v1 and a4=v2.
*   **R6:** a6=v3 AND a1=v2 AND a3=v1 AND a5=v3. This fails because a6=v2.
*   **R7:** a3=v2 AND a4=v1 AND a5=v3 AND a6=v2. This fails because a3=v1.
*   **R8:** a3=v2 AND a4=v1. This fails because a3=v1.
*   **R9:** a4=v1 AND a2=v1 AND a5=v3. This fails because a2=v2.
*   **R10:** a2=v3 AND a3=v2 AND a4=v2 AND a5=v3. This fails because a2=v2.

None of the rules apply.

ANSWER: None"
exp2_f049_N2,2,N2,R2,a5=v3 AND a3=v1 AND a1=v1 AND a6=v2,True,,,"Let's analyze each rule against the query:

*   **R1:** a2=v1 AND a5=v1 AND a6=v2 AND a1=v1.  This fails because a2=v2 and a6=v2.
*   **R2:** a5=v3 AND a3=v1 AND a1=v1 AND a6=v2. This fails because a5=v3 and a6=v2.
*   **R3:** a5=v3 AND a3=v1 AND a1=v1 AND a6=v3. This fails because a6=v2.
*   **R4:** a4=v1 AND a5=v2 AND a3=v1 AND a2=v2. This fails because a4=v2 and a5=v3.
*   **R5:** a5=v1 AND a3=v1 AND a1=v1 AND a6=v2. This fails because a5=v3 and a6=v2.
*   **R6:** a6=v3 AND a1=v2 AND a3=v1 AND a5=v3. This fails because a6=v2 and a1=v1.
*   **R7:** a3=v2 AND a4=v1 AND a5=v3 AND a6=v2. This fails because a3=v1 and a6=v2.
*   **R8:** a3=v2 AND a4=v1. This fails because a3=v1.
*   **R9:** a4=v1 AND a2=v1 AND a5=v3. This fails because a4=v2 and a2=v2.
*   **R10:** a2=v3 AND a3=v2 AND a4=v2 AND a5=v3. This fails because a2=v2 and a3=v1.

None of the rules apply.

ANSWER: None"
exp2_f049_N4,2,N4,R2,a5=v3 AND a3=v1 AND a1=v1 AND a6=v2,True,,,"Let's analyze the rules against the query:

*   **R1:** a2=v1 AND a5=v1 AND a6=v2 AND a1=v1.  This fails because a2=v1 is false (a2=v2).
*   **R2:** a5=v3 AND a3=v1 AND a1=v1 AND a6=v2. This fails because a2=v2 is false.
*   **R3:** a5=v3 AND a3=v1 AND a1=v1 AND a6=v3. This fails because a6=v2 is false.
*   **R4:** a4=v1 AND a5=v2 AND a3=v1 AND a2=v2. This fails because a4=v2 is false and a5=v2 is false.
*   **R5:** a5=v1 AND a3=v1 AND a1=v1 AND a6=v2. This fails because a2=v2 is false.
*   **R6:** a6=v3 AND a1=v2 AND a3=v1 AND a5=v3. This fails because a6=v2 is false and a1=v2 is false.
*   **R7:** a5=v3 AND a3=v1 AND a1=v3 AND a6=v2. This fails because a2=v2 is false and a6=v2 is false.
*   **R8:** a3=v2 AND a4=v1. This fails because a3=v1 is false and a4=v2 is false.
*   **R9:** a4=v1 AND a2=v1 AND a5=v3. This fails because a4=v2 is false and a2=v2 is false.
*   **R10:** a5=v3 AND a3=v2 AND a1=v1 AND a6=v2. This fails because a3=v1 is false and a6=v2 is false.

None of the rules apply.

ANSWER: None"
exp2_f050_N0,2,N0,R7,a5=v3 AND a1=v2 AND a6=v2 AND a3=v3,True,,,"Let's analyze the rules against the query:

*   **R1:** a2=v3 AND a5=v2 AND a6=v2 AND a1=v2.  This fails because a2=v2 and a5=v3 and a6=v2 and a1=v2.
*   **R2:** a6=v3 AND a2=v3 AND a1=v2 AND a3=v3. This fails because a6=v2 and a2=v2 and a1=v2 and a3=v3.
*   **R3:** a2=v1 AND a3=v2. This fails because a2=v2 and a3=v3.
*   **R4:** a2=v1 AND a5=v2 AND a6=v2 AND a4=v3. This fails because a2=v2 and a5=v3 and a6=v2 and a4=v3.
*   **R5:** a3=v1 AND a4=v1 AND a5=v3 AND a2=v2. This fails because a3=v3 and a4=v3 and a5=v3 and a2=v2.
*   **R6:** a3=v2 AND a2=v3 AND a4=v3 AND a6=v2. This fails because a3=v3 and a2=v2 and a4=v3 and a6=v2.
*   **R7:** a5=v3 AND a1=v2 AND a6=v2 AND a3=v3. This fails because a5=v3 and a1=v2 and a6=v2 and a3=v3.
*   **R8:** a4=v2 AND a3=v2 AND a5=v3. This fails because a4=v3 and a3=v3 and a5=v3.
*   **R9:** a3=v2 AND a6=v1 AND a5=v3 AND a2=v2. This fails because a3=v3 and a6=v2 and a5=v3 and a2=v2.
*   **R10:** a2=v3 AND a3=v1 AND a6=v2 AND a5=v3. This fails because a2=v2 and a3=v3 and a6=v2 and a5=v3.

None of the rules apply.

ANSWER: None"
exp2_f050_N1,2,N1,R7,a5=v3 AND a1=v2 AND a6=v2 AND a3=v3,True,,,"Let's analyze the rules against the query:

*   **R1:** a2=v3 AND a5=v2 AND a6=v2 AND a1=v2.  This fails because a2=v2, a5=v3, a6=v2, and a1=v2.
*   **R2:** a6=v3 AND a2=v3 AND a1=v2 AND a3=v3. This fails because a6=v2, a2=v2, a1=v2, and a3=v3.
*   **R3:** a2=v1 AND a3=v2. This fails because a2=v2 and a3=v3.
*   **R4:** a2=v1 AND a5=v2 AND a6=v2 AND a4=v3. This fails because a2=v2, a5=v3, a6=v2, and a4=v3.
*   **R5:** a3=v1 AND a4=v1 AND a5=v3 AND a2=v2. This fails because a3=v3, a4=v3, a5=v3, and a2=v2.
*   **R6:** a3=v2 AND a2=v3 AND a4=v3 AND a6=v2. This fails because a3=v3, a2=v2, a4=v3, and a6=v2.
*   **R7:** a5=v3 AND a1=v2 AND a6=v2 AND a3=v3. This fails because a5=v3, a1=v2, a6=v2, and a3=v3.
*   **R8:** a4=v2 AND a3=v2 AND a5=v3. This fails because a4=v3, a3=v3, and a5=v3.
*   **R9:** a5=v3 AND a1=v2 AND a6=v3 AND a3=v3. This fails because a5=v3, a1=v2, a6=v2, and a3=v3.
*   **R10:** a2=v3 AND a3=v1 AND a6=v2 AND a5=v3. This fails because a2=v2, a3=v3, a6=v2, and a5=v3.

None of the rules apply.

ANSWER: None"
exp2_f050_N2,2,N2,R7,a5=v3 AND a1=v2 AND a6=v2 AND a3=v3,True,,,"Let's analyze the rules against the query:

*   **R1:** a5=v3 AND a1=v3 AND a6=v2 AND a3=v3 - Does not match (a5=v3, a1=v2, a6=v2, a3=v3)
*   **R2:** a6=v3 AND a2=v3 AND a1=v2 AND a3=v3 - Does not match (a6=v2, a2=v2, a1=v2, a3=v3)
*   **R3:** a2=v1 AND a3=v2 - Does not match (a2=v2, a3=v3)
*   **R4:** a2=v1 AND a5=v2 AND a6=v2 AND a4=v3 - Does not match (a2=v2, a5=v3, a6=v2, a4=v3)
*   **R5:** a3=v1 AND a4=v1 AND a5=v3 AND a2=v2 - Does not match (a3=v3, a4=v3, a5=v3, a2=v2)
*   **R6:** a3=v2 AND a2=v3 AND a4=v3 AND a6=v2 - Does not match (a3=v3, a2=v2, a4=v3, a6=v2)
*   **R7:** a5=v3 AND a1=v2 AND a6=v2 AND a3=v3 - Does not match (a5=v3, a1=v2, a6=v2, a3=v3)
*   **R8:** a4=v2 AND a3=v2 AND a5=v3 - Does not match (a4=v3, a3=v3, a5=v3)
*   **R9:** a5=v3 AND a1=v2 AND a6=v3 AND a3=v3 - Does not match (a5=v3, a1=v2, a6=v2, a3=v3)
*   **R10:** a2=v3 AND a3=v1 AND a6=v2 AND a5=v3 - Does not match (a2=v2, a3=v3, a6=v2, a5=v3)

None of the rules match the query.

ANSWER: None"
exp2_f052_N1,2,N1,R8,a6=v1 AND a2=v1 AND a5=v1 AND a3=v2,True,,,"Let's analyze the rules against the query:

*   **R1:** a6=v3 AND a4=v2 - Does not apply because a6=v1 and a4=v1.
*   **R2:** a6=v1 AND a2=v1 AND a5=v1 AND a3=v3 - Does not apply because a3=v2.
*   **R3:** a6=v2 AND a1=v3 AND a5=v1 AND a3=v2 - Does not apply because a6=v1 and a1=v1.
*   **R4:** a6=v2 AND a2=v3 AND a5=v1 AND a3=v2 - Does not apply because a6=v1 and a2=v1.
*   **R5:** a1=v2 AND a5=v2 AND a6=v1 AND a2=v1 - Does not apply because a1=v1 and a5=v1.
*   **R6:** a1=v2 AND a5=v3 AND a4=v1 - Does not apply because a1=v1 and a5=v1.
*   **R7:** a4=v2 AND a2=v3 AND a5=v1 AND a6=v1 - Does not apply because a4=v1 and a2=v1.
*   **R8:** a6=v1 AND a2=v1 AND a5=v1 AND a3=v2 - Does not apply because a3=v2.
*   **R9:** a4=v3 AND a6=v3 AND a1=v1 AND a3=v2 - Does not apply because a4=v1.
*   **R10:** a4=v2 AND a1=v3 AND a3=v2 AND a6=v1 - Does not apply because a4=v1 and a1=v1.

None of the rules apply.

ANSWER: None"
exp2_f052_N2,2,N2,R8,a6=v1 AND a2=v1 AND a5=v1 AND a3=v2,True,,,"Let's analyze the rules against the query:

*   **R1:** a6=v3 AND a4=v2.  This fails because a6=v1 and a4=v1.
*   **R2:** a6=v1 AND a2=v1 AND a5=v1 AND a3=v3. This fails because a3=v2.
*   **R3:** a6=v1 AND a2=v1 AND a5=v2 AND a3=v2. This fails because a3=v2.
*   **R4:** a6=v2 AND a2=v3 AND a5=v1 AND a3=v2. This fails because a6=v1 and a2=v1.
*   **R5:** a1=v2 AND a5=v2 AND a6=v1 AND a2=v1. This fails because a1=v1.
*   **R6:** a1=v2 AND a5=v3 AND a4=v1. This fails because a1=v1.
*   **R7:** a4=v2 AND a2=v3 AND a5=v1 AND a6=v1. This fails because a2=v1.
*   **R8:** a6=v1 AND a2=v1 AND a5=v1 AND a3=v2. This fails because a3=v2.
*   **R9:** a4=v3 AND a6=v3 AND a1=v1 AND a3=v2. This fails because a4=v1.
*   **R10:** a4=v2 AND a1=v3 AND a3=v2 AND a6=v1. This fails because a1=v1.

None of the rules apply.

ANSWER: None"
exp2_f052_N4,2,N4,R8,a6=v1 AND a2=v1 AND a5=v1 AND a3=v2,True,,,"Let's analyze the rules against the query:

*   **R1:** a6=v3 AND a4=v2.  This fails because a6=v1 and a4=v1.
*   **R2:** a6=v1 AND a2=v1 AND a5=v1 AND a3=v3. This fails because a3=v2.
*   **R3:** a6=v1 AND a2=v1 AND a5=v2 AND a3=v2. This fails because a3=v2.
*   **R4:** a6=v2 AND a2=v1 AND a5=v1 AND a3=v2. This fails because a6=v1.
*   **R5:** a1=v2 AND a5=v2 AND a6=v1 AND a2=v1. This fails because a1=v1.
*   **R6:** a1=v2 AND a5=v3 AND a4=v1. This fails because a1=v1 and a5=v1.
*   **R7:** a4=v2 AND a2=v3 AND a5=v1 AND a6=v1. This fails because a2=v1.
*   **R8:** a6=v1 AND a2=v1 AND a5=v1 AND a3=v2. This fails because a3=v2.
*   **R9:** a6=v1 AND a2=v2 AND a5=v1 AND a3=v2. This fails because a2=v1.
*   **R10:** a4=v2 AND a1=v3 AND a3=v2 AND a6=v1. This fails because a1=v1.

None of the rules apply.

ANSWER: None"
exp2_f054_N0,2,N0,R10,a4=v3 AND a2=v3 AND a6=v1 AND a5=v3,True,,,"Let's analyze the rules against the query:

*   **R1:** a4=v2 AND a2=v1 AND a1=v3 AND a5=v3 - Does not match (a4=v3, a2=v3, a1=v3, a5=v3)
*   **R2:** a6=v2 AND a4=v1 AND a1=v3 - Does not match (a6=v1, a4=v3, a1=v3)
*   **R3:** a4=v2 AND a2=v2 AND a1=v3 AND a5=v3 - Does not match (a4=v3, a2=v3, a1=v3, a5=v3)
*   **R4:** a1=v1 AND a4=v2 AND a5=v3 AND a2=v3 - Does not match (a1=v3, a4=v3, a5=v3, a2=v3)
*   **R5:** a3=v1 AND a6=v3 AND a1=v3 AND a5=v3 - Does not match (a3=v3, a6=v1, a1=v3, a5=v3)
*   **R6:** a6=v2 AND a4=v1 AND a3=v3 AND a2=v3 - Does not match (a6=v1, a4=v3, a3=v3, a2=v3)
*   **R7:** a5=v2 AND a6=v2 AND a1=v3 AND a4=v3 - Does not match (a5=v3, a6=v1, a1=v3, a4=v3)
*   **R8:** a4=v2 AND a3=v2 - Does not match (a4=v3, a3=v3)
*   **R9:** a6=v3 AND a1=v1 AND a5=v3 AND a2=v3 - Does not match (a6=v1, a1=v3, a5=v3, a2=v3)
*   **R10:** a4=v3 AND a2=v3 AND a6=v1 AND a5=v3 - Does not match (a4=v3, a2=v3, a6=v1, a5=v3)

None of the rules match the query.

ANSWER: None
"
exp2_f054_N1,2,N1,R10,a4=v3 AND a2=v3 AND a6=v1 AND a5=v3,True,,,"Let's analyze the rules against the query:

*   **R1:** a4=v2 AND a2=v3 AND a6=v1 AND a5=v3 - Does not match (a4=v3, a2=v3, a6=v1, a5=v3)
*   **R2:** a6=v2 AND a4=v1 AND a1=v3 - Does not match (a6=v1, a4=v3, a1=v3)
*   **R3:** a4=v2 AND a2=v2 AND a1=v3 AND a5=v3 - Does not match (a4=v3, a2=v3, a1=v3, a5=v3)
*   **R4:** a1=v1 AND a4=v2 AND a5=v3 AND a2=v3 - Does not match (a1=v3, a4=v3, a5=v3, a2=v3)
*   **R5:** a3=v1 AND a6=v3 AND a1=v3 AND a5=v3 - Does not match (a3=v3, a6=v1, a1=v3, a5=v3)
*   **R6:** a6=v2 AND a4=v1 AND a3=v3 AND a2=v3 - Does not match (a6=v1, a4=v3, a3=v3, a2=v3)
*   **R7:** a5=v2 AND a6=v2 AND a1=v3 AND a4=v3 - Does not match (a5=v3, a6=v1, a1=v3, a4=v3)
*   **R8:** a4=v2 AND a3=v2 - Does not match (a4=v3, a3=v3)
*   **R9:** a6=v3 AND a1=v1 AND a5=v3 AND a2=v3 - Does not match (a6=v1, a1=v3, a5=v3, a2=v3)
*   **R10:** a4=v3 AND a2=v3 AND a6=v1 AND a5=v3 - Does not match (a4=v3, a2=v3, a6=v1, a5=v3)

None of the rules match the query.

ANSWER: None"
exp2_f054_N2,2,N2,R10,a4=v3 AND a2=v3 AND a6=v1 AND a5=v3,True,,,"Let's analyze the rules against the query:

*   **R1:** a4=v2 AND a2=v3 AND a6=v1 AND a5=v3 - Does not match (a4=v3, a2=v3, a6=v1, a5=v3)
*   **R2:** a6=v2 AND a4=v1 AND a1=v3 - Does not match (a6=v1, a4=v3, a1=v3)
*   **R3:** a4=v2 AND a2=v2 AND a1=v3 AND a5=v3 - Does not match (a4=v3, a2=v3, a1=v3, a5=v3)
*   **R4:** a1=v1 AND a4=v2 AND a5=v3 AND a2=v3 - Does not match (a1=v3, a4=v3, a5=v3, a2=v3)
*   **R5:** a4=v3 AND a2=v3 AND a6=v1 AND a5=v1 - Does not match (a4=v3, a2=v3, a6=v1, a5=v3)
*   **R6:** a6=v2 AND a4=v1 AND a3=v3 AND a2=v3 - Does not match (a6=v1, a4=v3, a3=v3, a2=v3)
*   **R7:** a5=v2 AND a6=v2 AND a1=v3 AND a4=v3 - Does not match (a5=v3, a6=v1, a1=v3, a4=v3)
*   **R8:** a4=v2 AND a3=v2 - Does not match (a4=v3, a3=v3)
*   **R9:** a6=v3 AND a1=v1 AND a5=v3 AND a2=v3 - Does not match (a6=v1, a1=v3, a5=v3, a2=v3)
*   **R10:** a4=v3 AND a2=v3 AND a6=v1 AND a5=v3 - Does not match (a4=v3, a2=v3, a6=v1, a5=v3)

None of the rules match the query.

ANSWER: None"
exp2_f054_N4,2,N4,R10,a4=v3 AND a2=v3 AND a6=v1 AND a5=v3,True,,,"Let's analyze the rules against the query:

*   **R1:** a4=v2 AND a2=v3 AND a6=v1 AND a5=v3 - Does not match (a4=v3, a2=v3, a6=v1, a5=v3)
*   **R2:** a6=v2 AND a4=v1 AND a1=v3 - Does not match (a6=v1, a4=v3, a1=v3)
*   **R3:** a4=v3 AND a2=v3 AND a6=v2 AND a5=v3 - Does not match (a4=v3, a2=v3, a6=v1, a5=v3)
*   **R4:** a4=v3 AND a2=v1 AND a6=v1 AND a5=v3 - Does not match (a4=v3, a2=v3, a6=v1, a5=v3)
*   **R5:** a4=v3 AND a2=v3 AND a6=v1 AND a5=v1 - Does not match (a4=v3, a2=v3, a6=v1, a5=v3)
*   **R6:** a6=v2 AND a4=v1 AND a3=v3 AND a2=v3 - Does not match (a6=v1, a4=v3, a3=v3, a2=v3)
*   **R7:** a5=v2 AND a6=v2 AND a1=v3 AND a4=v3 - Does not match (a5=v3, a6=v1, a1=v3, a4=v3)
*   **R8:** a4=v2 AND a3=v2 - Does not match (a4=v3, a3=v3)
*   **R9:** a6=v3 AND a1=v1 AND a5=v3 AND a2=v3 - Does not match (a6=v1, a1=v3, a5=v3, a2=v3)
*   **R10:** a4=v3 AND a2=v3 AND a6=v1 AND a5=v3 - Does not match (a4=v3, a2=v3, a6=v1, a5=v3)

None of the rules match the query.

ANSWER: None
"
exp2_f056_N0,2,N0,R8,a6=v1 AND a1=v3 AND a2=v1 AND a4=v2,True,,,"Let's analyze the rules against the query:

*   **R1:** a5=v3 AND a3=v3 AND a1=v3 AND a2=v1.  This fails because a5=v1, a3=v1, and a1=v3.
*   **R2:** a6=v2 AND a2=v2 AND a3=v1 AND a5=v1. This fails because a6=v1, a2=v1, and a5=v1.
*   **R3:** a5=v3 AND a4=v1 AND a2=v1 AND a3=v1. This fails because a5=v1, a4=v2, a2=v1, and a3=v1.
*   **R4:** a2=v2 AND a5=v3 AND a3=v1. This fails because a2=v1, a5=v1, and a3=v1.
*   **R5:** a6=v3 AND a3=v2 AND a1=v3 AND a4=v2. This fails because a6=v1, a3=v1, a1=v3, and a4=v2.
*   **R6:** a3=v3 AND a5=v2. This fails because a3=v1 and a5=v1.
*   **R7:** a2=v3 AND a5=v2 AND a1=v3 AND a6=v1. This fails because a2=v1, a5=v1, a1=v3, and a6=v1.
*   **R8:** a6=v1 AND a1=v3 AND a2=v1 AND a4=v2. This fails because a6=v1, a1=v3, a2=v1, and a4=v2.
*   **R9:** a5=v3 AND a6=v2 AND a2=v1 AND a3=v1. This fails because a5=v1, a6=v1, a2=v1, and a3=v1.
*   **R10:** a2=v2 AND a6=v3 AND a1=v3 AND a5=v1. This fails because a2=v1, a6=v1, a1=v3, and a5=v1.

None of the rules apply.

ANSWER: None"
exp2_f057_N0,2,N0,R10,a3=v3 AND a5=v1 AND a2=v3 AND a1=v2,True,,,"Let's analyze the rules against the query:

*   **R1:** a5=v2 AND a6=v1 AND a4=v2 AND a3=v3.  This fails because a5=v1, a6=v3, and a3=v3.
*   **R2:** a2=v2 AND a3=v1 AND a5=v1 AND a6=v3. This fails because a2=v3, a3=v3, and a5=v1.
*   **R3:** a6=v1 AND a3=v1 AND a4=v2 AND a1=v2. This fails because a6=v3, a3=v3, and a1=v2.
*   **R4:** a6=v2 AND a3=v2 AND a4=v2 AND a1=v2. This fails because a6=v3, a3=v3, and a1=v2.
*   **R5:** a2=v2 AND a6=v1. This fails because a2=v3, a6=v3.
*   **R6:** a4=v1 AND a1=v3 AND a3=v3 AND a6=v3. This fails because a4=v2, a1=v2, and a6=v3.
*   **R7:** a2=v1 AND a5=v2 AND a4=v2. This fails because a2=v3, a5=v1, and a4=v2.
*   **R8:** a5=v3 AND a3=v2 AND a1=v2 AND a6=v3. This fails because a5=v1, a3=v3, and a1=v2.
*   **R9:** a5=v2 AND a1=v1 AND a6=v3 AND a4=v2. This fails because a5=v1, a1=v2, and a6=v3.
*   **R10:** a3=v3 AND a5=v1 AND a2=v3 AND a1=v2. This fails because a3=v3, a5=v1, a2=v3, and a1=v2.

None of the rules apply.

ANSWER: None"
exp2_f057_N1,2,N1,R10,a3=v3 AND a5=v1 AND a2=v3 AND a1=v2,True,,,"Let's analyze the rules against the query:

*   **R1:** a5=v2 AND a6=v1 AND a4=v2 AND a3=v3.  This fails because a5=v1, a6=v3, and a3=v3.
*   **R2:** a3=v3 AND a5=v1 AND a2=v2 AND a1=v2. This fails because a2=v3.
*   **R3:** a6=v1 AND a3=v1 AND a4=v2 AND a1=v2. This fails because a6=v3, a3=v3, and a1=v2.
*   **R4:** a6=v2 AND a3=v2 AND a4=v2 AND a1=v2. This fails because a6=v3, a3=v3, and a1=v2.
*   **R5:** a2=v2 AND a6=v1. This fails because a2=v3, a6=v3.
*   **R6:** a4=v1 AND a1=v3 AND a3=v3 AND a6=v3. This fails because a4=v2, a1=v2, a3=v3, and a6=v3.
*   **R7:** a2=v1 AND a5=v2 AND a4=v2. This fails because a2=v3.
*   **R8:** a5=v3 AND a3=v2 AND a1=v2 AND a6=v3. This fails because a5=v1, a3=v3, and a1=v2.
*   **R9:** a5=v2 AND a1=v1 AND a6=v3 AND a4=v2. This fails because a5=v1, a1=v2, and a6=v3.
*   **R10:** a3=v3 AND a5=v1 AND a2=v3 AND a1=v2. This fails because a2=v3.

None of the rules apply.

ANSWER: None"
exp2_f058_N0,2,N0,R7,a4=v1 AND a6=v2 AND a5=v2 AND a2=v1,True,,,"Let's analyze the rules against the query:

*   **R1:** a5=v1 AND a6=v3 AND a4=v1 AND a3=v3.  This fails because a5=v2, a6=v2, a4=v1, and a3=v3.
*   **R2:** a6=v3 AND a2=v2 AND a3=v3 AND a4=v1. This fails because a6=v2, a2=v1, a3=v3, and a4=v1.
*   **R3:** a5=v3 AND a1=v1 AND a3=v3 AND a4=v1. This fails because a5=v2, a1=v3, a3=v3, and a4=v1.
*   **R4:** a5=v1 AND a6=v1 AND a2=v1 AND a1=v3. This fails because a5=v2, a6=v2, a2=v1, and a1=v3.
*   **R5:** a2=v2 AND a3=v2. This fails because a2=v1 and a3=v3.
*   **R6:** a6=v1 AND a5=v3 AND a1=v3 AND a3=v3. This fails because a6=v2, a5=v2, a1=v3, and a3=v3.
*   **R7:** a4=v1 AND a6=v2 AND a5=v2 AND a2=v1. This fails because a4=v1, a6=v2, a5=v2, and a2=v1.
*   **R8:** a6=v1 AND a5=v1 AND a2=v1. This fails because a6=v2, a5=v2, and a2=v1.
*   **R9:** a2=v3 AND a5=v3 AND a6=v2 AND a1=v3. This fails because a2=v1, a5=v2, a6=v2, and a1=v3.
*   **R10:** a3=v1 AND a4=v3 AND a5=v2 AND a2=v1. This fails because a3=v3, a4=v1, a5=v2, and a2=v1.

None of the rules apply.

ANSWER: None"
exp2_f058_N1,2,N1,R7,a4=v1 AND a6=v2 AND a5=v2 AND a2=v1,True,,,"Let's analyze the rules against the query:

*   **R1:** a5=v1 AND a6=v3 AND a4=v1 AND a3=v3.  This fails because a5=v2, a6=v2, a4=v1, and a3=v3.
*   **R2:** a6=v3 AND a2=v2 AND a3=v3 AND a4=v1. This fails because a6=v2, a2=v1, a3=v3, and a4=v1.
*   **R3:** a5=v3 AND a1=v1 AND a3=v3 AND a4=v1. This fails because a5=v2, a1=v3, a3=v3, and a4=v1.
*   **R4:** a5=v1 AND a6=v1 AND a2=v1 AND a1=v3. This fails because a5=v2, a6=v2, a2=v1, and a1=v3.
*   **R5:** a2=v2 AND a3=v2. This fails because a2=v1 and a3=v3.
*   **R6:** a4=v1 AND a6=v1 AND a5=v2 AND a2=v1. This fails because a4=v1, a6=v2, a5=v2, and a2=v1.
*   **R7:** a4=v1 AND a6=v2 AND a5=v2 AND a2=v1. This fails because a4=v1, a6=v2, a5=v2, and a2=v1.
*   **R8:** a6=v1 AND a5=v1 AND a2=v1. This fails because a6=v2, a5=v2, and a2=v1.
*   **R9:** a2=v3 AND a5=v3 AND a6=v2 AND a1=v3. This fails because a2=v1, a5=v2, a6=v2, and a1=v3.
*   **R10:** a3=v1 AND a4=v3 AND a5=v2 AND a2=v1. This fails because a3=v3, a4=v1, a5=v2, and a2=v1.

None of the rules apply.

ANSWER: None"
exp2_f060_N0,2,N0,R9,a5=v3 AND a2=v2 AND a6=v1 AND a4=v1,True,,,"Let's evaluate each rule against the query:

*   **R1:** a2=v1 AND a6=v2 AND a5=v3 AND a4=v1.  This fails because a2=v2 and a6=v1, not v2.
*   **R2:** a1=v3 AND a2=v3 AND a3=v3 AND a5=v3. This fails because a1=v2, a2=v2, and a3=v3.
*   **R3:** a6=v2 AND a4=v2 AND a5=v3. This fails because a6=v1 and a4=v1, not v2.
*   **R4:** a5=v1 AND a1=v3 AND a3=v3 AND a2=v2. This fails because a5=v3, a1=v2, a3=v3, and a2=v2.
*   **R5:** a5=v2 AND a6=v3 AND a2=v2 AND a4=v1. This fails because a5=v3, a6=v1, a2=v2, and a4=v1.
*   **R6:** a4=v3 AND a2=v1 AND a1=v2 AND a5=v3. This fails because a4=v1, a2=v2, a1=v2, and a5=v3.
*   **R7:** a4=v2 AND a3=v2. This fails because a4=v1 and a3=v3.
*   **R8:** a1=v3 AND a6=v3 AND a3=v3 AND a5=v3. This fails because a1=v2, a6=v1, a3=v3, and a5=v3.
*   **R9:** a5=v3 AND a2=v2 AND a6=v1 AND a4=v1. This fails because a5=v3, a2=v2, a6=v1, and a4=v1.
*   **R10:** a3=v1 AND a6=v2 AND a4=v1 AND a2=v2. This fails because a3=v3, a6=v1, a4=v1, and a2=v2.

None of the rules apply.

ANSWER: None"
exp2_f060_N1,2,N1,R9,a5=v3 AND a2=v2 AND a6=v1 AND a4=v1,True,,,"Let's analyze the rules against the query:

*   **R1:** a2=v1 AND a6=v2 AND a5=v3 AND a4=v1.  This fails because a2=v2 and a6=v1.
*   **R2:** a1=v3 AND a2=v3 AND a3=v3 AND a5=v3. This fails because a1=v2, a2=v2, and a3=v3.
*   **R3:** a6=v2 AND a4=v2 AND a5=v3. This fails because a6=v1 and a4=v1.
*   **R4:** a5=v1 AND a1=v3 AND a3=v3 AND a2=v2. This fails because a1=v2.
*   **R5:** a5=v2 AND a6=v3 AND a2=v2 AND a4=v1. This fails because a5=v3, a6=v1, and a2=v2.
*   **R6:** a5=v3 AND a2=v1 AND a6=v1 AND a4=v1. This fails because a2=v2 and a6=v1.
*   **R7:** a4=v2 AND a3=v2. This fails because a4=v1 and a3=v3.
*   **R8:** a1=v3 AND a6=v3 AND a3=v3 AND a5=v3. This fails because a1=v2.
*   **R9:** a5=v3 AND a2=v2 AND a6=v1 AND a4=v1. This fails because a5=v3, a2=v2, a6=v1, and a4=v1.
*   **R10:** a3=v1 AND a6=v2 AND a4=v1 AND a2=v2. This fails because a3=v3, a6=v1, and a2=v2.

None of the rules apply.

ANSWER: None"
exp2_f060_N2,2,N2,R9,a5=v3 AND a2=v2 AND a6=v1 AND a4=v1,True,,,"Let's evaluate each rule against the query:

*   **R1:** a2=v1 AND a6=v2 AND a5=v3 AND a4=v1.  This fails because a2=v2 and a6=v1.
*   **R2:** a5=v3 AND a2=v2 AND a6=v1 AND a4=v3. This fails because a4=v1 and a6=v1.
*   **R3:** a6=v2 AND a4=v2 AND a5=v3. This fails because a6=v1 and a4=v1.
*   **R4:** a5=v1 AND a1=v3 AND a3=v3 AND a2=v2. This fails because a5=v3 and a1=v2.
*   **R5:** a5=v2 AND a6=v3 AND a2=v2 AND a4=v1. This fails because a5=v3 and a6=v1.
*   **R6:** a5=v3 AND a2=v1 AND a6=v1 AND a4=v1. This fails because a2=v2 and a5=v3.
*   **R7:** a4=v2 AND a3=v2. This fails because a4=v1 and a3=v3.
*   **R8:** a1=v3 AND a6=v3 AND a3=v3 AND a5=v3. This fails because a1=v2 and a6=v1.
*   **R9:** a5=v3 AND a2=v2 AND a6=v1 AND a4=v1. This fails because a2=v2 and a5=v3.
*   **R10:** a3=v1 AND a6=v2 AND a4=v1 AND a2=v2. This fails because a3=v3 and a6=v1.

None of the rules apply.

ANSWER: None"
exp2_f060_N4,2,N4,R9,a5=v3 AND a2=v2 AND a6=v1 AND a4=v1,True,,,"Let's analyze the rules against the query:

*   **R1:** a2=v1 AND a6=v2 AND a5=v3 AND a4=v1.  This fails because a2=v2 and a6=v1.
*   **R2:** a5=v3 AND a2=v2 AND a6=v1 AND a4=v3. This fails because a4=v1.
*   **R3:** a6=v2 AND a4=v2 AND a5=v3. This fails because a6=v1 and a4=v1.
*   **R4:** a5=v1 AND a1=v3 AND a3=v3 AND a2=v2. This fails because a5=v3 and a1=v2.
*   **R5:** a5=v3 AND a2=v2 AND a6=v2 AND a4=v1. This fails because a6=v1.
*   **R6:** a5=v3 AND a2=v1 AND a6=v1 AND a4=v1. This fails because a2=v2.
*   **R7:** a4=v2 AND a3=v2. This fails because a4=v1 and a3=v3.
*   **R8:** a5=v1 AND a2=v2 AND a6=v1 AND a4=v1. This fails because a5=v3 and a2=v2.
*   **R9:** a5=v3 AND a2=v2 AND a6=v1 AND a4=v1. This fails because a5=v3 and a2=v2.
*   **R10:** a3=v1 AND a6=v2 AND a4=v1 AND a2=v2. This fails because a3=v3 and a6=v1.

None of the rules apply.

ANSWER: None"
exp2_f061_N0,2,N0,R5,a5=v2 AND a4=v1 AND a1=v3 AND a3=v1,True,,,"Let's analyze the rules against the query:

*   **R1:** a4=v2 AND a5=v1 AND a1=v3 AND a3=v1.  This fails because a4=v1, a5=v2, a1=v3, and a3=v1.
*   **R2:** a4=v2 AND a6=v2 AND a2=v1 AND a1=v3. This fails because a4=v1, a6=v1, a2=v1, and a1=v3.
*   **R3:** a3=v3 AND a1=v2 AND a4=v1 AND a5=v2. This fails because a3=v1, a1=v3, a4=v1, and a5=v2.
*   **R4:** a2=v2 AND a3=v2 AND a4=v1. This fails because a2=v1, a3=v1, and a4=v1.
*   **R5:** a5=v2 AND a4=v1 AND a1=v3 AND a3=v1. This fails because a5=v2, a4=v1, a1=v3, and a3=v1.
*   **R6:** a2=v2 AND a4=v3 AND a6=v1 AND a3=v1. This fails because a2=v1, a4=v1, a6=v1, and a3=v1.
*   **R7:** a2=v2 AND a3=v2 AND a4=v1 AND a5=v2. This fails because a2=v1, a3=v1, a4=v1, and a5=v2.
*   **R8:** a4=v3 AND a2=v3 AND a1=v3 AND a3=v1. This fails because a4=v1, a2=v1, a1=v3, and a3=v1.
*   **R9:** a3=v2 AND a5=v3. This fails because a3=v1 and a5=v2.
*   **R10:** a5=v1 AND a6=v2 AND a4=v1 AND a1=v3. This fails because a5=v2, a6=v1, a4=v1, and a1=v3.

None of the rules apply.

ANSWER: None"
exp2_f061_N1,2,N1,R5,a5=v2 AND a4=v1 AND a1=v3 AND a3=v1,True,,,"Let's analyze the rules against the query:

*   **R1:** a4=v2 AND a5=v1 AND a1=v3 AND a3=v1.  This does *not* match because a4=v1, a5=v2, a1=v3, and a3=v1.
*   **R2:** a4=v2 AND a6=v2 AND a2=v1 AND a1=v3. This does *not* match because a4=v1, a6=v1, a2=v1, and a1=v3.
*   **R3:** a3=v3 AND a1=v2 AND a4=v1 AND a5=v2. This does *not* match because a3=v1, a1=v3, a4=v1, and a5=v2.
*   **R4:** a2=v2 AND a3=v2 AND a4=v1. This does *not* match because a2=v1, a3=v1, and a4=v1.
*   **R5:** a5=v2 AND a4=v1 AND a1=v3 AND a3=v1. This does *not* match because a5=v2, a4=v1, a1=v3, and a3=v1.
*   **R6:** a5=v2 AND a4=v1 AND a1=v1 AND a3=v1. This does *not* match because a5=v2, a4=v1, a1=v3, and a3=v1.
*   **R7:** a2=v2 AND a3=v2 AND a4=v1 AND a5=v2. This does *not* match because a2=v1, a3=v1, a4=v1, and a5=v2.
*   **R8:** a4=v3 AND a2=v3 AND a1=v3 AND a3=v1. This does *not* match because a4=v1, a2=v1, a1=v3, and a3=v1.
*   **R9:** a3=v2 AND a5=v3. This does *not* match because a3=v1 and a5=v2.
*   **R10:** a5=v1 AND a6=v2 AND a4=v1 AND a1=v3. This does *not* match because a5=v2, a6=v1, a4=v1, and a1=v3.

None of the rules match the query.

ANSWER: None"
exp2_f061_N2,2,N2,R5,a5=v2 AND a4=v1 AND a1=v3 AND a3=v1,True,,,"Let's analyze the rules against the query:

*   **R1:** a4=v2 AND a5=v1 AND a1=v3 AND a3=v1.  This fails because a4=v1, a5=v2, a1=v3, and a3=v1.
*   **R2:** a4=v2 AND a6=v2 AND a2=v1 AND a1=v3. This fails because a4=v1, a6=v1, a2=v1, and a1=v3.
*   **R3:** a3=v3 AND a1=v2 AND a4=v1 AND a5=v2. This fails because a3=v1, a1=v3, a4=v1, and a5=v2.
*   **R4:** a2=v2 AND a3=v2 AND a4=v1. This fails because a2=v1, a3=v1, and a4=v1.
*   **R5:** a5=v2 AND a4=v1 AND a1=v3 AND a3=v1. This fails because a5=v2, a4=v1, a1=v3, and a3=v1.
*   **R6:** a5=v2 AND a4=v1 AND a1=v1 AND a3=v1. This fails because a5=v2, a4=v1, a1=v3, and a3=v1.
*   **R7:** a5=v3 AND a4=v1 AND a1=v3 AND a3=v1. This fails because a5=v2, a4=v1, a1=v3, and a3=v1.
*   **R8:** a4=v3 AND a2=v3 AND a1=v3 AND a3=v1. This fails because a4=v1, a2=v1, a1=v3, and a3=v1.
*   **R9:** a3=v2 AND a5=v3. This fails because a3=v1 and a5=v2.
*   **R10:** a5=v1 AND a6=v2 AND a4=v1 AND a1=v3. This fails because a5=v2, a6=v1, a4=v1, and a1=v3.

None of the rules apply.

ANSWER: None"
exp2_f061_N4,2,N4,R5,a5=v2 AND a4=v1 AND a1=v3 AND a3=v1,True,,,"Let's analyze the rules against the query:

*   **R1:** a4=v2 AND a5=v1 AND a1=v3 AND a3=v1 - Does not match (a4=v1, a5=v2, a1=v3, a3=v1)
*   **R2:** a5=v2 AND a4=v2 AND a1=v3 AND a3=v1 - Does not match (a4=v1, a5=v2, a1=v3, a3=v1)
*   **R3:** a3=v3 AND a1=v2 AND a4=v1 AND a5=v2 - Does not match (a3=v1, a1=v3, a4=v1, a5=v2)
*   **R4:** a2=v2 AND a3=v2 AND a4=v1 - Does not match (a2=v1, a3=v1, a4=v1, a5=v2)
*   **R5:** a5=v2 AND a4=v1 AND a1=v3 AND a3=v1 - Does not match (a4=v1, a5=v2, a1=v3, a3=v1)
*   **R6:** a5=v2 AND a4=v1 AND a1=v1 AND a3=v1 - Does not match (a4=v1, a5=v2, a1=v3, a3=v1)
*   **R7:** a5=v3 AND a4=v1 AND a1=v3 AND a3=v1 - Does not match (a5=v2, a4=v1, a1=v3, a3=v1)
*   **R8:** a4=v3 AND a2=v3 AND a1=v3 AND a3=v1 - Does not match (a4=v1, a2=v1, a1=v3, a3=v1)
*   **R9:** a3=v2 AND a5=v3 - Does not match (a3=v1, a5=v2)
*   **R10:** a5=v2 AND a4=v1 AND a1=v3 AND a3=v3 - Does not match (a5=v2, a4=v1, a1=v3, a3=v1)

None of the rules match the query.

ANSWER: None"
exp2_f062_N1,2,N1,R9,a3=v2 AND a4=v3 AND a6=v3 AND a1=v3,True,,,"Let's analyze the rules against the query:

*   **R1:** a3=v1 AND a4=v3 AND a6=v3 AND a1=v3.  This fails because a3=v2, not v1.
*   **R2:** a6=v1 AND a5=v3 AND a1=v3. This fails because a6=v3, not v1, and a5=v1, not v3.
*   **R3:** a6=v2 AND a4=v2. This fails because a6=v3, not v2, and a4=v3, not v2.
*   **R4:** a2=v3 AND a3=v3 AND a4=v3 AND a6=v3. This fails because a2=v1, not v3, and a3=v2, not v3.
*   **R5:** a4=v2 AND a2=v3 AND a1=v3 AND a6=v3. This fails because a4=v3, not v2, and a2=v1, not v3.
*   **R6:** a5=v3 AND a6=v1 AND a1=v3 AND a4=v3. This fails because a5=v1, not v3, and a6=v3, not v1.
*   **R7:** a1=v2 AND a2=v2 AND a4=v3 AND a3=v2. This fails because a1=v3, not v2, and a2=v1, not v2, and a3=v2, not v2.
*   **R8:** a6=v1 AND a4=v1 AND a2=v1 AND a3=v2. This fails because a6=v3, not v1, and a4=v3, not v1, and a2=v1, not v1, and a3=v2, not v2.
*   **R9:** a3=v2 AND a4=v3 AND a6=v3 AND a1=v3. This fails because a3=v2, not v2.
*   **R10:** a1=v1 AND a3=v1 AND a2=v1 AND a4=v3. This fails because a1=v3, not v1, and a2=v1, not v1, and a3=v2, not v1.

None of the rules apply.

ANSWER: None"
exp2_f063_N1,2,N1,R8,a2=v3 AND a1=v3 AND a3=v3 AND a5=v1,True,,,"Let's analyze the rules against the query:

*   **R1:** a3=v2 AND a2=v1 AND a5=v1 AND a4=v3.  This fails because a3=v3, a2=v3, a5=v1, and a4=v3.
*   **R2:** a3=v1 AND a2=v1 AND a4=v3 AND a6=v3. This fails because a3=v3, a2=v3, a4=v3, and a6=v3.
*   **R3:** a3=v1 AND a4=v2 AND a5=v1 AND a6=v3. This fails because a3=v3, a4=v3, a5=v1, and a6=v3.
*   **R4:** a6=v2 AND a4=v1 AND a5=v1 AND a3=v3. This fails because a6=v3, a4=v3, a5=v1, and a3=v3.
*   **R5:** a2=v1 AND a1=v3 AND a3=v3 AND a5=v1. This fails because a2=v3, a1=v3, a3=v3, and a5=v1.
*   **R6:** a1=v2 AND a5=v3 AND a3=v3 AND a4=v3. This fails because a1=v3, a5=v1, a3=v3, and a4=v3.
*   **R7:** a6=v2 AND a2=v2 AND a5=v1. This fails because a6=v3, a2=v3, and a5=v1.
*   **R8:** a2=v3 AND a1=v3 AND a3=v3 AND a5=v1. This fails because a2=v3, a1=v3, a3=v3, and a5=v1.
*   **R9:** a1=v1 AND a3=v2. This fails because a1=v3, a3=v3.
*   **R10:** a5=v3 AND a3=v2 AND a6=v3 AND a1=v3. This fails because a5=v1, a3=v3, a6=v3, and a1=v3.

None of the rules apply.

ANSWER: None"
exp2_f064_N0,2,N0,R1,a4=v1 AND a3=v2 AND a5=v3 AND a1=v3,True,,,"Let's evaluate each rule against the query:

*   **R1:** a4=v1 AND a3=v2 AND a5=v3 AND a1=v3.  This fails because a2 is not v3.
*   **R2:** a5=v1 AND a1=v2 AND a3=v2 AND a2=v3. This fails because a5 is not v1 and a1 is not v2.
*   **R3:** a3=v1 AND a6=v3 AND a5=v3. This fails because a3 is not v1.
*   **R4:** a3=v1 AND a2=v2 AND a5=v3 AND a1=v3. This fails because a2 is not v2.
*   **R5:** a2=v2 AND a5=v2 AND a6=v1 AND a1=v3. This fails because a2 is not v2.
*   **R6:** a2=v2 AND a1=v1 AND a5=v3 AND a4=v1. This fails because a1 is not v1.
*   **R7:** a6=v3 AND a2=v1. This fails because a6 is not v3 and a2 is not v1.
*   **R8:** a1=v1 AND a5=v1 AND a4=v1 AND a2=v3. This fails because a2 is not v3.
*   **R9:** a5=v2 AND a3=v3 AND a4=v1 AND a1=v3. This fails because a5 is not v2 and a3 is not v3.
*   **R10:** a5=v2 AND a1=v2 AND a4=v1 AND a2=v3. This fails because a5 is not v2.

None of the rules apply.

ANSWER: None"
exp2_f065_N0,2,N0,R3,a3=v3 AND a4=v2 AND a2=v2 AND a6=v2,True,,,"Let's analyze the rules against the query:

*   **R1:** a4=v1 AND a2=v3 AND a5=v2 AND a3=v3.  This fails because a4=v2, a2=v2, a5=v2, and a3=v3.
*   **R2:** a1=v3 AND a4=v1 AND a3=v3. This fails because a1=v1, a4=v2, and a3=v3.
*   **R3:** a3=v3 AND a4=v2 AND a2=v2 AND a6=v2. This fails because a3=v3, a4=v2, a2=v2, and a6=v2.
*   **R4:** a4=v1 AND a3=v2 AND a5=v2 AND a6=v2. This fails because a4=v2, a3=v3, a5=v2, and a6=v2.
*   **R5:** a1=v2 AND a3=v2 AND a2=v2 AND a5=v2. This fails because a1=v1, a3=v3, a2=v2, and a5=v2.
*   **R6:** a1=v3 AND a2=v3 AND a6=v2 AND a4=v2. This fails because a1=v1, a2=v2, a6=v2, and a4=v2.
*   **R7:** a3=v2 AND a6=v3. This fails because a3=v3 and a6=v2.
*   **R8:** a3=v1 AND a6=v3 AND a5=v2 AND a2=v2. This fails because a3=v3, a6=v2, a5=v2, and a2=v2.
*   **R9:** a6=v3 AND a1=v3 AND a4=v2 AND a3=v3. This fails because a6=v2, a1=v1, a4=v2, and a3=v3.
*   **R10:** a1=v2 AND a2=v3 AND a4=v2 AND a5=v2. This fails because a1=v1, a2=v2, a4=v2, and a5=v2.

None of the rules apply.

ANSWER: None"
exp2_f065_N1,2,N1,R3,a3=v3 AND a4=v2 AND a2=v2 AND a6=v2,True,,,"Let's analyze the rules against the query:

*   **R1:** a3=v1 AND a4=v2 AND a2=v2 AND a6=v2.  This fails because a3=v3, not v1.
*   **R2:** a1=v3 AND a4=v1 AND a3=v3. This fails because a1=v1, not v3.
*   **R3:** a3=v3 AND a4=v2 AND a2=v2 AND a6=v2. This fails because a3=v3, not v2.
*   **R4:** a4=v1 AND a3=v2 AND a5=v2 AND a6=v2. This fails because a4=v2, not v1, and a3=v3, not v2.
*   **R5:** a1=v2 AND a3=v2 AND a2=v2 AND a5=v2. This fails because a1=v1, not v2.
*   **R6:** a1=v3 AND a2=v3 AND a6=v2 AND a4=v2. This fails because a1=v1, not v3.
*   **R7:** a3=v2 AND a6=v3. This fails because a3=v3, not v2.
*   **R8:** a3=v1 AND a6=v3 AND a5=v2 AND a2=v2. This fails because a3=v3, not v1.
*   **R9:** a6=v3 AND a1=v3 AND a4=v2 AND a3=v3. This fails because a1=v1, not v3.
*   **R10:** a1=v2 AND a2=v3 AND a4=v2 AND a5=v2. This fails because a1=v1, not v2.

None of the rules apply.

ANSWER: None"
exp2_f066_N1,2,N1,R6,a3=v1 AND a6=v3 AND a4=v2 AND a2=v2,True,,,"Let's analyze the rules against the query:

*   **R1:** a2=v1 AND a6=v1 AND a3=v1 AND a5=v2.  This fails because a2=v2 and a6=v3.
*   **R2:** a3=v3 AND a5=v3 AND a2=v2 AND a1=v1. This fails because a3=v1 and a2=v2.
*   **R3:** a3=v1 AND a6=v3 AND a4=v2 AND a2=v3. This fails because a2=v2.
*   **R4:** a2=v1 AND a4=v3 AND a1=v1 AND a5=v2. This fails because a4=v2.
*   **R5:** a6=v2 AND a5=v3 AND a4=v2. This fails because a6=v3.
*   **R6:** a3=v1 AND a6=v3 AND a4=v2 AND a2=v2. This fails because a2=v2.
*   **R7:** a5=v3 AND a2=v3 AND a1=v1 AND a4=v2. This fails because a2=v2.
*   **R8:** a5=v1 AND a1=v2 AND a6=v3 AND a2=v2. This fails because a1=v1.
*   **R9:** a6=v1 AND a5=v3. This fails because a6=v3.
*   **R10:** a4=v3 AND a6=v1 AND a3=v1 AND a5=v2. This fails because a4=v2.

None of the rules apply.

ANSWER: None"
exp2_f066_N2,2,N2,R6,a3=v1 AND a6=v3 AND a4=v2 AND a2=v2,True,,,"Let's analyze the rules against the query:

*   **R1:** a2=v1 AND a6=v1 AND a3=v1 AND a5=v2.  This fails because a2=v2 and a6=v3.
*   **R2:** a3=v3 AND a5=v3 AND a2=v2 AND a1=v1. This fails because a3=v1 and a2=v2.
*   **R3:** a3=v1 AND a6=v3 AND a4=v2 AND a2=v3. This fails because a2=v2.
*   **R4:** a3=v1 AND a6=v3 AND a4=v3 AND a2=v2. This fails because a4=v2.
*   **R5:** a6=v2 AND a5=v3 AND a4=v2. This fails because a6=v3.
*   **R6:** a3=v1 AND a6=v3 AND a4=v2 AND a2=v2. This fails because a6=v3.
*   **R7:** a5=v3 AND a2=v3 AND a1=v1 AND a4=v2. This fails because a2=v2.
*   **R8:** a5=v1 AND a1=v2 AND a6=v3 AND a2=v2. This fails because a5=v2 and a1=v1.
*   **R9:** a6=v1 AND a5=v3. This fails because a6=v3.
*   **R10:** a4=v3 AND a6=v1 AND a3=v1 AND a5=v2. This fails because a4=v2.

None of the rules apply.

ANSWER: None"
exp2_f066_N4,2,N4,R6,a3=v1 AND a6=v3 AND a4=v2 AND a2=v2,True,,,"Let's analyze the rules against the query:

*   **R1:** a2=v1 AND a6=v1 AND a3=v1 AND a5=v2.  This fails because a2=v2, a6=v3, and a3=v1.
*   **R2:** a3=v1 AND a6=v2 AND a4=v2 AND a2=v2. This fails because a6=v3 and a2=v2.
*   **R3:** a3=v1 AND a6=v3 AND a4=v2 AND a2=v3. This fails because a2=v2.
*   **R4:** a3=v1 AND a6=v3 AND a4=v3 AND a2=v2. This fails because a4=v2.
*   **R5:** a6=v2 AND a5=v3 AND a4=v2. This fails because a6=v3 and a5=v2.
*   **R6:** a3=v1 AND a6=v3 AND a4=v2 AND a2=v2. This fails because a2=v2.
*   **R7:** a5=v3 AND a2=v3 AND a1=v1 AND a4=v2. This fails because a1=v1, a2=v2, a5=v2, and a6=v3.
*   **R8:** a3=v3 AND a6=v3 AND a4=v2 AND a2=v2. This fails because a3=v1.
*   **R9:** a6=v1 AND a5=v3. This fails because a6=v3 and a5=v2.
*   **R10:** a4=v3 AND a6=v1 AND a3=v1 AND a5=v2. This fails because a4=v2, a6=v3, and a3=v1.

None of the rules apply.

ANSWER: None"
exp2_f067_N0,2,N0,R9,a2=v1 AND a3=v2 AND a5=v1 AND a6=v3,True,,,"Let's analyze the rules against the query:

*   **R1:** a1=v3 AND a3=v1 - Does not match (a1=v2, a3=v2)
*   **R2:** a4=v3 AND a2=v3 AND a3=v2 AND a5=v1 - Does not match (a4=v1, a2=v1, a3=v2, a5=v1)
*   **R3:** a6=v2 AND a4=v2 AND a5=v1 AND a2=v1 - Does not match (a6=v3, a4=v1, a5=v1, a2=v1)
*   **R4:** a2=v3 AND a1=v1 AND a6=v3 AND a5=v1 - Does not match (a2=v1, a1=v2, a6=v3, a5=v1)
*   **R5:** a6=v2 AND a4=v2 AND a5=v1 AND a1=v2 - Does not match (a6=v3, a4=v1, a5=v1, a1=v2)
*   **R6:** a6=v1 AND a4=v2 AND a1=v2 - Does not match (a6=v3, a4=v1, a1=v2)
*   **R7:** a5=v3 AND a2=v2 AND a1=v2 AND a3=v2 - Does not match (a5=v1, a2=v1, a1=v2, a3=v2)
*   **R8:** a3=v1 AND a1=v1 AND a2=v1 AND a5=v1 - Does not match (a3=v2, a1=v2, a2=v1, a5=v1)
*   **R9:** a2=v1 AND a3=v2 AND a5=v1 AND a6=v3 - Does not match (a2=v1, a3=v2, a5=v1, a6=v3)
*   **R10:** a4=v2 AND a5=v2 AND a6=v3 AND a2=v1 - Does not match (a4=v1, a5=v1, a6=v3, a2=v1)

None of the rules match.

ANSWER: None"
exp2_f067_N1,2,N1,R9,a2=v1 AND a3=v2 AND a5=v1 AND a6=v3,True,,,"Let's analyze the rules against the query:

*   **R1:** a1=v3 AND a3=v1 - Does not match (a1=v2, a3=v2)
*   **R2:** a4=v3 AND a2=v3 AND a3=v2 AND a5=v1 - Does not match (a4=v1, a2=v1, a3=v2, a5=v1)
*   **R3:** a6=v2 AND a4=v2 AND a5=v1 AND a2=v1 - Does not match (a6=v3, a4=v1, a5=v1, a2=v1)
*   **R4:** a2=v3 AND a1=v1 AND a6=v3 AND a5=v1 - Does not match (a2=v1, a1=v2, a6=v3, a5=v1)
*   **R5:** a6=v2 AND a4=v2 AND a5=v1 AND a1=v2 - Does not match (a6=v3, a4=v1, a5=v1, a1=v2)
*   **R6:** a6=v1 AND a4=v2 AND a1=v2 - Does not match (a6=v3, a4=v1, a1=v2)
*   **R7:** a2=v1 AND a3=v2 AND a5=v1 AND a6=v2 - Does not match (a2=v1, a3=v2, a5=v1, a6=v3)
*   **R8:** a3=v1 AND a1=v1 AND a2=v1 AND a5=v1 - Does not match (a3=v2, a1=v2, a2=v1, a5=v1)
*   **R9:** a2=v1 AND a3=v2 AND a5=v1 AND a6=v3 - Does not match (a2=v1, a3=v2, a5=v1, a6=v3)
*   **R10:** a4=v2 AND a5=v2 AND a6=v3 AND a2=v1 - Does not match (a4=v1, a5=v1, a6=v3, a2=v1)

None of the rules match the query.

ANSWER: None"
exp2_f067_N2,2,N2,R9,a2=v1 AND a3=v2 AND a5=v1 AND a6=v3,True,,,"Let's analyze the rules against the query:

*   **R1:** a1=v3 AND a3=v1 - Does not match (a1=v2, a3=v2)
*   **R2:** a4=v3 AND a2=v3 AND a3=v2 AND a5=v1 - Does not match (a4=v1, a2=v1, a3=v2, a5=v1)
*   **R3:** a6=v2 AND a4=v2 AND a5=v1 AND a2=v1 - Does not match (a6=v3, a4=v1, a5=v1, a2=v1)
*   **R4:** a2=v3 AND a1=v1 AND a6=v3 AND a5=v1 - Does not match (a2=v1, a1=v2, a6=v3, a5=v1)
*   **R5:** a6=v2 AND a4=v2 AND a5=v1 AND a1=v2 - Does not match (a6=v3, a4=v1, a5=v1, a1=v2)
*   **R6:** a6=v1 AND a4=v2 AND a1=v2 - Does not match (a6=v3, a4=v1, a1=v2)
*   **R7:** a2=v1 AND a3=v2 AND a5=v1 AND a6=v2 - Does not match (a2=v1, a3=v2, a5=v1, a6=v3)
*   **R8:** a3=v1 AND a1=v1 AND a2=v1 AND a5=v1 - Does not match (a3=v2, a1=v2, a2=v1, a5=v1)
*   **R9:** a2=v1 AND a3=v2 AND a5=v1 AND a6=v3 - Does not match (a2=v1, a3=v2, a5=v1, a6=v3)
*   **R10:** a2=v1 AND a3=v2 AND a5=v3 AND a6=v3 - Does not match (a2=v1, a3=v2, a5=v1, a6=v3)

None of the rules match the query.

ANSWER: None"
exp2_f068_N0,2,N0,R1,a1=v2 AND a3=v1 AND a4=v2 AND a6=v1,True,,,"Let's analyze the rules against the query:

*   **R1:** a1=v2 AND a3=v1 AND a4=v2 AND a6=v1.  This fails because a2 is not v2.
*   **R2:** a3=v3 AND a4=v1 AND a6=v1 AND a1=v2. This fails because a2 is not v3 and a3 is not v3.
*   **R3:** a4=v1 AND a1=v1 AND a3=v1. This fails because a1 is not v1 and a2 is not v1.
*   **R4:** a3=v2 AND a1=v1. This fails because a3 is not v2 and a2 is not v1.
*   **R5:** a1=v1 AND a2=v2 AND a3=v1 AND a4=v2. This fails because a2 is not v2.
*   **R6:** a4=v1 AND a3=v2 AND a5=v1 AND a1=v2. This fails because a3 is not v2.
*   **R7:** a2=v2 AND a1=v1 AND a5=v1 AND a3=v1. This fails because a2 is not v2.
*   **R8:** a6=v2 AND a2=v1 AND a4=v2 AND a5=v1. This fails because a6 is not v2.
*   **R9:** a2=v1 AND a4=v3 AND a1=v2 AND a3=v1. This fails because a4 is not v3.
*   **R10:** a6=v3 AND a2=v2 AND a1=v2 AND a4=v2. This fails because a6 is not v3.

None of the rules apply.

ANSWER: None"
exp2_f068_N1,2,N1,R1,a1=v2 AND a3=v1 AND a4=v2 AND a6=v1,True,,,"Let's analyze the rules against the query:

*   **R1:** a1=v2 AND a3=v1 AND a4=v2 AND a6=v1.  This fails because a2 is not v2.
*   **R2:** a3=v3 AND a4=v1 AND a6=v1 AND a1=v2. This fails because a2 is not v3 and a3 is not v3.
*   **R3:** a4=v1 AND a1=v1 AND a3=v1. This fails because a2 is not v2.
*   **R4:** a3=v2 AND a1=v1. This fails because a2 is not v2.
*   **R5:** a1=v1 AND a2=v2 AND a3=v1 AND a4=v2. This fails because a2 is not v2.
*   **R6:** a4=v1 AND a3=v2 AND a5=v1 AND a1=v2. This fails because a3 is not v2.
*   **R7:** a2=v2 AND a1=v1 AND a5=v1 AND a3=v1. This fails because a2 is not v2.
*   **R8:** a1=v2 AND a3=v2 AND a4=v2 AND a6=v1. This fails because a2 is not v2.
*   **R9:** a2=v1 AND a4=v3 AND a1=v2 AND a3=v1. This fails because a4 is not v3.
*   **R10:** a6=v3 AND a2=v2 AND a1=v2 AND a4=v2. This fails because a6 is not v3.

None of the rules apply.

ANSWER: None"
exp2_f069_N0,2,N0,R8,a3=v1 AND a2=v3 AND a6=v2 AND a1=v2,True,,,"Let's analyze the rules against the query:

*   **R1:** a3=v3 AND a1=v1 AND a4=v1 AND a5=v3.  This fails because a3=v1, not v3.
*   **R2:** a5=v2 AND a3=v2 AND a6=v2 AND a2=v3. This fails because a5=v3, not v2.
*   **R3:** a3=v2 AND a6=v3 AND a5=v3 AND a2=v3. This fails because a3=v1, not v2.
*   **R4:** a1=v1 AND a5=v1 AND a6=v2 AND a4=v1. This fails because a1=v2, not v1.
*   **R5:** a2=v2 AND a1=v3 AND a5=v3. This fails because a1=v2, not v3.
*   **R6:** a5=v2 AND a3=v3 AND a6=v2 AND a4=v1. This fails because a3=v1, not v3.
*   **R7:** a5=v1 AND a6=v3 AND a2=v3 AND a1=v2. This fails because a5=v3, not v1.
*   **R8:** a3=v1 AND a2=v3 AND a6=v2 AND a1=v2. This fails because a3=v1, not v1.
*   **R9:** a6=v3 AND a2=v1 AND a1=v2 AND a3=v1. This fails because a6=v2, not v3.
*   **R10:** a1=v1 AND a2=v2. This fails because a1=v2, not v1.

None of the rules apply.

ANSWER: None"
exp2_f069_N1,2,N1,R8,a3=v1 AND a2=v3 AND a6=v2 AND a1=v2,True,,,"Let's evaluate each rule against the query:

*   **R1:** a3=v3 AND a1=v1 AND a4=v1 AND a5=v3.  This fails because a3=v1, a1=v2, and a4=v1.
*   **R2:** a5=v2 AND a3=v2 AND a6=v2 AND a2=v3. This fails because a5=v3, a3=v1, a6=v2, and a2=v3.
*   **R3:** a3=v2 AND a6=v3 AND a5=v3 AND a2=v3. This fails because a3=v1, a6=v2, a5=v3, and a2=v3.
*   **R4:** a1=v1 AND a5=v1 AND a6=v2 AND a4=v1. This fails because a1=v2, a5=v3, and a6=v2.
*   **R5:** a2=v2 AND a1=v3 AND a5=v3. This fails because a2=v3, a1=v2, and a5=v3.
*   **R6:** a3=v1 AND a2=v3 AND a6=v2 AND a1=v3. This fails because a3=v1, a2=v3, a6=v2, and a1=v2.
*   **R7:** a5=v1 AND a6=v3 AND a2=v3 AND a1=v2. This fails because a5=v3, a6=v2, a2=v3, and a1=v2.
*   **R8:** a3=v1 AND a2=v3 AND a6=v2 AND a1=v2. This fails because a3=v1, a2=v3, a6=v2, and a1=v2.
*   **R9:** a6=v3 AND a2=v1 AND a1=v2 AND a3=v1. This fails because a6=v2, a2=v3, a1=v2, and a3=v1.
*   **R10:** a1=v1 AND a2=v2. This fails because a1=v2 and a2=v3.

None of the rules apply.

ANSWER: None"
exp2_f069_N2,2,N2,R8,a3=v1 AND a2=v3 AND a6=v2 AND a1=v2,True,,,"Let's analyze the rules against the query:

*   **R1:** a3=v3 AND a1=v1 AND a4=v1 AND a5=v3.  This fails because a3=v1, not v3.
*   **R2:** a5=v2 AND a3=v2 AND a6=v2 AND a2=v3. This fails because a5=v3, not v2.
*   **R3:** a3=v2 AND a6=v3 AND a5=v3 AND a2=v3. This fails because a3=v1, not v2.
*   **R4:** a1=v1 AND a5=v1 AND a6=v2 AND a4=v1. This fails because a1=v2, not v1.
*   **R5:** a2=v2 AND a1=v3 AND a5=v3. This fails because a2=v3, not v2.
*   **R6:** a3=v1 AND a2=v3 AND a6=v2 AND a1=v3. This fails because a1=v2, not v3.
*   **R7:** a3=v3 AND a2=v3 AND a6=v2 AND a1=v2. This fails because a3=v1, not v3.
*   **R8:** a3=v1 AND a2=v3 AND a6=v2 AND a1=v2. This fails because a1=v2, not v1.
*   **R9:** a6=v3 AND a2=v1 AND a1=v2 AND a3=v1. This fails because a6=v2, not v3.
*   **R10:** a1=v1 AND a2=v2. This fails because a1=v2, not v1.

None of the rules apply.

ANSWER: None"
exp2_f069_N4,2,N4,R8,a3=v1 AND a2=v3 AND a6=v2 AND a1=v2,True,,,"Let's evaluate each rule against the query:

*   **R1:** a3=v3 AND a1=v1 AND a4=v1 AND a5=v3.  This fails because a1=v2, a3=v1, a4=v1, and a5=v3.
*   **R2:** a5=v2 AND a3=v2 AND a6=v2 AND a2=v3. This fails because a5=v3, a3=v1, a6=v2, and a2=v3.
*   **R3:** a3=v1 AND a2=v3 AND a6=v3 AND a1=v2. This fails because a3=v1, a2=v3, a6=v2, and a1=v2.
*   **R4:** a1=v1 AND a5=v1 AND a6=v2 AND a4=v1. This fails because a1=v2, a5=v3, a6=v2, and a4=v1.
*   **R5:** a2=v2 AND a1=v3 AND a5=v3. This fails because a2=v3, a1=v2, and a5=v3.
*   **R6:** a3=v1 AND a2=v3 AND a6=v2 AND a1=v3. This fails because a3=v1, a2=v3, a6=v2, and a1=v2.
*   **R7:** a3=v3 AND a2=v3 AND a6=v2 AND a1=v2. This fails because a3=v1, a2=v3, a6=v2, and a1=v2.
*   **R8:** a3=v1 AND a2=v3 AND a6=v2 AND a1=v2. This fails because a3=v1, a2=v3, a6=v2, and a1=v2.
*   **R9:** a2=v2 AND a1=v2 AND a6=v2 AND a1=v2. This fails because a2=v3, a1=v2, and a6=v2.
*   **R10:** a1=v1 AND a2=v2. This fails because a1=v2 and a2=v3.

None of the rules apply.

ANSWER: None"
exp2_f070_N0,2,N0,R9,a3=v1 AND a5=v3 AND a4=v2 AND a2=v2,True,,,"Let's analyze each rule against the query:

*   **R1:** a6=v3 AND a1=v2 AND a3=v1 AND a4=v2 - Does not match (a6=v1, a1=v3, a3=v1, a4=v2)
*   **R2:** a6=v3 AND a2=v3 AND a4=v2 AND a5=v3 - Does not match (a6=v1, a2=v2, a4=v2, a5=v3)
*   **R3:** a5=v2 AND a6=v3 AND a2=v2 AND a4=v2 - Does not match (a5=v3, a6=v1, a2=v2, a4=v2)
*   **R4:** a4=v3 AND a6=v2 - Does not match (a4=v2, a6=v1)
*   **R5:** a2=v1 AND a6=v3 AND a5=v3 AND a3=v1 - Does not match (a2=v2, a6=v1, a5=v3, a3=v1)
*   **R6:** a3=v3 AND a4=v1 AND a5=v3 AND a6=v1 - Does not match (a3=v1, a4=v2, a5=v3, a6=v1)
*   **R7:** a5=v1 AND a1=v2 AND a6=v1 AND a3=v1 - Does not match (a5=v3, a1=v3, a6=v1, a3=v1)
*   **R8:** a6=v2 AND a1=v1 AND a3=v1 - Does not match (a6=v1, a1=v3, a3=v1)
*   **R9:** a3=v1 AND a5=v3 AND a4=v2 AND a2=v2 - Does not match (a3=v1, a5=v3, a4=v2, a2=v2)
*   **R10:** a1=v2 AND a2=v3 AND a5=v3 AND a3=v1 - Does not match (a1=v3, a2=v2, a5=v3, a3=v1)

No rules match the query.

ANSWER: None"
exp2_f070_N1,2,N1,R9,a3=v1 AND a5=v3 AND a4=v2 AND a2=v2,True,,,"Let's analyze the rules against the query:

*   **R1:** a6=v3 AND a1=v2 AND a3=v1 AND a4=v2 - Does not match (a6=v1, a1=v3, a3=v1, a4=v2)
*   **R2:** a6=v3 AND a2=v3 AND a4=v2 AND a5=v3 - Does not match (a6=v1, a2=v2, a4=v2, a5=v3)
*   **R3:** a5=v2 AND a6=v3 AND a2=v2 AND a4=v2 - Does not match (a5=v3, a6=v1, a2=v2, a4=v2)
*   **R4:** a4=v3 AND a6=v2 - Does not match (a4=v2, a6=v1)
*   **R5:** a2=v1 AND a6=v3 AND a5=v3 AND a3=v1 - Does not match (a2=v2, a6=v1, a5=v3, a3=v1)
*   **R6:** a3=v3 AND a4=v1 AND a5=v3 AND a6=v1 - Does not match (a3=v1, a4=v2, a5=v3, a6=v1)
*   **R7:** a3=v1 AND a5=v2 AND a4=v2 AND a2=v2 - Does not match (a3=v1, a5=v3, a4=v2, a2=v2)
*   **R8:** a6=v2 AND a1=v1 AND a3=v1 - Does not match (a6=v1, a1=v3, a3=v1)
*   **R9:** a3=v1 AND a5=v3 AND a4=v2 AND a2=v2 - Does not match (a3=v1, a5=v3, a4=v2, a2=v2)
*   **R10:** a1=v2 AND a2=v3 AND a5=v3 AND a3=v1 - Does not match (a1=v3, a2=v2, a5=v3, a3=v1)

None of the rules match the query.

ANSWER: None"
exp2_f070_N2,2,N2,R9,a3=v1 AND a5=v3 AND a4=v2 AND a2=v2,True,,,"Let's analyze the rules against the query:

*   **R1:** a6=v3 AND a1=v2 AND a3=v1 AND a4=v2 - Does not match (a6=v1, a1=v3, a3=v1, a4=v2)
*   **R2:** a6=v3 AND a2=v3 AND a4=v2 AND a5=v3 - Does not match (a6=v1, a2=v2, a4=v2, a5=v3)
*   **R3:** a5=v2 AND a6=v3 AND a2=v2 AND a4=v2 - Does not match (a5=v3, a6=v1, a2=v2, a4=v2)
*   **R4:** a4=v3 AND a6=v2 - Does not match (a4=v2, a6=v1)
*   **R5:** a3=v1 AND a5=v3 AND a4=v2 AND a2=v1 - Does not match (a3=v1, a5=v3, a4=v2, a2=v2)
*   **R6:** a3=v3 AND a4=v1 AND a5=v3 AND a6=v1 - Does not match (a3=v1, a4=v2, a5=v3, a6=v1)
*   **R7:** a3=v1 AND a5=v2 AND a4=v2 AND a2=v2 - Does not match (a3=v1, a5=v3, a4=v2, a2=v2)
*   **R8:** a6=v2 AND a1=v1 AND a3=v1 - Does not match (a6=v1, a1=v3, a3=v1)
*   **R9:** a3=v1 AND a5=v3 AND a4=v2 AND a2=v2 - Does not match (a3=v1, a5=v3, a4=v2, a2=v2)
*   **R10:** a1=v2 AND a2=v3 AND a5=v3 AND a3=v1 - Does not match (a1=v3, a2=v2, a5=v3, a3=v1)

None of the rules match the query.

ANSWER: None"
exp2_f071_N0,2,N0,R5,a1=v3 AND a6=v1 AND a4=v3 AND a2=v3,True,,,"Let's analyze the rules against the query:

*   **R1:** a6=v3 AND a3=v1 AND a4=v3 AND a1=v3.  This fails because a3=v1 and a6=v1.
*   **R2:** a3=v1 AND a5=v2 AND a1=v3 AND a2=v3. This fails because a5=v3 and a2=v3.
*   **R3:** a5=v1 AND a6=v2. This fails because a6=v1.
*   **R4:** a5=v2 AND a3=v1 AND a1=v3 AND a6=v1. This fails because a5=v3 and a6=v1.
*   **R5:** a1=v3 AND a6=v1 AND a4=v3 AND a2=v3. This fails because a2=v3.
*   **R6:** a4=v1 AND a3=v1 AND a6=v1. This fails because a4=v3 and a6=v1.
*   **R7:** a1=v2 AND a3=v1 AND a5=v3 AND a2=v3. This fails because a1=v3 and a2=v3.
*   **R8:** a5=v2 AND a2=v2 AND a6=v1 AND a1=v3. This fails because a5=v3 and a2=v3.
*   **R9:** a3=v1 AND a1=v1 AND a4=v3 AND a6=v1. This fails because a3=v3 and a1=v3.
*   **R10:** a2=v2 AND a5=v1 AND a1=v3 AND a3=v3. This fails because a2=v3.

None of the rules apply.

ANSWER: None"
exp2_f071_N1,2,N1,R5,a1=v3 AND a6=v1 AND a4=v3 AND a2=v3,True,,,"Let's evaluate each rule against the query:

*   **R1:** a6=v3 AND a3=v1 AND a4=v3 AND a1=v3.  This fails because a3=v1 and a6=v3, not v3.
*   **R2:** a3=v1 AND a5=v2 AND a1=v3 AND a2=v3. This fails because a3=v3 and a5=v3, not v2 and a2=v3, not v3.
*   **R3:** a5=v1 AND a6=v2. This fails because a5=v3 and a6=v1, not v2.
*   **R4:** a5=v2 AND a3=v1 AND a1=v3 AND a6=v1. This fails because a5=v3 and a6=v1, not v2 and a3=v3, not v1.
*   **R5:** a1=v3 AND a6=v1 AND a4=v3 AND a2=v3. This fails because a2=v3, not v3.
*   **R6:** a4=v1 AND a3=v1 AND a6=v1. This fails because a4=v3, a3=v3 and a6=v1, not v1.
*   **R7:** a1=v2 AND a3=v1 AND a5=v3 AND a2=v3. This fails because a1=v3, not v2 and a5=v3, not v3.
*   **R8:** a5=v2 AND a2=v2 AND a6=v1 AND a1=v3. This fails because a5=v3 and a2=v3, not v2 and a6=v1, not v1.
*   **R9:** a1=v3 AND a6=v1 AND a4=v2 AND a2=v3. This fails because a4=v3, not v2 and a2=v3, not v3.
*   **R10:** a2=v2 AND a5=v1 AND a1=v3 AND a3=v3. This fails because a2=v3, not v2 and a5=v3, not v1.

None of the rules apply.

ANSWER: None"
exp2_f072_N0,2,N0,R10,a4=v3 AND a5=v1 AND a2=v3 AND a6=v1,True,,,"Let's analyze the rules against the query:

*   **R1:** a3=v3 AND a2=v1 AND a6=v1 AND a4=v3.  This fails because a2=v3, not v1.
*   **R2:** a6=v2 AND a1=v1 AND a5=v1 AND a3=v2. This fails because a1=v2, not v1.
*   **R3:** a4=v2 AND a1=v1 AND a2=v3 AND a5=v1. This fails because a4=v3, not v2.
*   **R4:** a6=v2 AND a5=v2. This fails because a6=v1, not v2.
*   **R5:** a3=v3 AND a4=v1 AND a5=v1 AND a1=v2. This fails because a4=v3, not v1.
*   **R6:** a3=v3 AND a5=v3 AND a1=v2 AND a4=v3. This fails because a5=v1, not v3.
*   **R7:** a3=v3 AND a6=v2 AND a2=v3 AND a4=v3. This fails because a6=v1, not v2.
*   **R8:** a5=v3 AND a6=v2 AND a3=v2. This fails because a5=v1, not v3.
*   **R9:** a5=v3 AND a2=v1 AND a3=v2 AND a1=v2. This fails because a5=v1, not v3.
*   **R10:** a4=v3 AND a5=v1 AND a2=v3 AND a6=v1. This fails because a5=v1, not v3.

None of the rules apply.

ANSWER: None"
exp2_f072_N1,2,N1,R10,a4=v3 AND a5=v1 AND a2=v3 AND a6=v1,True,,,"Let's evaluate the rules against the query:

*   **R1:** a3=v3 AND a2=v1 AND a6=v1 AND a4=v3.  This fails because a2=v3 and a3=v2.
*   **R2:** a6=v2 AND a1=v1 AND a5=v1 AND a3=v2. This fails because a6=v1 and a1=v2.
*   **R3:** a4=v2 AND a1=v1 AND a2=v3 AND a5=v1. This fails because a4=v3 and a2=v3.
*   **R4:** a6=v2 AND a5=v2. This fails because a6=v1 and a5=v1.
*   **R5:** a3=v3 AND a4=v1 AND a5=v1 AND a1=v2. This fails because a4=v3 and a1=v2.
*   **R6:** a4=v3 AND a5=v1 AND a2=v3 AND a6=v2. This fails because a6=v1.
*   **R7:** a3=v3 AND a6=v2 AND a2=v3 AND a4=v3. This fails because a6=v1.
*   **R8:** a5=v3 AND a6=v2 AND a3=v2. This fails because a5=v1 and a6=v1.
*   **R9:** a5=v3 AND a2=v1 AND a3=v2 AND a1=v2. This fails because a5=v1 and a2=v3.
*   **R10:** a4=v3 AND a5=v1 AND a2=v3 AND a6=v1. This fails because a2=v3 and a6=v1.

None of the rules apply.

ANSWER: None"
exp2_f072_N4,2,N4,R10,a4=v3 AND a5=v1 AND a2=v3 AND a6=v1,True,,,"Let's analyze the rules against the query:

*   **R1:** a4=v3 AND a5=v2 AND a2=v3 AND a6=v1.  This fails because a5 is not v2.
*   **R2:** a6=v2 AND a1=v1 AND a5=v1 AND a3=v2. This fails because a6 is not v2.
*   **R3:** a4=v2 AND a5=v1 AND a2=v3 AND a6=v1. This fails because a4 is not v2.
*   **R4:** a6=v2 AND a5=v2. This fails because a6 is not v2.
*   **R5:** a3=v3 AND a4=v1 AND a5=v1 AND a1=v2. This fails because a4 is not v1.
*   **R6:** a4=v3 AND a5=v1 AND a2=v3 AND a6=v2. This fails because a6 is not v2.
*   **R7:** a4=v3 AND a5=v1 AND a2=v1 AND a6=v1. This fails because a2 is not v1.
*   **R8:** a3=v3 AND a4=v1 AND a5=v1 AND a1=v2. This fails because a4 is not v1.
*   **R9:** a5=v3 AND a2=v1 AND a3=v2 AND a1=v2. This fails because a5 is not v3.
*   **R10:** a4=v3 AND a5=v1 AND a2=v3 AND a6=v1. This fails because a5 is not v2.

None of the rules apply.

ANSWER: None"
exp2_f075_N4,2,N4,R7,a3=v3 AND a4=v3 AND a5=v1 AND a2=v2,True,,,"Let's analyze the rules against the query:

*   **R1:** a3=v3 AND a4=v3 AND a5=v1 AND a2=v3.  This fails because a2=v2 in the query, not v3.
*   **R2:** a5=v2 AND a2=v1. This fails because a5=v1 and a2=v2 in the query.
*   **R3:** a2=v3 AND a1=v2 AND a4=v3. This fails because a2=v2 and a1=v3 in the query.
*   **R4:** a6=v3 AND a3=v1 AND a1=v3 AND a5=v1. This fails because a3=v3 and a6=v1 in the query.
*   **R5:** a6=v2 AND a2=v3 AND a1=v3 AND a4=v3. This fails because a6=v1 and a2=v2 in the query.
*   **R6:** a3=v3 AND a4=v2 AND a5=v1 AND a2=v2. This fails because a4=v3 and a2=v2 in the query.
*   **R7:** a3=v3 AND a4=v3 AND a5=v1 AND a2=v2. This fails because a2=v2 in the query.
*   **R8:** a3=v2 AND a4=v3 AND a5=v1 AND a2=v2. This fails because a3=v3 in the query.
*   **R9:** a3=v3 AND a4=v3 AND a5=v2 AND a2=v2. This fails because a5=v1 in the query.
*   **R10:** a4=v1 AND a5=v3 AND a6=v1 AND a1=v3. This fails because a4=v3 and a5=v1 in the query.

None of the rules apply.

ANSWER: None"
exp2_f076_N1,2,N1,R3,a5=v3 AND a4=v2 AND a2=v2 AND a1=v1,True,,,"Let's analyze the rules against the query:

*   **R1:** a2=v1 AND a1=v2 AND a3=v2 AND a6=v1.  This fails because a2=v2 and a1=v1.
*   **R2:** a5=v3 AND a4=v3 AND a2=v2 AND a1=v1. This fails because a5=v3 and a4=v2.
*   **R3:** a5=v3 AND a4=v2 AND a2=v2 AND a1=v1. This fails because a5=v3 and a4=v2.
*   **R4:** a3=v3 AND a4=v3 AND a2=v2 AND a1=v1. This fails because a3=v2 and a4=v2.
*   **R5:** a4=v1 AND a5=v2 AND a3=v2 AND a1=v1. This fails because a4=v2 and a5=v3.
*   **R6:** a2=v3 AND a6=v2 AND a1=v1 AND a3=v2. This fails because a2=v2 and a6=v1.
*   **R7:** a5=v1 AND a4=v1. This fails because a5=v3 and a4=v2.
*   **R8:** a3=v3 AND a6=v2 AND a4=v2 AND a1=v1. This fails because a3=v2 and a6=v1.
*   **R9:** a1=v3 AND a4=v1 AND a2=v2 AND a6=v1. This fails because a1=v1 and a2=v2.
*   **R10:** a5=v1 AND a1=v3 AND a6=v1. This fails because a5=v3 and a1=v1.

None of the rules apply.

ANSWER: None"
exp2_f077_N0,2,N0,R9,a5=v2 AND a2=v3 AND a3=v3 AND a1=v3,False,,,"Let's analyze the rules against the query:

*   **R1:** a5=v1 AND a6=v2.  This fails because a6=v1, not v2.
*   **R2:** a1=v2 AND a2=v2 AND a4=v2 AND a6=v1. This fails because a1=v3, a2=v3, and a4=v2.
*   **R3:** a5=v1 AND a2=v2 AND a1=v3 AND a3=v3. This rule matches: a1=v3, a2=v3, a3=v3, a5=v2, a6=v1.  However, a2=v2 is false.
*   **R4:** a5=v3 AND a4=v3 AND a6=v1 AND a1=v3. This fails because a5=v2, a4=v2, and a1=v3.
*   **R5:** a5=v1 AND a3=v1 AND a6=v1. This fails because a5=v2 and a3=v3.
*   **R6:** a4=v3 AND a6=v3 AND a1=v3 AND a3=v3. This fails because a4=v2 and a6=v1.
*   **R7:** a3=v2 AND a1=v1 AND a6=v1 AND a2=v3. This fails because a3=v3, a1=v3, and a6=v1.
*   **R8:** a2=v2 AND a3=v2 AND a5=v2 AND a4=v2. This fails because a2=v3, a3=v3, a5=v2, and a4=v2.
*   **R9:** a5=v2 AND a2=v3 AND a3=v3 AND a1=v3. This rule matches: a1=v3, a2=v3, a3=v3, a5=v2, a6=v1. However, a5=v2 is false.
*   **R10:** a1=v1 AND a3=v1 AND a5=v2 AND a2=v3. This fails because a1=v3, a3=v3, a5=v2, and a2=v3.

None of the rules match the query exactly.

ANSWER: None"
exp2_f077_N1,2,N1,R9,a5=v2 AND a2=v3 AND a3=v3 AND a1=v3,True,,,"Let's analyze the rules against the query:

*   **R1:** a5=v1 AND a6=v2.  This fails because a6=v1, not v2.
*   **R2:** a1=v2 AND a2=v2 AND a4=v2 AND a6=v1. This fails because a1=v3, a2=v3, and a6=v1.
*   **R3:** a5=v1 AND a2=v2 AND a1=v3 AND a3=v3. This fails because a5=v2.
*   **R4:** a5=v2 AND a2=v1 AND a3=v3 AND a1=v3. This fails because a2=v3, a5=v2.
*   **R5:** a5=v1 AND a3=v1 AND a6=v1. This fails because a5=v2 and a3=v3.
*   **R6:** a4=v3 AND a6=v3 AND a1=v3 AND a3=v3. This fails because a4=v2, a6=v1, a1=v3, and a3=v3.
*   **R7:** a3=v2 AND a1=v1 AND a6=v1 AND a2=v3. This fails because a3=v3, a1=v3, and a6=v1.
*   **R8:** a2=v2 AND a3=v2 AND a5=v2 AND a4=v2. This fails because a2=v3, a3=v3, a5=v2, and a4=v2.
*   **R9:** a5=v2 AND a2=v3 AND a3=v3 AND a1=v3. This fails because a5=v2, a2=v3, a3=v3, and a1=v3.
*   **R10:** a1=v1 AND a3=v1 AND a5=v2 AND a2=v3. This fails because a1=v3, a3=v3, a5=v2, and a2=v3.

None of the rules apply.

ANSWER: None"
exp2_f080_N0,2,N0,R10,a2=v1 AND a5=v1 AND a4=v2 AND a6=v2,True,,,"Let's analyze the rules against the query:

*   **R1:** a6=v1 AND a5=v3 AND a3=v2.  This fails because a5 is not v3 and a6 is not v1.
*   **R2:** a3=v1 AND a5=v3 AND a1=v3 AND a2=v1. This fails because a3 is not v1 and a5 is not v3.
*   **R3:** a5=v3 AND a1=v1 AND a4=v2 AND a6=v2. This fails because a5 is not v3 and a1 is not v1.
*   **R4:** a4=v3 AND a1=v2 AND a5=v1 AND a3=v2. This fails because a4 is not v3 and a1 is not v2.
*   **R5:** a3=v1 AND a5=v2. This fails because a3 is not v1.
*   **R6:** a2=v3 AND a6=v3 AND a4=v2 AND a3=v2. This fails because a2 is not v3 and a6 is not v3.
*   **R7:** a5=v2 AND a6=v3 AND a4=v2 AND a1=v3. This fails because a5 is not v2 and a6 is not v3.
*   **R8:** a3=v3 AND a5=v2 AND a6=v2 AND a2=v1. This fails because a3 is not v3.
*   **R9:** a4=v1 AND a1=v1 AND a5=v1 AND a6=v2. This fails because a4 is not v1 and a1 is not v1.
*   **R10:** a2=v1 AND a5=v1 AND a4=v2 AND a6=v2. This fails because a2 is not v1.

None of the rules apply.

ANSWER: None"
exp2_f080_N1,2,N1,R10,a2=v1 AND a5=v1 AND a4=v2 AND a6=v2,True,,,"Let's evaluate each rule against the query:

*   **R1:** a6=v1 AND a5=v3 AND a3=v2.  This fails because a5 is not v3 and a6 is not v1.
*   **R2:** a2=v1 AND a5=v1 AND a4=v1 AND a6=v2. This fails because a4 is not v1.
*   **R3:** a5=v3 AND a1=v1 AND a4=v2 AND a6=v2. This fails because a5 is not v3 and a1 is not v1.
*   **R4:** a4=v3 AND a1=v2 AND a5=v1 AND a3=v2. This fails because a4 is not v3.
*   **R5:** a3=v1 AND a5=v2. This fails because a3 is not v1.
*   **R6:** a2=v3 AND a6=v3 AND a4=v2 AND a3=v2. This fails because a2 is not v3.
*   **R7:** a5=v2 AND a6=v3 AND a4=v2 AND a1=v3. This fails because a6 is not v3 and a1 is not v3.
*   **R8:** a3=v3 AND a5=v2 AND a6=v2 AND a2=v1. This fails because a3 is not v3.
*   **R9:** a4=v1 AND a1=v1 AND a5=v1 AND a6=v2. This fails because a4 is not v1.
*   **R10:** a2=v1 AND a5=v1 AND a4=v2 AND a6=v2. This fails because a4 is not v2.

Since none of the rules apply, we return an empty string.

ANSWER: 

"
exp2_f080_N2,2,N2,R10,a2=v1 AND a5=v1 AND a4=v2 AND a6=v2,True,,,"Let's analyze the rules against the query:

*   **R1:** a6=v1 AND a5=v3 AND a3=v2.  This fails because a6=v2, a5=v1, and a3=v2.
*   **R2:** a2=v1 AND a5=v1 AND a4=v1 AND a6=v2. This fails because a2=v1, a5=v1, a4=v2, and a6=v2.
*   **R3:** a5=v3 AND a1=v1 AND a4=v2 AND a6=v2. This fails because a5=v1, a1=v3, a4=v2, and a6=v2.
*   **R4:** a2=v1 AND a5=v2 AND a4=v2 AND a6=v2. This fails because a2=v1, a5=v1, a4=v2, and a6=v2.
*   **R5:** a3=v1 AND a5=v2. This fails because a3=v2, a5=v1.
*   **R6:** a2=v3 AND a6=v3 AND a4=v2 AND a3=v2. This fails because a2=v1, a6=v2, a4=v2, and a3=v2.
*   **R7:** a5=v2 AND a6=v3 AND a4=v2 AND a1=v3. This fails because a5=v1, a6=v2, a4=v2, and a1=v3.
*   **R8:** a3=v3 AND a5=v2 AND a6=v2 AND a2=v1. This fails because a3=v2, a5=v1, a6=v2, and a2=v1.
*   **R9:** a4=v1 AND a1=v1 AND a5=v1 AND a6=v2. This fails because a4=v2, a1=v3, a5=v1, and a6=v2.
*   **R10:** a2=v1 AND a5=v1 AND a4=v2 AND a6=v2. This fails because a2=v1, a5=v1, a4=v2, and a6=v2.

None of the rules apply.

ANSWER: None"
exp2_f081_N0,2,N0,R5,a2=v2 AND a4=v3 AND a6=v3 AND a1=v2,True,,,"Let's analyze the rules against the query:

*   **R1:** a6=v2 AND a5=v2 AND a3=v2 - Does not match (a6=v3, a5=v1, a3=v2)
*   **R2:** a4=v2 AND a5=v3 AND a6=v3 AND a3=v2 - Does not match (a4=v3, a5=v1, a6=v3, a3=v2)
*   **R3:** a6=v2 AND a2=v1 AND a3=v2 AND a5=v1 - Does not match (a6=v3, a2=v2, a3=v2, a5=v1)
*   **R4:** a6=v1 AND a4=v1 AND a5=v1 AND a1=v2 - Does not match (a6=v3, a4=v3, a5=v1, a1=v2)
*   **R5:** a2=v2 AND a4=v3 AND a6=v3 AND a1=v2 - Does not match (a2=v2, a4=v3, a6=v3, a1=v2)
*   **R6:** a3=v1 AND a2=v3 AND a5=v1 AND a4=v3 - Does not match (a3=v2, a2=v2, a5=v1, a4=v3)
*   **R7:** a1=v3 AND a5=v2 AND a4=v3 AND a3=v2 - Does not match (a1=v2, a5=v1, a4=v3, a3=v2)
*   **R8:** a6=v2 AND a4=v1 AND a5=v1 AND a3=v2 - Does not match (a6=v3, a4=v3, a5=v1, a3=v2)
*   **R9:** a2=v1 AND a1=v1 AND a5=v1 AND a3=v2 - Does not match (a2=v2, a1=v2, a5=v1, a3=v2)
*   **R10:** a5=v2 AND a4=v1 - Does not match (a5=v1, a4=v3)

None of the rules match the query.

ANSWER: None"
exp2_f081_N1,2,N1,R5,a2=v2 AND a4=v3 AND a6=v3 AND a1=v2,True,,,"Let's analyze the rules against the query:

*   **R1:** a6=v2 AND a5=v2 AND a3=v2 - Does not match (a6=v3, a5=v1, a3=v2)
*   **R2:** a4=v2 AND a5=v3 AND a6=v3 AND a3=v2 - Does not match (a4=v3, a5=v1, a6=v3, a3=v2)
*   **R3:** a6=v2 AND a2=v1 AND a3=v2 AND a5=v1 - Does not match (a6=v3, a2=v2, a3=v2, a5=v1)
*   **R4:** a6=v1 AND a4=v1 AND a5=v1 AND a1=v2 - Does not match (a6=v3, a4=v3, a5=v1, a1=v2)
*   **R5:** a2=v2 AND a4=v3 AND a6=v3 AND a1=v2 - Does not match (a2=v2, a4=v3, a6=v3, a1=v2)
*   **R6:** a3=v1 AND a2=v3 AND a5=v1 AND a4=v3 - Does not match (a3=v2, a2=v2, a5=v1, a4=v3)
*   **R7:** a1=v3 AND a5=v2 AND a4=v3 AND a3=v2 - Does not match (a1=v2, a5=v1, a4=v3, a3=v2)
*   **R8:** a6=v2 AND a4=v1 AND a5=v1 AND a3=v2 - Does not match (a6=v3, a4=v3, a5=v1, a3=v2)
*   **R9:** a2=v2 AND a4=v2 AND a6=v3 AND a1=v2 - Does not match (a2=v2, a4=v3, a6=v3, a1=v2)
*   **R10:** a5=v2 AND a4=v1 - Does not match (a5=v1, a4=v3)

None of the rules match the query.

ANSWER: None"
exp2_f081_N2,2,N2,R5,a2=v2 AND a4=v3 AND a6=v3 AND a1=v2,True,,,"Let's analyze the rules against the query:

*   **R1:** a6=v2 AND a5=v2 AND a3=v2 - Does not match (a6=v3, a5=v1, a3=v2)
*   **R2:** a4=v2 AND a5=v3 AND a6=v3 AND a3=v2 - Does not match (a4=v3, a5=v1, a6=v3, a3=v2)
*   **R3:** a6=v2 AND a2=v1 AND a3=v2 AND a5=v1 - Does not match (a6=v3, a2=v2, a3=v2, a5=v1)
*   **R4:** a2=v3 AND a4=v3 AND a6=v3 AND a1=v2 - Does not match (a2=v2, a4=v3, a6=v3, a1=v2)
*   **R5:** a2=v2 AND a4=v3 AND a6=v3 AND a1=v2 - Does not match (a2=v2, a4=v3, a6=v3, a1=v2)
*   **R6:** a3=v1 AND a2=v3 AND a5=v1 AND a4=v3 - Does not match (a3=v2, a2=v2, a5=v1, a4=v3)
*   **R7:** a1=v3 AND a5=v2 AND a4=v3 AND a3=v2 - Does not match (a1=v2, a5=v1, a4=v3, a3=v2)
*   **R8:** a6=v2 AND a4=v1 AND a5=v1 AND a3=v2 - Does not match (a6=v3, a4=v3, a5=v1, a3=v2)
*   **R9:** a2=v2 AND a4=v2 AND a6=v3 AND a1=v2 - Does not match (a2=v2, a4=v3, a6=v3, a1=v2)
*   **R10:** a5=v2 AND a4=v1 - Does not match (a5=v1, a4=v3)

None of the rules match the query.

ANSWER: None"
exp2_f082_N0,2,N0,R8,a4=v2 AND a5=v2 AND a3=v1 AND a2=v3,True,,,"Let's analyze the rules against the query:

*   **R1:** a3=v2 AND a2=v2 AND a6=v3 AND a4=v2.  This fails because a3=v1, a2=v3, and a6=v3.
*   **R2:** a6=v2 AND a5=v1 AND a3=v1 AND a1=v2. This fails because a6=v3, a5=v2, a3=v1, and a1=v2.
*   **R3:** a4=v1 AND a1=v3 AND a2=v3 AND a3=v1. This fails because a4=v2, a1=v2, a2=v3, and a3=v1.
*   **R4:** a3=v3 AND a2=v1 AND a6=v3 AND a5=v2. This fails because a3=v1, a2=v3, a6=v3, and a5=v2.
*   **R5:** a2=v1 AND a5=v1 AND a1=v2 AND a6=v3. This fails because a2=v3, a5=v2, a1=v2, and a6=v3.
*   **R6:** a5=v1 AND a1=v3 AND a3=v1 AND a4=v2. This fails because a5=v2, a1=v2, a3=v1, and a4=v2.
*   **R7:** a3=v3 AND a2=v2 AND a6=v3 AND a5=v2. This fails because a3=v1, a2=v3, a6=v3, and a5=v2.
*   **R8:** a4=v2 AND a5=v2 AND a3=v1 AND a2=v3. This fails because a4=v2, a5=v2, a3=v1, and a2=v3.
*   **R9:** a6=v1 AND a1=v3 AND a2=v3 AND a3=v1. This fails because a6=v3, a1=v2, a2=v3, and a3=v1.
*   **R10:** a4=v1 AND a2=v1 AND a6=v3. This fails because a4=v2, a2=v3, and a6=v3.

None of the rules apply.

ANSWER: None"
exp2_f082_N1,2,N1,R8,a4=v2 AND a5=v2 AND a3=v1 AND a2=v3,True,,,"Let's analyze the rules against the query:

*   **R1:** a3=v2 AND a2=v2 AND a6=v3 AND a4=v2.  This fails because a3=v1, a2=v3, a6=v3, and a4=v2.
*   **R2:** a4=v2 AND a5=v2 AND a3=v1 AND a2=v1. This fails because a3=v1, a2=v3, a4=v2, and a5=v2.
*   **R3:** a4=v1 AND a1=v3 AND a2=v3 AND a3=v1. This fails because a4=v2, a1=v2, a2=v3, and a3=v1.
*   **R4:** a3=v3 AND a2=v1 AND a6=v3 AND a5=v2. This fails because a3=v1, a2=v3, a6=v3, and a5=v2.
*   **R5:** a2=v1 AND a5=v1 AND a1=v2 AND a6=v3. This fails because a2=v3, a5=v2, a1=v2, and a6=v3.
*   **R6:** a5=v1 AND a1=v3 AND a3=v1 AND a4=v2. This fails because a5=v2, a1=v2, a3=v1, and a4=v2.
*   **R7:** a5=v3 AND a2=v2. This fails because a5=v2 and a2=v3.
*   **R8:** a4=v2 AND a5=v2 AND a3=v1 AND a2=v3. This fails because a4=v2, a5=v2, a3=v1, and a2=v3.
*   **R9:** a6=v1 AND a1=v3 AND a2=v3 AND a3=v1. This fails because a6=v3, a1=v2, a2=v3, and a3=v1.
*   **R10:** a4=v1 AND a2=v1 AND a6=v3. This fails because a4=v2, a2=v3, and a6=v3.

None of the rules apply.

ANSWER: None"
exp2_f082_N2,2,N2,R8,a4=v2 AND a5=v2 AND a3=v1 AND a2=v3,True,,,"Let's analyze the rules against the query:

*   **R1:** a3=v2 AND a2=v2 AND a6=v3 AND a4=v2.  This fails because a3=v1, a2=v3, a6=v3, and a4=v2.
*   **R2:** a4=v2 AND a5=v2 AND a3=v1 AND a2=v1. This fails because a3=v1, a2=v3, a4=v2, and a5=v2.
*   **R3:** a4=v1 AND a1=v3 AND a2=v3 AND a3=v1. This fails because a4=v2, a1=v2, a2=v3, and a3=v1.
*   **R4:** a3=v3 AND a2=v1 AND a6=v3 AND a5=v2. This fails because a3=v1, a2=v3, a6=v3, and a5=v2.
*   **R5:** a2=v1 AND a5=v1 AND a1=v2 AND a6=v3. This fails because a2=v3, a5=v2, a1=v2, and a6=v3.
*   **R6:** a4=v2 AND a5=v3 AND a3=v1 AND a2=v3. This fails because a4=v2, a5=v2, a3=v1, and a2=v3.
*   **R7:** a2=v1 AND a5=v1. This fails because a2=v3 and a5=v2.
*   **R8:** a4=v2 AND a5=v2 AND a3=v1 AND a2=v3. This fails because a4=v2, a5=v2, a3=v1, and a2=v3.
*   **R9:** a6=v1 AND a1=v3 AND a2=v3 AND a3=v1. This fails because a6=v3, a1=v2, a2=v3, and a3=v1.
*   **R10:** a4=v1 AND a2=v1 AND a6=v3. This fails because a4=v2, a2=v3, and a6=v3.

None of the rules apply.

ANSWER: None"
exp2_f082_N4,2,N4,R8,a4=v2 AND a5=v2 AND a3=v1 AND a2=v3,True,,,"Let's analyze the rules against the query:

*   **R1:** a3=v2 AND a2=v2 AND a6=v3 AND a4=v2.  This fails because a3=v1, a2=v3, and a6=v3.
*   **R2:** a4=v2 AND a5=v2 AND a3=v1 AND a2=v1. This fails because a2=v3, a3=v1, a4=v2, and a5=v2.
*   **R3:** a4=v2 AND a5=v2 AND a3=v3 AND a2=v3. This fails because a3=v1, a4=v2, a5=v2, and a2=v3.
*   **R4:** a4=v3 AND a5=v2 AND a3=v1 AND a2=v3. This fails because a4=v2, a5=v2, a3=v1, and a2=v3.
*   **R5:** a2=v1 AND a5=v1 AND a1=v2 AND a6=v3. This fails because a2=v3, a5=v2, a1=v2, and a6=v3.
*   **R6:** a4=v2 AND a5=v3 AND a3=v1 AND a2=v3. This fails because a4=v2, a5=v2, a3=v1, and a2=v3.
*   **R7:** a5=v3 AND a2=v2. This fails because a5=v2 and a2=v3.
*   **R8:** a4=v2 AND a5=v2 AND a3=v1 AND a2=v3. This fails because a4=v2, a5=v2, a3=v1, and a2=v3.
*   **R9:** a6=v1 AND a1=v3 AND a2=v3 AND a3=v1. This fails because a6=v3, a1=v2, a2=v3, and a3=v1.
*   **R10:** a4=v1 AND a2=v1 AND a6=v3. This fails because a4=v2, a2=v3, and a6=v3.

None of the rules apply.

ANSWER: None"
exp2_f084_N0,2,N0,R5,a3=v2 AND a6=v1 AND a2=v1 AND a4=v2,True,,,"Let's analyze the rules against the query:

*   **R1:** a4=v1 AND a6=v2 AND a5=v2 AND a3=v2.  This fails because a4=v1 and a6=v1, not v2.
*   **R2:** a2=v2 AND a3=v3 AND a4=v2 AND a5=v2. This fails because a2=v1 and a3=v2, not v3.
*   **R3:** a6=v2 AND a3=v1 AND a1=v2 AND a4=v2. This fails because a6=v1 and a3=v2, not v2.
*   **R4:** a6=v3 AND a1=v1 AND a3=v2. This fails because a6=v1 and a1=v2, not v1.
*   **R5:** a3=v2 AND a6=v1 AND a2=v1 AND a4=v2. This fails because a2=v1 and a6=v1, but a2 should be v1.
*   **R6:** a6=v3 AND a3=v1. This fails because a6=v1 and a3=v2, not v3.
*   **R7:** a1=v1 AND a2=v3 AND a4=v2 AND a6=v1. This fails because a2=v1 and a6=v1, but a2 should be v3.
*   **R8:** a5=v3 AND a3=v1 AND a4=v2 AND a1=v2. This fails because a5=v2 and a3=v2, but a5 should be v3.
*   **R9:** a6=v3 AND a1=v3 AND a5=v2 AND a3=v2. This fails because a6=v1 and a1=v2, not v3.
*   **R10:** a1=v3 AND a4=v3 AND a5=v2 AND a6=v1. This fails because a1=v2 and a4=v2, not v3.

None of the rules apply.

ANSWER: None"
exp2_f084_N1,2,N1,R5,a3=v2 AND a6=v1 AND a2=v1 AND a4=v2,True,,,"Let's analyze the rules against the query:

*   **R1:** a4=v1 AND a6=v2 AND a5=v2 AND a3=v2.  This fails because a4=v2, not v1, and a6=v1, not v2.
*   **R2:** a2=v2 AND a3=v3 AND a4=v2 AND a5=v2. This fails because a3=v2, not v3, and a2=v1, not v2.
*   **R3:** a6=v2 AND a3=v1 AND a1=v2 AND a4=v2. This fails because a6=v1, not v2, and a3=v2, not v1.
*   **R4:** a6=v3 AND a1=v1 AND a3=v2. This fails because a6=v1, not v3, and a1=v2, not v1.
*   **R5:** a3=v2 AND a6=v1 AND a2=v1 AND a4=v2. This fails because a6=v1, not v2, and a2=v1, not v1.
*   **R6:** a6=v3 AND a3=v1. This fails because a6=v1, not v3, and a3=v2, not v1.
*   **R7:** a3=v1 AND a6=v1 AND a2=v1 AND a4=v2. This fails because a3=v2, not v1, and a6=v1, not v1.
*   **R8:** a5=v3 AND a3=v1 AND a4=v2 AND a1=v2. This fails because a5=v2, not v3, and a3=v2, not v1.
*   **R9:** a3=v2 AND a6=v1 AND a5=v2 AND a4=v2. This fails because a3=v2, not v1, and a6=v1, not v2.
*   **R10:** a1=v3 AND a4=v3 AND a5=v2 AND a6=v1. This fails because a1=v2, not v3, and a4=v2, not v3.

None of the rules apply.

ANSWER: None"
exp2_f085_N0,2,N0,R6,a3=v2 AND a4=v1 AND a1=v2 AND a6=v3,True,,,"Let's analyze the rules against the query:

*   **R1:** a2=v2 AND a1=v1 AND a3=v2 AND a5=v3.  This fails because a2=v3, a1=v2, and a5=v3.
*   **R2:** a5=v1 AND a1=v1. This fails because a5=v3 and a1=v2.
*   **R3:** a3=v1 AND a1=v3 AND a4=v1 AND a5=v3. This fails because a3=v2, a1=v2, a4=v1, and a5=v3.
*   **R4:** a4=v3 AND a6=v2 AND a1=v2 AND a3=v2. This fails because a4=v1, a6=v3, a1=v2, and a3=v2.
*   **R5:** a6=v1 AND a5=v1 AND a2=v3 AND a3=v2. This fails because a6=v3, a5=v3, a2=v3, and a3=v2.
*   **R6:** a3=v2 AND a4=v1 AND a1=v2 AND a6=v3. This fails because a3=v2, a4=v1, a1=v2, and a6=v3.
*   **R7:** a5=v2 AND a4=v2 AND a1=v2 AND a6=v3. This fails because a5=v3, a4=v1, a1=v2, and a6=v3.
*   **R8:** a4=v2 AND a5=v1 AND a2=v3. This fails because a4=v1, a5=v3, and a2=v3.
*   **R9:** a1=v1 AND a2=v2 AND a4=v1 AND a3=v2. This fails because a1=v2, a2=v3, a4=v1, and a3=v2.
*   **R10:** a5=v1 AND a1=v1 AND a2=v3 AND a3=v2. This fails because a5=v3, a1=v2, a2=v3, and a3=v2.

None of the rules apply.

ANSWER: None"
exp2_f085_N4,2,N4,R6,a3=v2 AND a4=v1 AND a1=v2 AND a6=v3,True,,,"Let's analyze the rules against the query:

*   **R1:** a2=v2 AND a1=v1 AND a3=v2 AND a5=v3.  This fails because a2=v3, a1=v2, and a5=v3.
*   **R2:** a5=v1 AND a1=v1. This fails because a5=v3 and a1=v2.
*   **R3:** a3=v3 AND a4=v1 AND a1=v2 AND a6=v3. This fails because a3=v2, a4=v1, a1=v2, and a6=v3.
*   **R4:** a3=v2 AND a4=v1 AND a1=v2 AND a6=v1. This fails because a6=v3.
*   **R5:** a3=v2 AND a4=v2 AND a1=v2 AND a6=v3. This fails because a4=v1.
*   **R6:** a3=v2 AND a4=v1 AND a1=v2 AND a6=v3. This fails because a4=v1.
*   **R7:** a3=v2 AND a4=v1 AND a1=v1 AND a6=v3. This fails because a1=v2.
*   **R8:** a4=v2 AND a5=v1 AND a2=v3. This fails because a4=v1, a5=v3, and a2=v3.
*   **R9:** a1=v1 AND a2=v2 AND a4=v1 AND a3=v2. This fails because a1=v2.
*   **R10:** a5=v1 AND a1=v1 AND a2=v3 AND a3=v2. This fails because a5=v3, a1=v2, a2=v3, and a3=v2.

None of the rules apply.

ANSWER: None"
exp2_f086_N0,2,N0,R8,a3=v1 AND a2=v3 AND a4=v2 AND a1=v1,True,,,"Let's evaluate each rule against the query:

*   **R1:** a4=v1 AND a6=v3 AND a2=v3 AND a1=v1.  This fails because a4=v2, a6=v1, and a2=v3.
*   **R2:** a6=v2 AND a5=v3 AND a4=v2 AND a1=v1. This fails because a6=v1, a5=v1, and a4=v2.
*   **R3:** a3=v2 AND a4=v1 AND a1=v1 AND a6=v1. This fails because a3=v1, a4=v2, and a6=v1.
*   **R4:** a5=v2 AND a4=v1 AND a6=v1 AND a1=v1. This fails because a5=v1, a4=v2, and a6=v1.
*   **R5:** a4=v3 AND a2=v1. This fails because a4=v2 and a2=v3.
*   **R6:** a5=v2 AND a2=v2 AND a4=v2 AND a3=v1. This fails because a5=v1, a2=v3, a4=v2, and a3=v1.
*   **R7:** a1=v3 AND a5=v2 AND a6=v1 AND a3=v1. This fails because a1=v1, a5=v1, a6=v1, and a3=v1.
*   **R8:** a3=v1 AND a2=v3 AND a4=v2 AND a1=v1. This fails because a3=v1, a2=v3, a4=v2, and a1=v1.
*   **R9:** a2=v2 AND a1=v3 AND a6=v1 AND a3=v1. This fails because a2=v3, a1=v1, a6=v1, and a3=v1.
*   **R10:** a1=v2 AND a6=v3 AND a5=v1 AND a4=v2. This fails because a1=v1, a6=v1, a5=v1, and a4=v2.

None of the rules apply.

ANSWER: None"
exp2_f086_N1,2,N1,R8,a3=v1 AND a2=v3 AND a4=v2 AND a1=v1,True,,,"Let's analyze the rules against the query:

*   **R1:** a4=v1 AND a6=v3 AND a2=v3 AND a1=v1.  This fails because a4=v2, a6=v1, and a2=v3.
*   **R2:** a3=v1 AND a2=v1 AND a4=v2 AND a1=v1. This fails because a2=v3.
*   **R3:** a3=v2 AND a4=v1 AND a1=v1 AND a6=v1. This fails because a3=v1.
*   **R4:** a5=v2 AND a4=v1 AND a6=v1 AND a1=v1. This fails because a5=v1.
*   **R5:** a4=v3 AND a2=v1. This fails because a4=v2.
*   **R6:** a5=v2 AND a2=v2 AND a4=v2 AND a3=v1. This fails because a5=v1, a2=v3, and a4=v2.
*   **R7:** a1=v3 AND a5=v2 AND a6=v1 AND a3=v1. This fails because a1=v1, a5=v1, and a3=v1.
*   **R8:** a3=v1 AND a2=v3 AND a4=v2 AND a1=v1. This fails because a2=v3.
*   **R9:** a2=v2 AND a1=v3 AND a6=v1. This fails because a2=v3 and a1=v1.
*   **R10:** a1=v2 AND a6=v3 AND a5=v1 AND a4=v2. This fails because a1=v1, a6=v1, and a5=v1.

None of the rules apply.

ANSWER: None"
exp2_f086_N2,2,N2,R8,a3=v1 AND a2=v3 AND a4=v2 AND a1=v1,True,,,"Let's analyze the rules against the query:

*   **R1:** a4=v1 AND a6=v3 AND a2=v3 AND a1=v1.  This fails because a4=v2, a6=v1, and a2=v3.
*   **R2:** a3=v1 AND a2=v1 AND a4=v2 AND a1=v1. This fails because a2=v3.
*   **R3:** a3=v2 AND a4=v1 AND a1=v1 AND a6=v1. This fails because a3=v1.
*   **R4:** a5=v2 AND a4=v1 AND a6=v1 AND a1=v1. This fails because a5=v1.
*   **R5:** a4=v3 AND a2=v1. This fails because a4=v2.
*   **R6:** a5=v2 AND a2=v2 AND a4=v2 AND a3=v1. This fails because a5=v1, a2=v3, and a4=v2.
*   **R7:** a1=v3 AND a5=v2 AND a6=v1 AND a3=v1. This fails because a1=v1.
*   **R8:** a3=v1 AND a2=v3 AND a4=v2 AND a1=v1. This fails because a2=v3.
*   **R9:** a2=v2 AND a1=v3 AND a6=v1. This fails because a2=v3.
*   **R10:** a3=v1 AND a2=v3 AND a4=v3 AND a1=v1. This fails because a4=v2.

None of the rules apply.

ANSWER: None"
exp2_f086_N4,2,N4,R8,a3=v1 AND a2=v3 AND a4=v2 AND a1=v1,True,,,"Let's analyze the rules against the query:

*   **R1:** a3=v1 AND a2=v3 AND a4=v2 AND a1=v2.  This does *not* match because a1=v1 and a2=v3.
*   **R2:** a3=v1 AND a2=v1 AND a4=v2 AND a1=v1. This does *not* match because a2=v3.
*   **R3:** a3=v2 AND a4=v1 AND a1=v1 AND a6=v1. This does *not* match because a3=v1.
*   **R4:** a3=v3 AND a2=v3 AND a4=v2 AND a1=v1. This does *not* match because a3=v1.
*   **R5:** a4=v3 AND a2=v1. This does *not* match because a4=v2.
*   **R6:** a5=v2 AND a2=v2 AND a4=v2 AND a3=v1. This does *not* match because a5=v1 and a3=v1.
*   **R7:** a1=v3 AND a5=v2 AND a6=v1 AND a3=v1. This does *not* match because a1=v1.
*   **R8:** a3=v1 AND a2=v3 AND a4=v2 AND a1=v1. This does *not* match because a2=v3.
*   **R9:** a2=v2 AND a1=v3 AND a6=v1. This does *not* match because a1=v1.
*   **R10:** a3=v1 AND a2=v3 AND a4=v3 AND a1=v1. This does *not* match because a2=v3.

None of the rules match the query.

ANSWER: None"
exp2_f087_N1,2,N1,R4,a6=v1 AND a1=v2 AND a2=v2 AND a5=v1,True,,,"Let's analyze the rules against the query:

*   **R1:** a6=v2 AND a4=v1 AND a2=v2 AND a5=v1.  This fails because a6=v1 and a4=v2.
*   **R2:** a2=v1 AND a3=v2 AND a6=v1 AND a1=v2. This fails because a2=v2 and a3=v3.
*   **R3:** a2=v3 AND a5=v3 AND a4=v2 AND a1=v2. This fails because a2=v2, a5=v1, and a3=v3.
*   **R4:** a6=v1 AND a1=v2 AND a2=v2 AND a5=v1. This fails because a6=v1 and a5=v1, but a1=v2 and a2=v2.
*   **R5:** a6=v2 AND a1=v2 AND a2=v2 AND a5=v1. This fails because a6=v1.
*   **R6:** a2=v3 AND a4=v3 AND a6=v1 AND a3=v3. This fails because a2=v2, a3=v3, and a4=v2.
*   **R7:** a4=v3 AND a5=v2 AND a6=v1 AND a1=v2. This fails because a4=v2, a5=v1, and a6=v1.
*   **R8:** a2=v3 AND a1=v3. This fails because a2=v2 and a1=v2.
*   **R9:** a2=v1 AND a1=v1 AND a3=v3 AND a5=v1. This fails because a2=v2 and a1=v2.
*   **R10:** a4=v1 AND a2=v3 AND a3=v3. This fails because a4=v2 and a2=v2.

None of the rules apply.

ANSWER: None"
exp2_f087_N2,2,N2,R4,a6=v1 AND a1=v2 AND a2=v2 AND a5=v1,True,,,"Let's analyze the rules against the query:

*   **R1:** a6=v2 AND a4=v1 AND a2=v2 AND a5=v1 - Does not match (a6=v1, a4=v2, a2=v2, a5=v1)
*   **R2:** a2=v1 AND a3=v2 AND a6=v1 AND a1=v2 - Does not match (a2=v2, a3=v3, a6=v1, a1=v2)
*   **R3:** a2=v3 AND a5=v3 AND a4=v2 AND a1=v2 - Does not match (a2=v2, a5=v1, a4=v2, a1=v2)
*   **R4:** a6=v1 AND a1=v2 AND a2=v2 AND a5=v1 - Does not match (a6=v1, a1=v2, a2=v2, a5=v1)
*   **R5:** a6=v2 AND a1=v2 AND a2=v2 AND a5=v1 - Does not match (a6=v1, a1=v2, a2=v2, a5=v1)
*   **R6:** a2=v3 AND a4=v3 AND a6=v1 AND a3=v3 - Does not match (a2=v2, a4=v2, a6=v1, a3=v3)
*   **R7:** a4=v3 AND a5=v2 AND a6=v1 AND a1=v2 - Does not match (a4=v2, a5=v1, a6=v1, a1=v2)
*   **R8:** a2=v3 AND a1=v3 - Does not match (a2=v2, a1=v2)
*   **R9:** a6=v1 AND a1=v2 AND a2=v2 AND a5=v2 - Does not match (a6=v1, a1=v2, a2=v2, a5=v1)
*   **R10:** a4=v1 AND a2=v3 AND a3=v3 - Does not match (a4=v2, a2=v2, a3=v3)

None of the rules match the query.

ANSWER: None"
exp2_f087_N4,2,N4,R4,a6=v1 AND a1=v2 AND a2=v2 AND a5=v1,True,,,"Let's analyze the rules against the query:

*   **R1:** a6=v1 AND a1=v2 AND a2=v1 AND a5=v1.  This fails because a6=v1 but a5=v1, and a2=v1 but a2=v2.
*   **R2:** a2=v1 AND a3=v2 AND a6=v1 AND a1=v2. This fails because a2=v2 but a2=v1, and a3=v3 but a3=v2.
*   **R3:** a2=v3 AND a5=v3 AND a4=v2 AND a1=v2. This fails because a2=v2 but a2=v3, and a5=v1 but a5=v3.
*   **R4:** a6=v1 AND a1=v2 AND a2=v2 AND a5=v1. This fails because a5=v1 but a5=v1, and a2=v2 but a2=v2.
*   **R5:** a6=v2 AND a1=v2 AND a2=v2 AND a5=v1. This fails because a6=v1 but a6=v2.
*   **R6:** a2=v3 AND a4=v3 AND a6=v1 AND a3=v3. This fails because a2=v2 but a2=v3, and a4=v2 but a4=v3.
*   **R7:** a6=v1 AND a1=v3 AND a2=v2 AND a5=v1. This fails because a1=v2 but a1=v3.
*   **R8:** a2=v3 AND a1=v3. This fails because a2=v2 but a2=v3, and a1=v2 but a1=v3.
*   **R9:** a6=v1 AND a1=v2 AND a2=v2 AND a5=v2. This fails because a5=v1 but a5=v2.
*   **R10:** a4=v1 AND a2=v3 AND a3=v3. This fails because a4=v2 but a4=v1.

None of the rules apply.

ANSWER: None"
exp2_f089_N0,2,N0,R1,a6=v3 AND a2=v3 AND a5=v1 AND a4=v3,True,,,"Let's analyze the rules against the query:

*   **R1:** a6=v3 AND a2=v3 AND a5=v1 AND a4=v3.  This fails because a2=v3 is not true.
*   **R2:** a3=v1 AND a6=v2 AND a4=v3 AND a2=v3. This fails because a3=v1 is not true.
*   **R3:** a3=v1 AND a5=v2 AND a4=v3 AND a2=v3. This fails because a3=v1 is not true.
*   **R4:** a6=v1 AND a2=v1 AND a4=v3 AND a1=v1. This fails because a6=v1 is not true.
*   **R5:** a3=v2 AND a4=v2 AND a2=v3 AND a5=v1. This fails because a3=v2 is not true.
*   **R6:** a2=v2 AND a4=v1 AND a1=v1 AND a5=v1. This fails because a2=v2 is not true.
*   **R7:** a6=v2 AND a5=v2 AND a3=v3 AND a2=v3. This fails because a6=v2 is not true.
*   **R8:** a4=v2 AND a1=v2. This fails because a4=v3 and a1=v1.
*   **R9:** a3=v2 AND a1=v2 AND a5=v1 AND a4=v3. This fails because a3=v2 is not true.
*   **R10:** a1=v3 AND a6=v2 AND a2=v3. This fails because a1=v1.

None of the rules apply.

ANSWER: None"
exp2_f090_N4,2,N4,R7,a4=v1 AND a3=v2 AND a5=v2 AND a1=v3,True,,,"Let's analyze the rules against the query:

*   **R1:** a4=v2 AND a2=v2 AND a6=v1 AND a5=v2.  This fails because a4=v1, a2=v1, a6=v1, and a5=v2.
*   **R2:** a4=v2 AND a3=v2 AND a5=v2 AND a1=v3. This fails because a4=v1, a3=v2, a5=v2, and a1=v3.
*   **R3:** a5=v1 AND a2=v3 AND a3=v2 AND a1=v3. This fails because a5=v2, a2=v1, a3=v2, and a1=v3.
*   **R4:** a3=v1 AND a1=v1 AND a4=v1. This fails because a3=v2, a1=v3, and a4=v1.
*   **R5:** a6=v3 AND a5=v3 AND a3=v2 AND a4=v1. This fails because a6=v1, a5=v2, a3=v2, and a4=v1.
*   **R6:** a4=v1 AND a3=v2 AND a5=v3 AND a1=v3. This fails because a4=v1, a3=v2, a5=v2, and a1=v3.
*   **R7:** a4=v1 AND a3=v2 AND a5=v2 AND a1=v3. This fails because a4=v1, a3=v2, a5=v2, and a1=v3.
*   **R8:** a4=v1 AND a3=v3 AND a5=v2 AND a1=v3. This fails because a4=v1, a3=v2, a5=v2, and a1=v3.
*   **R9:** a4=v1 AND a3=v2 AND a5=v2 AND a1=v2. This fails because a4=v1, a3=v2, a5=v2, and a1=v3.
*   **R10:** a3=v1 AND a5=v3. This fails because a3=v2 and a5=v2.

None of the rules apply.

ANSWER: None"
exp2_f091_N0,2,N0,R5,a5=v3 AND a6=v1 AND a2=v2 AND a4=v3,True,,,"Let's analyze the rules against the query:

*   **R1:** a1=v3 AND a4=v2 - Does not match (a1=v1, a4=v3)
*   **R2:** a2=v1 AND a4=v2 AND a3=v1 AND a5=v3 - Does not match (a2=v2, a4=v3, a3=v1, a5=v3)
*   **R3:** a4=v2 AND a3=v3 AND a2=v2 AND a5=v3 - Does not match (a4=v3, a3=v1, a2=v2, a5=v3)
*   **R4:** a2=v1 AND a5=v1 AND a4=v3 - Does not match (a2=v2, a5=v3, a4=v3)
*   **R5:** a5=v3 AND a6=v1 AND a2=v2 AND a4=v3 - Does not match (a5=v3, a6=v1, a2=v2, a4=v3)
*   **R6:** a1=v3 AND a3=v3 AND a5=v3 AND a2=v2 - Does not match (a1=v1, a3=v1, a5=v3, a2=v2)
*   **R7:** a4=v2 AND a5=v1 AND a3=v1 AND a1=v1 - Does not match (a4=v3, a5=v3, a3=v1, a1=v1)
*   **R8:** a5=v2 AND a1=v3 AND a2=v2 AND a3=v1 - Does not match (a5=v3, a1=v1, a2=v2, a3=v1)
*   **R9:** a2=v1 AND a5=v2 AND a1=v1 AND a4=v3 - Does not match (a2=v2, a5=v3, a1=v1, a4=v3)
*   **R10:** a4=v2 AND a2=v3 AND a6=v1 AND a5=v3 - Does not match (a4=v3, a2=v2, a6=v1, a5=v3)

None of the rules match the query.

ANSWER: None"
exp2_f091_N1,2,N1,R5,a5=v3 AND a6=v1 AND a2=v2 AND a4=v3,True,,,"Let's analyze the rules against the query:

*   **R1:** a1=v3 AND a4=v2 - Does not match (a1=v1, a4=v3)
*   **R2:** a5=v3 AND a6=v1 AND a2=v2 AND a4=v2 - Does not match (a5=v3, a6=v1, a2=v2, a4=v3)
*   **R3:** a4=v2 AND a3=v3 AND a2=v2 AND a5=v3 - Does not match (a4=v3, a3=v1, a2=v2, a5=v3)
*   **R4:** a2=v1 AND a5=v1 AND a4=v3 - Does not match (a2=v2, a5=v3, a4=v3)
*   **R5:** a5=v3 AND a6=v1 AND a2=v2 AND a4=v3 - Does not match (a5=v3, a6=v1, a2=v2, a4=v3)
*   **R6:** a1=v3 AND a3=v3 AND a5=v3 AND a2=v2 - Does not match (a1=v1, a3=v1, a5=v3, a2=v2)
*   **R7:** a4=v2 AND a5=v1 AND a3=v1 AND a1=v1 - Does not match (a4=v3, a5=v3, a3=v1, a1=v1)
*   **R8:** a5=v2 AND a1=v3 AND a2=v2 AND a3=v1 - Does not match (a5=v3, a1=v1, a2=v2, a3=v1)
*   **R9:** a2=v1 AND a5=v2 AND a1=v1 AND a4=v3 - Does not match (a2=v2, a5=v3, a1=v1, a4=v3)
*   **R10:** a4=v2 AND a2=v3 AND a6=v1 AND a5=v3 - Does not match (a4=v3, a2=v2, a6=v1, a5=v3)

None of the rules match the query.

ANSWER: None"
exp2_f091_N2,2,N2,R5,a5=v3 AND a6=v1 AND a2=v2 AND a4=v3,True,,,"Let's analyze the rules against the query:

*   **R1:** a1=v3 AND a4=v2 - Does not match (a1=v1, a4=v3)
*   **R2:** a5=v3 AND a6=v1 AND a2=v2 AND a4=v2 - Does not match (a5=v3, a6=v1, a2=v2, a4=v3)
*   **R3:** a4=v2 AND a3=v3 AND a2=v2 AND a5=v3 - Does not match (a4=v3, a3=v1, a2=v2, a5=v3)
*   **R4:** a2=v1 AND a5=v1 AND a4=v3 - Does not match (a2=v2, a5=v3, a4=v3)
*   **R5:** a5=v3 AND a6=v1 AND a2=v2 AND a4=v3 - Does not match (a5=v3, a6=v1, a2=v2, a4=v3)
*   **R6:** a1=v3 AND a3=v3 AND a5=v3 AND a2=v2 - Does not match (a1=v1, a3=v1, a5=v3, a2=v2)
*   **R7:** a4=v2 AND a5=v1 AND a3=v1 AND a1=v1 - Does not match (a4=v3, a5=v3, a3=v1, a1=v1)
*   **R8:** a5=v2 AND a1=v3 AND a2=v2 AND a3=v1 - Does not match (a5=v3, a1=v1, a2=v2, a3=v1)
*   **R9:** a2=v1 AND a5=v2 AND a1=v1 AND a4=v3 - Does not match (a2=v2, a5=v3, a1=v1, a4=v3)
*   **R10:** a5=v3 AND a6=v2 AND a2=v2 AND a4=v3 - Does not match (a5=v3, a6=v1, a2=v2, a4=v3)

None of the rules match the query.

ANSWER: None"
exp2_f091_N4,2,N4,R5,a5=v3 AND a6=v1 AND a2=v2 AND a4=v3,True,,,"Let's evaluate each rule against the query:

*   **R1:** a1=v3 AND a4=v2.  This fails because a1=v1 and a4=v3.
*   **R2:** a5=v3 AND a6=v1 AND a2=v2 AND a4=v2. This fails because a2=v2 but a4=v3.
*   **R3:** a4=v2 AND a3=v3 AND a2=v2 AND a5=v3. This fails because a4=v3 and a3=v1.
*   **R4:** a2=v1 AND a5=v1 AND a4=v3. This fails because a2=v2 and a5=v3.
*   **R5:** a5=v3 AND a6=v1 AND a2=v2 AND a4=v3. This fails because a2=v2 and a5=v3.
*   **R6:** a5=v3 AND a6=v1 AND a2=v1 AND a4=v3. This fails because a2=v2.
*   **R7:** a4=v2 AND a5=v1 AND a3=v1 AND a1=v1. This fails because a4=v3 and a2=v2.
*   **R8:** a5=v1 AND a6=v1 AND a2=v2 AND a4=v3. This fails because a2=v2 and a5=v3.
*   **R9:** a2=v1 AND a5=v2 AND a1=v1 AND a4=v3. This fails because a5=v3 and a2=v2.
*   **R10:** a5=v3 AND a6=v2 AND a2=v2 AND a4=v3. This fails because a6=v1 and a2=v2.

None of the rules apply.

ANSWER: None"
exp2_f093_N2,2,N2,R2,a5=v1 AND a6=v3 AND a1=v1 AND a2=v1,True,,,"Let's analyze the rules against the query:

*   **R1:** a2=v2 AND a6=v1 AND a5=v1 AND a4=v1.  This fails because a2=v1 and a6=v3.
*   **R2:** a5=v1 AND a6=v3 AND a1=v1 AND a2=v1. This fails because a6=v3.
*   **R3:** a5=v1 AND a6=v3 AND a1=v2 AND a2=v1. This fails because a1=v1.
*   **R4:** a1=v2 AND a5=v3 AND a6=v3 AND a2=v1. This fails because a1=v1.
*   **R5:** a1=v2 AND a6=v1 AND a3=v3 AND a4=v1. This fails because a1=v1.
*   **R6:** a2=v2 AND a3=v1 AND a1=v1. This fails because a2=v1.
*   **R7:** a5=v1 AND a6=v3 AND a1=v1 AND a2=v2. This fails because a2=v1.
*   **R8:** a1=v2 AND a5=v2. This fails because a1=v1.
*   **R9:** a1=v2 AND a4=v2 AND a5=v1 AND a6=v3. This fails because a1=v1.
*   **R10:** a2=v2 AND a1=v2 AND a4=v1 AND a3=v3. This fails because a2=v1.

None of the rules apply.

ANSWER: None"
exp2_f093_N4,2,N4,R2,a5=v1 AND a6=v3 AND a1=v1 AND a2=v1,True,,,"Let's analyze the rules against the query:

*   **R1:** a5=v1 AND a6=v1 AND a1=v1 AND a2=v1.  This fails because a3 is not v3.
*   **R2:** a5=v1 AND a6=v3 AND a1=v1 AND a2=v1. This fails because a3 is not v3.
*   **R3:** a5=v1 AND a6=v3 AND a1=v2 AND a2=v1. This fails because a1 is not v1.
*   **R4:** a1=v2 AND a5=v3 AND a6=v3 AND a2=v1. This fails because a1 is not v2.
*   **R5:** a1=v2 AND a6=v1 AND a3=v3 AND a4=v1. This fails because a1 is not v2.
*   **R6:** a2=v2 AND a3=v1 AND a1=v1. This fails because a2 is not v2.
*   **R7:** a5=v1 AND a6=v3 AND a1=v1 AND a2=v2. This fails because a2 is not v1.
*   **R8:** a1=v2 AND a5=v2. This fails because a1 is not v2.
*   **R9:** a1=v2 AND a4=v2 AND a5=v1 AND a6=v3. This fails because a1 is not v2.
*   **R10:** a5=v3 AND a6=v3 AND a1=v1 AND a2=v1. This fails because a5 is not v3.

None of the rules apply.

ANSWER: None"
exp2_f094_N0,2,N0,R7,a2=v3 AND a3=v1 AND a6=v3 AND a5=v1,True,,,"Let's analyze the rules against the query:

*   **R1:** a6=v1 AND a1=v2 AND a4=v3 AND a2=v3.  This fails because a6=v3, a1=v1, a4=v3, and a2=v3.
*   **R2:** a2=v1 AND a5=v3 AND a6=v3 AND a4=v3. This fails because a2=v3, a5=v1, a6=v3, and a4=v3.
*   **R3:** a6=v2 AND a2=v1 AND a1=v1. This fails because a6=v3, a2=v3, and a1=v1.
*   **R4:** a3=v3 AND a6=v2 AND a1=v1 AND a4=v3. This fails because a3=v1, a6=v3, a1=v1, and a4=v3.
*   **R5:** a2=v2 AND a4=v1. This fails because a2=v3 and a4=v3.
*   **R6:** a4=v2 AND a1=v3 AND a2=v3 AND a6=v3. This fails because a4=v3, a1=v1, a2=v3, and a6=v3.
*   **R7:** a2=v3 AND a3=v1 AND a6=v3 AND a5=v1. This fails because a2=v3, a3=v1, a6=v3, and a5=v1.
*   **R8:** a2=v2 AND a5=v2 AND a4=v3 AND a6=v3. This fails because a2=v3, a5=v1, a4=v3, and a6=v3.
*   **R9:** a1=v2 AND a4=v2 AND a6=v3 AND a3=v1. This fails because a1=v1, a4=v3, a6=v3, and a3=v1.
*   **R10:** a1=v3 AND a4=v2 AND a3=v1 AND a2=v3. This fails because a1=v1, a4=v3, a3=v1, and a2=v3.

None of the rules apply.

ANSWER: None"
exp2_f094_N1,2,N1,R7,a2=v3 AND a3=v1 AND a6=v3 AND a5=v1,True,,,"Let's analyze the rules against the query:

*   **R1:** a6=v1 AND a1=v2 AND a4=v3 AND a2=v3.  This fails because a6=v3, a1=v1, a4=v3, and a2=v3.
*   **R2:** a2=v1 AND a5=v3 AND a6=v3 AND a4=v3. This fails because a2=v3, a5=v1, a6=v3, and a4=v3.
*   **R3:** a6=v2 AND a2=v1 AND a1=v1. This fails because a6=v3, a2=v3, and a1=v1.
*   **R4:** a3=v3 AND a6=v2 AND a1=v1 AND a4=v3. This fails because a3=v1, a6=v3, a1=v1, and a4=v3.
*   **R5:** a2=v2 AND a4=v1. This fails because a2=v3 and a4=v3.
*   **R6:** a2=v3 AND a3=v2 AND a6=v3 AND a5=v1. This fails because a2=v3, a3=v1, a6=v3, and a5=v1.
*   **R7:** a2=v3 AND a3=v1 AND a6=v3 AND a5=v1. This fails because a2=v3, a3=v1, a6=v3, and a5=v1.
*   **R8:** a2=v2 AND a5=v2 AND a4=v3 AND a6=v3. This fails because a2=v3, a5=v1, a4=v3, and a6=v3.
*   **R9:** a1=v2 AND a4=v2 AND a6=v3 AND a3=v1. This fails because a1=v1, a4=v3, a6=v3, and a3=v1.
*   **R10:** a1=v3 AND a4=v2 AND a3=v1 AND a2=v3. This fails because a1=v1, a4=v3, a3=v1, and a2=v3.

None of the rules apply.

ANSWER: None"
exp2_f094_N2,2,N2,R7,a2=v3 AND a3=v1 AND a6=v3 AND a5=v1,True,,,"Let's evaluate the rules against the query:

*   **R1:** a6=v1 AND a1=v2 AND a4=v3 AND a2=v3.  This fails because a6=v3, a1=v1, a4=v3, and a2=v3.
*   **R2:** a2=v1 AND a3=v1 AND a6=v3 AND a5=v1. This fails because a2=v3, a3=v1, a6=v3, and a5=v1.
*   **R3:** a6=v2 AND a2=v1 AND a1=v1. This fails because a6=v3, a2=v3, and a1=v1.
*   **R4:** a3=v3 AND a6=v2 AND a1=v1 AND a4=v3. This fails because a3=v1, a6=v3, a1=v1, and a4=v3.
*   **R5:** a2=v2 AND a4=v1. This fails because a2=v3 and a4=v3.
*   **R6:** a2=v3 AND a3=v2 AND a6=v3 AND a5=v1. This fails because a2=v3, a3=v1, a6=v3, and a5=v1.
*   **R7:** a2=v3 AND a3=v1 AND a6=v3 AND a5=v1. This fails because a2=v3, a3=v1, a6=v3, and a5=v1.
*   **R8:** a2=v2 AND a5=v2 AND a4=v3 AND a6=v3. This fails because a2=v3, a5=v1, a4=v3, and a6=v3.
*   **R9:** a1=v2 AND a4=v2 AND a6=v3 AND a3=v1. This fails because a1=v1, a4=v3, a6=v3, and a3=v1.
*   **R10:** a1=v3 AND a4=v2 AND a3=v1 AND a2=v3. This fails because a1=v1, a4=v3, a3=v1, and a2=v3.

None of the rules apply.

ANSWER: None"
exp2_f094_N4,2,N4,R7,a2=v3 AND a3=v1 AND a6=v3 AND a5=v1,True,,,"Let's evaluate each rule against the query:

*   **R1:** a6=v1 AND a1=v2 AND a4=v3 AND a2=v3.  This fails because a6=v3, a1=v1, a4=v3, and a2=v3.
*   **R2:** a2=v1 AND a3=v1 AND a6=v3 AND a5=v1. This fails because a2=v3, a3=v1, a6=v3, and a5=v1.
*   **R3:** a6=v2 AND a2=v1 AND a1=v1. This fails because a6=v3, a2=v3, and a1=v1.
*   **R4:** a2=v3 AND a3=v1 AND a6=v1 AND a5=v1. This fails because a2=v3, a3=v1, a6=v3, and a5=v1.
*   **R5:** a2=v2 AND a4=v1. This fails because a2=v3 and a4=v3.
*   **R6:** a2=v3 AND a3=v2 AND a6=v3 AND a5=v1. This fails because a2=v3, a3=v1, a6=v3, and a5=v1.
*   **R7:** a2=v3 AND a3=v1 AND a6=v3 AND a5=v1. This fails because a2=v3, a3=v1, a6=v3, and a5=v1.
*   **R8:** a2=v2 AND a5=v2 AND a4=v3 AND a6=v3. This fails because a2=v3, a5=v1, a4=v3, and a6=v3.
*   **R9:** a2=v3 AND a3=v1 AND a6=v3 AND a5=v3. This fails because a2=v3, a3=v1, a6=v3, and a5=v1.
*   **R10:** a1=v3 AND a4=v2 AND a3=v1 AND a2=v3. This fails because a1=v1, a4=v3, a3=v1, and a2=v3.

None of the rules apply.

ANSWER: None"
exp2_f095_N0,2,N0,R4,a4=v2 AND a6=v3 AND a3=v2 AND a1=v3,True,,,"Let's analyze the rules against the query:

*   **R1:** a4=v3 AND a6=v2 AND a3=v2 AND a2=v2 - Does not match (a4=v2, a6=v3, a3=v2, a2=v2)
*   **R2:** a4=v3 AND a1=v1 AND a2=v2 AND a6=v3 - Does not match (a4=v2, a1=v3, a2=v2, a6=v3)
*   **R3:** a5=v2 AND a6=v1 AND a1=v3 AND a4=v2 - Does not match (a5=v3, a6=v3, a1=v3, a4=v2)
*   **R4:** a4=v2 AND a6=v3 AND a3=v2 AND a1=v3 - Does not match (a4=v2, a6=v3, a3=v2, a1=v3)
*   **R5:** a6=v1 AND a2=v1 AND a1=v3 AND a4=v2 - Does not match (a6=v3, a2=v2, a1=v3, a4=v2)
*   **R6:** a2=v3 AND a3=v3 AND a4=v2 AND a6=v3 - Does not match (a2=v2, a3=v2, a4=v2, a6=v3)
*   **R7:** a3=v3 AND a5=v2 AND a1=v3 AND a4=v2 - Does not match (a3=v2, a5=v3, a1=v3, a4=v2)
*   **R8:** a1=v2 AND a6=v1 AND a2=v2 AND a3=v2 - Does not match (a1=v3, a6=v3, a2=v2, a3=v2)
*   **R9:** a6=v1 AND a4=v3 AND a5=v3 - Does not match (a6=v3, a4=v2, a5=v3)
*   **R10:** a4=v1 AND a6=v2 - Does not match (a4=v2, a6=v3)

None of the rules match the query.

ANSWER: None"
exp2_f095_N1,2,N1,R4,a4=v2 AND a6=v3 AND a3=v2 AND a1=v3,True,,,"Let's analyze the rules against the query:

*   **R1:** a4=v3 AND a6=v2 AND a3=v2 AND a2=v2 - Does not match (a4=v2, a6=v3, a3=v2, a2=v2)
*   **R2:** a4=v3 AND a1=v1 AND a2=v2 AND a6=v3 - Does not match (a4=v2, a1=v3, a2=v2, a6=v3)
*   **R3:** a5=v2 AND a6=v1 AND a1=v3 AND a4=v2 - Does not match (a5=v3, a6=v3, a1=v3, a4=v2)
*   **R4:** a4=v2 AND a6=v3 AND a3=v2 AND a1=v3 - Does not match (a4=v2, a6=v3, a3=v2, a1=v3)
*   **R5:** a4=v2 AND a6=v3 AND a3=v1 AND a1=v3 - Does not match (a4=v2, a6=v3, a3=v2, a1=v3)
*   **R6:** a2=v3 AND a3=v3 AND a4=v2 AND a6=v3 - Does not match (a2=v2, a3=v2, a4=v2, a6=v3)
*   **R7:** a3=v3 AND a5=v2 AND a1=v3 AND a4=v2 - Does not match (a3=v2, a5=v3, a1=v3, a4=v2)
*   **R8:** a1=v2 AND a6=v1 AND a2=v2 AND a3=v2 - Does not match (a1=v3, a6=v3, a2=v2, a3=v2)
*   **R9:** a6=v1 AND a4=v3 AND a5=v3 - Does not match (a6=v3, a4=v2, a5=v3)
*   **R10:** a4=v1 AND a6=v2 - Does not match (a4=v2, a6=v3)

None of the rules match the query.

ANSWER: None"
exp2_f095_N2,2,N2,R4,a4=v2 AND a6=v3 AND a3=v2 AND a1=v3,True,,,"Let's analyze the rules against the query:

*   **R1:** a4=v3 AND a6=v2 AND a3=v2 AND a2=v2 - Does not match (a4=v2, a6=v3, a3=v2, a2=v2)
*   **R2:** a4=v3 AND a6=v3 AND a3=v2 AND a1=v3 - Does not match (a4=v2, a6=v3, a3=v2, a1=v3)
*   **R3:** a5=v2 AND a6=v1 AND a1=v3 AND a4=v2 - Does not match (a5=v3, a6=v3, a1=v3, a4=v2)
*   **R4:** a4=v2 AND a6=v3 AND a3=v2 AND a1=v3 - Does not match (a4=v2, a6=v3, a3=v2, a1=v3)
*   **R5:** a4=v2 AND a6=v3 AND a3=v1 AND a1=v3 - Does not match (a4=v2, a6=v3, a3=v2, a1=v3)
*   **R6:** a2=v3 AND a3=v3 AND a4=v2 AND a6=v3 - Does not match (a2=v2, a3=v2, a4=v2, a6=v3)
*   **R7:** a3=v3 AND a5=v2 AND a1=v3 AND a4=v2 - Does not match (a3=v2, a5=v3, a1=v3, a4=v2)
*   **R8:** a1=v2 AND a6=v1 AND a2=v2 AND a3=v2 - Does not match (a1=v3, a6=v3, a2=v2, a3=v2)
*   **R9:** a6=v1 AND a4=v3 AND a5=v3 - Does not match (a6=v3, a4=v2, a5=v3)
*   **R10:** a4=v1 AND a6=v2 - Does not match (a4=v2, a6=v3)

None of the rules match the query.

ANSWER: None"
exp2_f095_N4,2,N4,R4,a4=v2 AND a6=v3 AND a3=v2 AND a1=v3,True,,,"Let's analyze the rules against the query:

*   **R1:** a4=v3 AND a6=v2 AND a3=v2 AND a2=v2 - Does not match (a4=v2, a6=v3, a3=v2, a2=v2)
*   **R2:** a4=v3 AND a6=v3 AND a3=v2 AND a1=v3 - Does not match (a4=v2, a6=v3, a3=v2, a1=v3)
*   **R3:** a5=v2 AND a6=v1 AND a1=v3 AND a4=v2 - Does not match (a5=v3, a6=v3, a1=v3, a4=v2)
*   **R4:** a4=v2 AND a6=v3 AND a3=v2 AND a1=v3 - Does not match (a4=v2, a6=v3, a3=v2, a1=v3)
*   **R5:** a4=v2 AND a6=v3 AND a3=v1 AND a1=v3 - Does not match (a4=v2, a6=v3, a3=v2, a1=v3)
*   **R6:** a4=v2 AND a6=v3 AND a3=v2 AND a1=v2 - Does not match (a4=v2, a6=v3, a3=v2, a1=v3)
*   **R7:** a4=v2 AND a6=v1 AND a3=v2 AND a1=v3 - Does not match (a4=v2, a6=v3, a3=v2, a1=v3)
*   **R8:** a1=v2 AND a6=v1 AND a2=v2 AND a3=v2 - Does not match (a1=v3, a6=v3, a2=v2, a3=v2)
*   **R9:** a6=v1 AND a4=v3 AND a5=v3 - Does not match (a6=v3, a4=v2, a5=v3)
*   **R10:** a4=v1 AND a6=v2 - Does not match (a4=v2, a6=v3)

None of the rules match the query.

ANSWER: None"
exp2_f096_N0,2,N0,R5,a3=v2 AND a6=v2 AND a1=v2 AND a4=v3,True,,,"Let's analyze the rules against the query:

*   **R1:** a2=v2 AND a1=v3 AND a3=v2 AND a5=v3.  This fails because a2=v3 and a1=v2.
*   **R2:** a4=v2 AND a5=v1. This fails because a4=v3 and a5=v3.
*   **R3:** a5=v2 AND a3=v1 AND a6=v2. This fails because a5=v3 and a3=v2.
*   **R4:** a5=v1 AND a6=v3 AND a4=v3 AND a2=v3. This fails because a5=v3 and a6=v2.
*   **R5:** a3=v2 AND a6=v2 AND a1=v2 AND a4=v3. This fails because a4=v3.
*   **R6:** a5=v2 AND a1=v3 AND a3=v2 AND a2=v3. This fails because a5=v3 and a2=v3.
*   **R7:** a3=v1 AND a1=v3 AND a2=v3 AND a5=v3. This fails because a3=v2.
*   **R8:** a5=v1 AND a1=v3 AND a6=v2 AND a2=v3. This fails because a5=v3 and a2=v3.
*   **R9:** a4=v2 AND a1=v3 AND a6=v2 AND a2=v3. This fails because a4=v3 and a2=v3.
*   **R10:** a5=v1 AND a1=v3 AND a4=v3 AND a6=v2. This fails because a5=v3.

Since none of the rules apply, we return an empty string.

ANSWER: 
"
exp2_f096_N1,2,N1,R5,a3=v2 AND a6=v2 AND a1=v2 AND a4=v3,True,,,"Let's analyze the rules against the query:

*   **R1:** a2=v2 AND a1=v3 AND a3=v2 AND a5=v3.  This fails because a2=v3 and a1=v2.
*   **R2:** a4=v2 AND a5=v1. This fails because a4=v3 and a5=v3.
*   **R3:** a5=v2 AND a3=v1 AND a6=v2. This fails because a5=v3 and a3=v2.
*   **R4:** a5=v1 AND a6=v3 AND a4=v3 AND a2=v3. This fails because a5=v3, a6=v2, a4=v3 and a2=v3.
*   **R5:** a3=v2 AND a6=v2 AND a1=v2 AND a4=v3. This fails because a4=v3.
*   **R6:** a5=v2 AND a1=v3 AND a3=v2 AND a2=v3. This fails because a5=v3 and a1=v2.
*   **R7:** a3=v1 AND a1=v3 AND a2=v3 AND a5=v3. This fails because a3=v2.
*   **R8:** a5=v1 AND a1=v3 AND a6=v2 AND a2=v3. This fails because a5=v3 and a1=v2.
*   **R9:** a3=v2 AND a6=v2 AND a1=v2 AND a4=v2. This fails because a4=v3.
*   **R10:** a5=v1 AND a1=v3 AND a4=v3 AND a6=v2. This fails because a5=v3.

None of the rules apply.

ANSWER: None"
exp2_f096_N2,2,N2,R5,a3=v2 AND a6=v2 AND a1=v2 AND a4=v3,True,,,"Let's analyze the rules against the query:

*   **R1:** a2=v2 AND a1=v3 AND a3=v2 AND a5=v3.  This fails because a2=v3 and a1=v2.
*   **R2:** a4=v2 AND a5=v1. This fails because a4=v3 and a5=v3.
*   **R3:** a5=v2 AND a3=v1 AND a6=v2. This fails because a5=v3 and a3=v2.
*   **R4:** a5=v1 AND a6=v3 AND a4=v3 AND a2=v3. This fails because a5=v3 and a6=v2.
*   **R5:** a3=v2 AND a6=v2 AND a1=v2 AND a4=v3. This fails because a4=v3.
*   **R6:** a5=v2 AND a1=v3 AND a3=v2 AND a2=v3. This fails because a5=v3 and a2=v3.
*   **R7:** a3=v2 AND a6=v1 AND a1=v2 AND a4=v3. This fails because a6=v2.
*   **R8:** a5=v1 AND a1=v3 AND a6=v2 AND a2=v3. This fails because a5=v3 and a2=v3.
*   **R9:** a3=v2 AND a6=v2 AND a1=v2 AND a4=v2. This fails because a4=v3.
*   **R10:** a5=v1 AND a1=v3 AND a4=v3 AND a6=v2. This fails because a5=v3.

None of the rules apply.

ANSWER: None"
exp2_f097_N0,2,N0,R2,a1=v1 AND a5=v3 AND a3=v3 AND a2=v3,True,,,"Let's analyze the rules against the query:

*   **R1:** a5=v2 AND a3=v1 AND a4=v1 AND a6=v3.  This fails because a5=v3, a3=v3, and a6=v3.
*   **R2:** a1=v1 AND a5=v3 AND a3=v3 AND a2=v3. This fails because a1=v1, a2=v3, a3=v3, and a5=v3. However, a2=v3 is true, but the other conditions are not.
*   **R3:** a4=v3 AND a6=v1 AND a3=v3 AND a5=v3. This fails because a4=v1, a6=v3, a3=v3, and a5=v3.
*   **R4:** a5=v1 AND a2=v1 AND a3=v3 AND a6=v3. This fails because a5=v3, a2=v3, a3=v3, and a6=v3.
*   **R5:** a2=v2 AND a3=v1 AND a4=v1 AND a6=v3. This fails because a2=v3, a3=v3, a4=v1, and a6=v3.
*   **R6:** a3=v1 AND a5=v2. This fails because a3=v3 and a5=v3.
*   **R7:** a2=v1 AND a1=v2 AND a6=v3. This fails because a2=v3, a1=v1, and a6=v3.
*   **R8:** a6=v2 AND a2=v1 AND a4=v1 AND a5=v3. This fails because a6=v3, a2=v3, a4=v1, and a5=v3.
*   **R9:** a6=v2 AND a4=v2 AND a3=v3 AND a5=v3. This fails because a6=v3, a4=v1, a3=v3, and a5=v3.
*   **R10:** a1=v3 AND a5=v1 AND a2=v3 AND a3=v3. This fails because a1=v1, a5=v3, a2=v3, and a3=v3.

None of the rules apply.

ANSWER: None"
exp2_f097_N1,2,N1,R2,a1=v1 AND a5=v3 AND a3=v3 AND a2=v3,True,,,"Let's analyze the rules against the query:

*   **R1:** a1=v1 AND a5=v3 AND a3=v3 AND a2=v1.  This matches: a1=v1, a2=v3, a3=v3, a4=v1, a5=v3, a6=v3.  However, a2=v1 is false.  So R1 does not apply.
*   **R2:** a1=v1 AND a5=v3 AND a3=v3 AND a2=v3. This matches: a1=v1, a2=v3, a3=v3, a4=v1, a5=v3, a6=v3. However, a2=v3 is false. So R2 does not apply.
*   **R3:** a4=v3 AND a6=v1 AND a3=v3 AND a5=v3. This matches: a1=v1, a2=v3, a3=v3, a4=v1, a5=v3, a6=v3. However, a4=v3 is false. So R3 does not apply.
*   **R4:** a5=v1 AND a2=v1 AND a3=v3 AND a6=v3. This matches: a1=v1, a2=v3, a3=v3, a4=v1, a5=v1, a6=v3. However, a2=v1 is false. So R4 does not apply.
*   **R5:** a2=v2 AND a3=v1 AND a4=v1 AND a6=v3. This does not match because a2=v3. So R5 does not apply.
*   **R6:** a3=v1 AND a5=v2. This does not match because a3=v3 and a5=v3. So R6 does not apply.
*   **R7:** a2=v1 AND a1=v2 AND a6=v3. This does not match because a2=v3 and a1=v1. So R7 does not apply.
*   **R8:** a6=v2 AND a2=v1 AND a4=v1 AND a5=v3. This does not match because a6=v3 and a2=v3. So R8 does not apply.
*   **R9:** a6=v2 AND a4=v2 AND a3=v3 AND a5=v3. This does not match because a6=v3 and a4=v1. So R9 does not apply.
*   **R10:** a1=v3 AND a5=v1 AND a2=v3 AND a3=v3. This does not match because a1=v1. So R10 does not apply.

Since none of the rules apply, we return an empty string.

ANSWER: 
"
exp2_f098_N1,2,N1,R9,a3=v2 AND a5=v1 AND a2=v1 AND a6=v2,True,,,"Let's analyze the rules against the query:

*   **R1:** a5=v3 AND a3=v3 AND a1=v1 AND a2=v1 - Does not match (a5=v1, a3=v2, a1=v1, a2=v1)
*   **R2:** a3=v1 AND a5=v3 AND a4=v1 AND a6=v2 - Does not match (a3=v2, a5=v1, a4=v1, a6=v2)
*   **R3:** a4=v2 AND a1=v3 AND a2=v1 AND a3=v2 - Does not match (a4=v1, a1=v1, a2=v1, a3=v2)
*   **R4:** a6=v1 AND a2=v3 AND a5=v1 AND a1=v1 - Does not match (a6=v2, a2=v1, a5=v1, a1=v1)
*   **R5:** a3=v2 AND a5=v1 AND a2=v1 AND a6=v1 - Does not match (a3=v2, a5=v1, a2=v1, a6=v2)
*   **R6:** a4=v2 AND a6=v3 AND a3=v2 AND a5=v1 - Does not match (a4=v1, a6=v2, a3=v2, a5=v1)
*   **R7:** a2=v2 AND a6=v3 AND a1=v1 AND a4=v1 - Does not match (a2=v1, a6=v2, a1=v1, a4=v1)
*   **R8:** a6=v3 AND a2=v2 - Does not match (a6=v2, a2=v1)
*   **R9:** a3=v2 AND a5=v1 AND a2=v1 AND a6=v2 - Does not match (a3=v2, a5=v1, a2=v1, a6=v2)
*   **R10:** a3=v3 AND a4=v2 AND a6=v2 - Does not match (a3=v2, a4=v1, a6=v2)

None of the rules match the query.

ANSWER: None"
exp2_f099_N2,2,N2,R3,a5=v3 AND a2=v3 AND a4=v2 AND a6=v1,True,,,"Let's analyze the rules against the query:

*   **R1:** a3=v1 AND a4=v1 AND a6=v1 AND a2=v3.  This fails because a3=v3, a4=v2, and a6=v1.
*   **R2:** a5=v3 AND a2=v2 AND a4=v2 AND a6=v1. This fails because a2=v3, a5=v3, and a6=v1.
*   **R3:** a5=v3 AND a2=v3 AND a4=v2 AND a6=v1. This fails because a2=v3, a5=v3, and a6=v1.
*   **R4:** a4=v1 AND a6=v3. This fails because a4=v2 and a6=v1.
*   **R5:** a2=v2 AND a6=v3 AND a5=v3 AND a3=v3. This fails because a2=v3, a6=v1, a5=v3, and a3=v3.
*   **R6:** a3=v2 AND a4=v1 AND a1=v2 AND a5=v3. This fails because a3=v3, a4=v2, a1=v2, and a5=v3.
*   **R7:** a2=v2 AND a5=v1 AND a3=v3. This fails because a2=v3, a5=v3, and a3=v3.
*   **R8:** a6=v2 AND a2=v1 AND a4=v2 AND a3=v3. This fails because a6=v1, a2=v3, a4=v2, and a3=v3.
*   **R9:** a4=v1 AND a2=v1 AND a3=v3 AND a5=v3. This fails because a4=v2, a2=v3, a3=v3, and a5=v3.
*   **R10:** a5=v3 AND a2=v3 AND a4=v3 AND a6=v1. This fails because a5=v3, a2=v3, a4=v2, and a6=v1.

None of the rules apply.

ANSWER: None"
exp2_f100_N0,2,N0,R9,a4=v3 AND a2=v3 AND a3=v3 AND a6=v1,True,,,"Let's analyze the rules against the query:

*   **R1:** a2=v2 AND a4=v2 AND a6=v1 AND a1=v3.  This fails because a2=v3, a4=v3, a6=v1, and a1=v3.
*   **R2:** a1=v2 AND a6=v3 AND a4=v3 AND a5=v1. This fails because a1=v3, a6=v1, a4=v3, and a5=v1.
*   **R3:** a2=v1 AND a5=v3 AND a6=v1 AND a4=v3. This fails because a2=v3, a5=v1, a6=v1, and a4=v3.
*   **R4:** a2=v2 AND a5=v3 AND a4=v3 AND a1=v3. This fails because a2=v3, a5=v1, a4=v3, and a1=v3.
*   **R5:** a3=v1 AND a6=v3 AND a4=v3 AND a2=v3. This fails because a3=v3, a6=v1, a4=v3, and a2=v3.
*   **R6:** a3=v2 AND a2=v2 AND a1=v3 AND a4=v3. This fails because a3=v3, a2=v3, a1=v3, and a4=v3.
*   **R7:** a6=v2 AND a4=v1 AND a1=v3 AND a5=v1. This fails because a6=v1, a4=v3, a1=v3, and a5=v1.
*   **R8:** a6=v2 AND a5=v2 AND a3=v3. This fails because a6=v1, a5=v1, and a3=v3.
*   **R9:** a4=v3 AND a2=v3 AND a3=v3 AND a6=v1. This fails because a4=v3, a2=v3, a3=v3, and a6=v1.
*   **R10:** a6=v3 AND a2=v2. This fails because a6=v1 and a2=v3.

None of the rules apply.

ANSWER: None"
exp2_f100_N1,2,N1,R9,a4=v3 AND a2=v3 AND a3=v3 AND a6=v1,True,,,"Let's analyze the rules against the query:

*   **R1:** a2=v2 AND a4=v2 AND a6=v1 AND a1=v3.  This fails because a2=v3, a4=v3, a6=v1, and a1=v3.
*   **R2:** a1=v2 AND a6=v3 AND a4=v3 AND a5=v1. This fails because a1=v3, a6=v1, a4=v3, and a5=v1.
*   **R3:** a2=v1 AND a5=v3 AND a6=v1 AND a4=v3. This fails because a2=v3, a5=v1, a6=v1, and a4=v3.
*   **R4:** a2=v2 AND a5=v3 AND a4=v3 AND a1=v3. This fails because a2=v3, a5=v1, a4=v3, and a1=v3.
*   **R5:** a3=v1 AND a6=v3 AND a4=v3 AND a2=v3. This fails because a3=v3, a6=v1, a4=v3, and a2=v3.
*   **R6:** a4=v3 AND a2=v1 AND a3=v3 AND a6=v1. This fails because a4=v3, a2=v3, a3=v3, and a6=v1.
*   **R7:** a6=v2 AND a4=v1 AND a1=v3 AND a5=v1. This fails because a6=v1, a4=v3, a1=v3, and a5=v1.
*   **R8:** a6=v2 AND a5=v2 AND a3=v3. This fails because a6=v1, a5=v1, and a3=v3.
*   **R9:** a4=v3 AND a2=v3 AND a3=v3 AND a6=v1. This fails because a4=v3, a2=v3, a3=v3, and a6=v1.
*   **R10:** a6=v3 AND a2=v2. This fails because a6=v1 and a2=v3.

None of the rules apply.

ANSWER: None"
exp2_f100_N2,2,N2,R9,a4=v3 AND a2=v3 AND a3=v3 AND a6=v1,True,,,"Let's analyze the rules against the query:

*   **R1:** a2=v2 AND a4=v2 AND a6=v1 AND a1=v3.  This fails because a2=v3, a4=v3, a6=v1, and a1=v3.
*   **R2:** a1=v2 AND a6=v3 AND a4=v3 AND a5=v1. This fails because a1=v3, a6=v1, a4=v3, and a5=v1.
*   **R3:** a2=v1 AND a5=v3 AND a6=v1 AND a4=v3. This fails because a2=v3, a5=v1, a6=v1, and a4=v3.
*   **R4:** a2=v2 AND a5=v3 AND a4=v3 AND a1=v3. This fails because a2=v3, a5=v1, a4=v3, and a1=v3.
*   **R5:** a3=v1 AND a6=v3 AND a4=v3 AND a2=v3. This fails because a3=v3, a6=v1, a4=v3, and a2=v3.
*   **R6:** a4=v3 AND a2=v1 AND a3=v3 AND a6=v1. This fails because a4=v3, a2=v3, a3=v3, and a6=v1.
*   **R7:** a4=v3 AND a2=v3 AND a3=v3 AND a6=v3. This fails because a4=v3, a2=v3, a3=v3, and a6=v1.
*   **R8:** a6=v2 AND a5=v2 AND a3=v3. This fails because a6=v1, a5=v1, and a3=v3.
*   **R9:** a4=v3 AND a2=v3 AND a3=v3 AND a6=v1. This fails because a4=v3, a2=v3, a3=v3, and a6=v1.
*   **R10:** a6=v3 AND a2=v2. This fails because a6=v1 and a2=v3.

None of the rules apply.

ANSWER: None"
exp2_f100_N4,2,N4,R9,a4=v3 AND a2=v3 AND a3=v3 AND a6=v1,True,,,"Let's analyze the rules against the query:

*   **R1:** a2=v2 AND a4=v2 AND a6=v1 AND a1=v3.  This fails because a2=v3, a4=v3, a6=v1, and a1=v3.
*   **R2:** a1=v2 AND a6=v3 AND a4=v3 AND a5=v1. This fails because a1=v3, a6=v1, a4=v3, and a5=v1.
*   **R3:** a4=v3 AND a2=v3 AND a3=v2 AND a6=v1. This fails because a3=v3.
*   **R4:** a2=v2 AND a5=v3 AND a4=v3 AND a1=v3. This fails because a2=v3, a5=v1, a4=v3, and a1=v3.
*   **R5:** a4=v1 AND a2=v3 AND a3=v3 AND a6=v1. This fails because a4=v3, a2=v3, a3=v3, and a6=v1.
*   **R6:** a4=v3 AND a2=v1 AND a3=v3 AND a6=v1. This fails because a2=v3.
*   **R7:** a4=v3 AND a2=v3 AND a3=v3 AND a6=v3. This fails because a3=v3.
*   **R8:** a6=v2 AND a5=v2 AND a3=v3. This fails because a6=v1, a5=v1, and a3=v3.
*   **R9:** a4=v3 AND a2=v3 AND a3=v3 AND a6=v1. This fails because a4=v3, a2=v3, a3=v3, and a6=v1.
*   **R10:** a6=v3 AND a2=v2. This fails because a6=v1 and a2=v3.

None of the rules apply.

ANSWER: None"
